v0,time_gap,repeat,response_time,min_decel,inv_ttc_at_onset,max_lateral,maneuver,collided,min_clearance
10.0,0.5,0,nan,-0.09844614056975527,nan,0.30204019811596855,none,1,-1.5332089471986734
10.0,0.5,1,0.0,-3.965389248913888,0.0,0.09630381332195716,brake,0,1.2014388180579045
10.0,0.5,2,0.0,-5.384055609550216,0.0,0.11200548330393588,brake,0,0.3719984028897825
10.0,0.5,3,0.20000000000000018,-5.068595964998163,0.0,0.05478708055039394,brake,0,1.3281029330624774
10.0,0.5,4,0.20000000000000018,-5.021349037795529,0.0,0.08207757145996389,brake,0,0.97218949738249
10.0,1.0,0,0.8000000000000003,-7.3382640871121705,0.6777551527100061,0.05637762061711267,brake,1,-0.649911373926348
10.0,1.0,1,1.0,-7.901182770233036,1.057182365784848,0.2101785056068309,brake,1,-0.5800237868685132
10.0,1.0,2,0.0,-5.336965907849957,0.08466191329781611,0.14825318468069534,brake,1,-0.1874668177692529
10.0,1.0,3,0.0,-4.965868777675344,0.06072874379934284,0.12047330048857731,brake,0,0.6380454436881591
10.0,1.0,4,0.20000000000000018,-3.7943350452288684,0.0,0.0820813419298669,brake,0,0.6963870889236317
10.0,1.5,0,0.0,-6.876824108768048,0.07332529020148576,0.1327828454153144,brake,1,-0.01651614661524281
10.0,1.5,1,0.40000000000000036,-6.785464543354147,0.22844150842277924,0.08647158278822455,brake,0,0.455900238401294
10.0,1.5,2,0.8000000000000003,-7.309927022239483,0.594847025801511,3.6513406051161907,both,0,0.902231386288239
10.0,1.5,3,0.20000000000000018,-6.26663496047108,0.06963200681879633,0.09356215920811939,brake,0,1.8582091194470918
10.0,1.5,4,2.8000000000000007,-3.858982722144015,12181.16698937995,3.73227804396906,both,0,1.1044326236579762
10.0,2.0,0,0.40000000000000036,-6.411071013467286,0.20753771978977853,0.120087071818369,brake,0,0.3401491317053269
10.0,2.0,1,0.6000000000000001,-8.0,0.3537921654972053,0.11492335560414241,brake,1,-0.12235094813963077
10.0,2.0,2,0.0,-6.79134589407295,0.1784734937649022,0.1264413530582562,brake,1,-0.07858638765602866
10.0,2.0,3,0.0,-6.066343037375269,0.18021305409404192,0.31591770281957043,brake,0,0.3246593709063914
10.0,2.0,4,0.6000000000000001,-7.897720447224614,0.6231472726445743,0.09865514826977878,brake,1,-0.9919646276462162
10.0,2.5,0,0.20000000000000018,-4.3096991937675515,0.0,0.08044813764741383,brake,0,0.5096809440968029
10.0,2.5,1,0.40000000000000036,-3.347453789696912,0.0,0.0930141712305908,brake,0,2.8912874441366965
10.0,2.5,2,0.0,-5.006340315636433,0.006436788985832328,3.727102322058592,both,0,2.05403077544329
10.0,2.5,3,0.0,-4.549198841283147,0.015465188140777528,0.13760226328017422,brake,0,0.6123549222485805
10.0,2.5,4,0.0,-4.273277862026794,0.0,0.13641034377999972,brake,0,3.9074378959467735
10.0,3.0,0,0.20000000000000018,-4.548464164184201,0.0,0.15180575757933504,brake,0,1.6640600630425793
10.0,3.0,1,0.0,-4.60527987952329,0.0,0.09660129512970962,brake,1,-0.45421576830072485
10.0,3.0,2,0.40000000000000036,-3.14899683545678,0.07784925338050767,0.18008988427612613,brake,0,0.7433324737636253
10.0,3.0,3,0.0,-4.839933311309485,0.0,0.08719741927951573,brake,0,13.721008769373928
10.0,3.0,4,0.0,-4.951308758323058,0.0,0.12795852958400142,brake,0,1.2251098873306416
10.0,3.5,0,1.6,-3.3880208446073667,0.3572717391511161,0.11128428592695123,brake,0,0.12260699521410157
10.0,3.5,1,2.2,-5.5668496410029,0.6200292643038597,0.154559500644172,brake,1,-0.056560884211575235
10.0,3.5,2,0.0,-4.0736319729240655,0.0458174542838431,0.16383716589906935,brake,0,3.917153900446368
10.0,3.5,3,0.0,-3.303330405827668,0.0,0.1338955592057594,brake,0,11.443035013453486
10.0,3.5,4,1.4000000000000004,-3.9213238370220203,0.3097651022743127,0.22686654172079862,brake,1,-0.05328219292485148
15.0,0.5,0,0.20000000000000018,-7.418273869178853,0.21018338304535297,0.4453350595544595,brake,1,-0.2524465320264797
15.0,0.5,1,1.0,-3.3269193355579207,7.917173532103492,3.9659333806842847,both,0,0.9313873668521664
15.0,0.5,2,0.20000000000000018,-5.878431707470078,0.0,0.12445855416826422,brake,1,-1.083403000472626
15.0,0.5,3,0.8000000000000003,-7.258245534567307,2.5014892155748534,0.35785955377501383,brake,1,-0.04636636077578249
15.0,0.5,4,0.40000000000000036,-7.98829071332842,0.9670998339140123,0.08520359013825493,brake,1,-0.6086617649612878
15.0,1.0,0,0.40000000000000036,-7.760547192346231,0.2855384108996575,0.4967603570951312,brake,1,-0.5385905633191586
15.0,1.0,1,0.0,-6.876938452706316,0.0,0.4028432946706611,brake,0,0.6857320041352208
15.0,1.0,2,0.6000000000000001,-7.987571636827081,0.35756403170359086,0.8594027892314131,both,1,-0.9675401304218144
15.0,1.0,3,0.20000000000000018,-7.5548082441025715,0.16863448919204713,0.7020697066422481,both,0,0.7835451245238856
15.0,1.0,4,0.40000000000000036,-6.407130410934771,0.0,0.1805655630017734,brake,1,-0.26116678525629045
15.0,1.5,0,0.8000000000000003,-7.363201427282449,0.37286123140680977,1.2319522260954205,both,1,-0.3805058934688761
15.0,1.5,1,1.4000000000000004,-5.997558521858565,1.065869220896234,3.9297356608408265,both,0,1.4628981603255207
15.0,1.5,2,1.4000000000000004,-7.827128999651734,1.062949056288341,3.2957074889871674,both,0,0.2570437027264314
15.0,1.5,3,0.20000000000000018,-6.697407498788905,0.11745885349273588,0.1962655901645768,brake,1,-0.15696503577397625
15.0,1.5,4,1.2000000000000002,-7.933757836735365,0.8830956091032935,1.0254152996701529,both,1,-0.18473275981652382
15.0,2.0,0,0.0,-5.921230688631589,0.026979337311127297,0.1563411711832454,brake,0,2.7907884467606747
15.0,2.0,1,0.0,-8.0,0.0,3.8195421048155924,both,0,6.702152026659621
15.0,2.0,2,2.2,-7.930143393793221,4.0666583711727755,0.46161654579690864,brake,1,-1.7128223732345402
15.0,2.0,3,0.20000000000000018,-6.79401753044544,0.08459976246216047,0.37154384416960734,brake,0,1.3663105693764974
15.0,2.0,4,0.8000000000000003,-8.0,0.3307532698677127,0.40479976817719227,brake,1,-1.0709574605469472
15.0,2.5,0,0.20000000000000018,-6.252587909517251,0.0,0.2986264176926262,brake,0,1.5842896412428642
15.0,2.5,1,0.0,-5.680564029245343,0.0,0.12326640591858744,brake,0,4.869062379233685
15.0,2.5,2,0.0,-5.857813439759731,0.021781227143134334,0.29090121577419475,brake,0,2.797867884727185
15.0,2.5,3,0.6000000000000001,-6.549228851710663,0.17088279347402868,1.0852690797432132,both,1,-0.05359185745366535
15.0,2.5,4,1.0,-7.832645236346915,0.33931126692344743,1.3672153442867638,both,1,-1.6735370419245768
15.0,3.0,0,0.0,-3.194065262720113,0.0,0.14118946577038838,brake,0,7.180898164369554
15.0,3.0,1,2.4000000000000004,-4.137032393592906,0.7549878830727158,0.6108496605398804,both,1,-1.624399934991722
15.0,3.0,2,0.0,-4.3628039114036845,0.0,0.24387491446693402,brake,0,9.478794400871653
15.0,3.0,3,0.0,-4.9174425754641025,0.0,0.2137961014527988,brake,0,19.77617521793808
15.0,3.0,4,0.0,-5.229031594279964,0.0,0.20571820871722463,brake,0,0.5701970734301396
15.0,3.5,0,0.0,-3.6965989584491155,0.0,0.11069693411308429,brake,0,15.219208358733372
15.0,3.5,1,0.0,-4.25866137384646,0.0,0.2195555338520765,brake,0,0.9810018465427701
15.0,3.5,2,0.20000000000000018,-5.370050033480501,0.025609191380736144,0.20705351725930884,brake,0,4.434564541077424
15.0,3.5,3,1.4000000000000004,-5.701703805127411,0.19539654563356368,0.8467781247808596,both,0,4.047665491032848
15.0,3.5,4,0.8000000000000003,-5.326232682043282,0.09888687597292908,0.4652484509771253,brake,0,4.908461101594173
25.0,0.5,0,0.0,-6.213668182909613,0.07917188219436928,3.810208862816305,both,0,0.15588918894619974
25.0,0.5,1,0.0,-7.85175312009305,0.18659429163143298,3.842727765842042,both,0,1.8622890750677763
25.0,0.5,2,0.0,-7.603965147669948,0.31695627721412367,1.183296628855144,both,1,-0.24619555391585113
25.0,0.5,3,0.20000000000000018,-6.291367768674256,0.0,4.03995038007042,both,0,1.88803178547622
25.0,0.5,4,nan,-5.141203080640643,nan,0.8816257643880894,swerve,1,-1.5519564442583615
25.0,1.0,0,1.4000000000000004,-8.0,0.5506236843480489,1.377021361619924,both,1,-0.6939124460884303
25.0,1.0,1,nan,-0.1,nan,0.5131367053599557,swerve,1,-1.7182742043100496
25.0,1.0,2,0.20000000000000018,-6.616716832614251,0.0,3.7125713648532725,both,0,1.3988962098352398
25.0,1.0,3,0.40000000000000036,-7.004682235774388,0.17572581882280594,3.8345984974751,both,0,1.629622073801796
25.0,1.0,4,0.0,-6.926264326303415,0.07907246567703252,0.5228966505994521,both,1,-1.400820020962897
25.0,1.5,0,nan,-0.6055930993545147,nan,3.909564050645921,swerve,1,-0.26197136085954686
25.0,1.5,1,2.0,-5.1240102999186865,0.36119758748587716,27.95935390841691,both,0,27.26474996408297
25.0,1.5,2,0.40000000000000036,-6.428444235106117,0.15492884906376803,1.370282363829236,both,1,-1.6198466687473685
25.0,1.5,3,0.8000000000000003,-7.573305030933983,0.24927068302164812,1.1988502259906446,both,1,-1.2437933586258056
25.0,1.5,4,0.20000000000000018,-5.492454251115198,0.0,1.0471774486588,both,0,0.6789734340451217
25.0,2.0,0,1.4000000000000004,-6.018596235602418,0.20630325230935792,21.172214263091092,both,0,27.65287081406274
25.0,2.0,1,3.0,-6.688934614240193,0.30853261409562316,35.71626975067839,both,0,36.31623084998701
25.0,2.0,2,0.20000000000000018,-7.268658302080202,0.062190048445768635,3.9421969716024834,both,0,1.3271539840877968
25.0,2.0,3,2.8000000000000007,-4.8083953714162995,0.23545840869536117,24.65288646944956,both,0,45.4375437926024
25.0,2.0,4,0.8000000000000003,-7.638240529671702,0.2678659015615734,1.6041703271789296,both,1,-1.1039289014759293
25.0,2.5,0,0.0,-6.989109790758412,0.0,3.972914320097595,both,0,3.90416244736615
25.0,2.5,1,2.0,-6.121150286543749,0.3739902722118687,18.298320958448436,both,0,31.043126545403982
25.0,2.5,2,2.6000000000000005,-6.3798976156017835,0.6367445629114499,20.978100353234307,both,0,33.49937885329372
25.0,2.5,3,0.40000000000000036,-5.383699573919115,0.08739069912956418,13.048522855012894,both,0,51.10118222507124
25.0,2.5,4,0.20000000000000018,-6.144209429528179,0.0,3.8070211568354146,both,0,8.554770650224203
25.0,3.0,0,0.0,-5.692270355325953,0.0,0.6022671949372433,both,0,14.188953415340752
25.0,3.0,1,0.0,-6.8746433771826,0.016481552167577372,3.678082805052544,both,0,2.2968558611881233
25.0,3.0,2,0.0,-5.294892211085069,0.0,0.4707728427113855,brake,0,8.662786248445958
25.0,3.0,3,1.4000000000000004,-5.022409114920285,0.15874387512605356,17.745543963626954,both,0,53.87741825044492
25.0,3.0,4,1.6,-5.660972039520907,0.262329902479831,16.078112758910354,both,0,54.11011431117747
25.0,3.5,0,3.6000000000000005,-7.0153741227659845,0.6975776658205537,22.232777333125668,both,0,9.46371011774885
25.0,3.5,1,2.2,-7.83160477620976,0.2382452230241644,4.46034378558536,both,1,-1.6403678190859812
25.0,3.5,2,0.0,-4.872487721855965,0.014875053265790033,4.725886557265592,both,0,0.312969221001242
25.0,3.5,3,0.0,-3.82111915034252,0.0,0.795865370621415,both,1,-0.11702111658162284
25.0,3.5,4,0.0,-5.664139164549327,0.0,0.5504337449908773,both,0,15.905835706632008
35.0,0.5,0,0.0,-7.395190514322062,0.05908214941147475,2.3727278430385024,both,1,-0.3010399957779386
35.0,0.5,1,0.6000000000000001,-5.662808304833678,0.30307389791764056,24.424465809409508,both,0,13.91411196949365
35.0,0.5,2,3.8000000000000007,-5.289919222214615,0.24946765187435888,52.9270344211244,both,1,-0.14460562461787863
35.0,0.5,3,0.0,-7.049557421209607,0.022030862756247466,3.813534284691388,both,0,0.0875815422809525
35.0,0.5,4,0.0,-4.5654353046684335,0.0,3.9918581442391288,both,1,-1.0569675390763456
35.0,1.0,0,0.40000000000000036,-5.975545578177553,0.0,2.095598061555028,both,1,-0.030322840182659405
35.0,1.0,1,0.20000000000000018,-7.897731056744708,0.0,1.1613416876992966,both,1,-1.0507330675571724
35.0,1.0,2,0.40000000000000036,-6.623192341795398,0.16389134206934258,3.8430226210347653,both,1,-0.6308565205559418
35.0,1.0,3,0.20000000000000018,-6.762116610998749,0.12430005369360844,3.4447122327236483,both,1,-0.9248663777634182
35.0,1.0,4,0.0,-7.859498061873113,0.11962470317659676,4.250003009914755,both,0,0.9316810321765352
35.0,1.5,0,1.4000000000000004,-6.759673879882856,0.14288934869909986,39.36822726129994,both,0,48.12583638448437
35.0,1.5,1,0.20000000000000018,-5.561148824399891,0.0,19.34194331660106,both,0,52.504309096944354
35.0,1.5,2,0.40000000000000036,-6.643347573177029,0.12627719004890467,3.9288481939111217,both,0,1.0167494147587612
35.0,1.5,3,0.40000000000000036,-8.0,0.11217914852842675,3.76322154972004,both,0,1.696770310022474
35.0,1.5,4,4.2,-3.4173624669419276,0.4413102621950841,24.167064675317135,both,0,29.496454748511287
35.0,2.0,0,1.8000000000000003,-7.366165687706716,0.3477007604932883,34.00534272105355,both,0,38.46302369863217
35.0,2.0,1,0.20000000000000018,-5.922574054828972,0.0619732607494161,29.97483372224825,both,0,41.38976938241258
35.0,2.0,2,2.6000000000000005,-5.601691667675764,0.16837339787317732,27.71465170501916,both,0,66.00845134308192
35.0,2.0,3,0.0,-7.973047802944603,0.01671389702582174,3.8542641194917904,both,0,1.70108988588513
35.0,2.0,4,0.0,-8.0,0.0,24.977291832342814,both,0,66.99110242854819
35.0,2.5,0,5.0,-5.998940672193308,0.3307044182562825,21.78321937582129,both,0,56.22889575353669
35.0,2.5,1,7.0,-3.972407947902191,0.45544607352777566,40.594605363818964,both,0,60.037992690956216
35.0,2.5,2,0.0,-7.742729580952594,0.0,4.162279293756563,both,0,37.35967656460532
35.0,2.5,3,4.800000000000001,-2.8922839770727644,0.22320867027755117,22.808367629875473,both,0,75.14221164424946
35.0,2.5,4,0.6000000000000001,-6.719794835244632,0.1204825293675482,4.149854340807561,both,1,-0.2030963313577323
35.0,3.0,0,0.0,-6.889616000869923,0.0,0.3884075662145895,brake,0,46.67388661841484
35.0,3.0,1,4.0,-5.098813345557867,0.23255929558225955,24.117399293596655,both,0,84.66196469839822
35.0,3.0,2,0.0,-6.125830762085434,0.0,4.3941922574762815,both,0,17.503237089918446
35.0,3.0,3,0.40000000000000036,-6.750100478236079,0.03519303565755013,4.102291973889828,both,0,2.133780282495212
35.0,3.0,4,2.8000000000000007,-5.087054924802118,0.37461487069350413,25.937868907904598,both,0,63.03446651787341
35.0,3.5,0,1.2000000000000002,-6.334036080088521,0.11582882779927567,3.8555006627359725,both,1,-1.2980462920450915
35.0,3.5,1,0.0,-7.01218035271226,0.0,4.162392996331067,both,0,51.82472457313612
35.0,3.5,2,0.0,-4.960069894108856,0.009169960921461044,3.2723321590934584,both,0,18.322940408865907
35.0,3.5,3,3.4000000000000004,-5.041785656649646,0.37354448685716457,4.323475338077017,both,1,-1.2291718807833198
35.0,3.5,4,3.4000000000000004,-5.322807229335576,0.45866246202153704,33.86060470360504,both,0,62.309083216347474
