exp,seed,v0,thw0,lead_onset_t,rt_brake,rt_replan,brake_onset_idx,replan_onset_idx,lead_onset_idx,min_gap,collided,eps_pre_median,eps_max
0,0,25.0,0.668,0.8,1.0,0.4,9,6,4,-146.93385620117186,0,1000.0,35964.86124497937
0,1,25.0,0.668,0.8,0.6000000000000001,0.4,7,6,4,-148.05031127929686,0,1000.0,15438.143160915504
0,2,25.0,0.668,0.8,0.8,0.4,8,6,4,-129.358447265625,0,1000.0,29141.446055534634
0,3,25.0,0.668,0.8,1.2000000000000002,0.4,10,6,4,-91.40773315429688,0,1000.0,5796.356986608971
0,4,25.0,0.668,0.8,1.0,0.4,9,6,4,-106.26709289550782,0,1000.0,15668.602130995498
0,5,25.0,0.668,0.8,0.6000000000000001,0.4,7,6,4,-182.92816467285155,0,1000.0,16586.690856527865
0,6,25.0,0.668,0.8,1.0,0.6000000000000001,9,7,4,-168.76028747558593,0,1000.0,15213.631577193337
0,7,25.0,0.668,0.8,1.8,0.4,13,6,4,-172.85126037597655,0,1000.0,44849.23431741347
0,8,25.0,0.668,0.8,0.6000000000000001,0.4,7,6,4,-146.54371948242186,0,1000.0,15337.55849784342
0,9,25.0,0.668,0.8,0.6000000000000001,0.4,7,6,4,-132.5807373046875,0,1000.0,16182.724338938517
0,10,25.0,0.668,0.8,2.4000000000000004,0.4,16,6,4,-171.17074890136718,0,1000.0,15717.323125510715
0,11,25.0,0.668,0.8,0.8,0.4,8,6,4,-188.18796081542968,0,1000.0,15714.223567897398
0,12,25.0,0.668,0.8,0.6000000000000001,0.4,7,6,4,-177.64972229003905,0,1000.0,15279.989672950764
0,13,25.0,0.668,0.8,0.6000000000000001,0.4,7,6,4,-122.51993103027344,0,1000.0,6939.385287212364
0,14,25.0,0.668,0.8,1.8,0.4,13,6,4,-136.20286865234374,0,1000.0,16015.70192428285
0,15,25.0,0.668,0.8,1.4000000000000001,0.4,11,6,4,-197.01446838378905,0,1000.0,15920.484750101126
0,16,25.0,0.668,0.8,0.8,0.4,8,6,4,-110.18847961425782,0,1000.0,6088.2433701897035
0,17,25.0,0.668,0.8,0.6000000000000001,0.4,7,6,4,-153.35476989746093,0,1000.0,15469.676484682363
0,18,25.0,0.668,0.8,1.8,0.4,13,6,4,-141.8203155517578,0,1000.0,16160.157101735887
0,19,25.0,0.668,0.8,1.2000000000000002,0.4,10,6,4,-146.56979675292968,0,1000.0,16659.580066421662
0,20,25.0,0.668,0.8,0.8,0.4,8,6,4,-226.93497009277343,0,1000.0,22879.922752161976
0,21,25.0,0.668,0.8,0.6000000000000001,0.4,7,6,4,-131.15761108398436,0,1000.0,5555.853905007497
0,22,25.0,0.668,0.8,1.4000000000000001,0.4,11,6,4,-109.22572631835938,0,1000.0,6313.31370646146
0,23,25.0,0.668,0.8,2.6,0.4,17,6,4,-194.47445983886718,0,1000.0,15436.933072728267
0,24,25.0,0.668,0.8,0.6000000000000001,0.4,7,6,4,-186.4508087158203,0,1000.0,15372.594845391252
0,25,25.0,0.668,0.8,2.2,0.4,15,6,4,-149.7956115722656,0,1000.0,16181.321445443102
0,26,25.0,0.668,0.8,1.2000000000000002,0.4,10,6,4,-193.94656677246093,0,1000.0,15579.313871474713
0,27,25.0,0.668,0.8,0.6000000000000001,0.4,7,6,4,-180.52316589355468,0,1000.0,15148.922546406407
0,28,25.0,0.668,0.8,0.6000000000000001,0.4,7,6,4,-74.4603759765625,1,1000.0,14478.73406083301
0,29,25.0,0.668,0.8,2.6,0.4,17,6,4,-174.01983947753905,0,1000.0,15345.24067861469
0,30,25.0,0.668,0.8,1.0,0.4,9,6,4,-165.278125,1,1000.0,15441.155723507316
0,31,25.0,0.668,0.8,0.6000000000000001,0.4,7,6,4,-103.55102844238282,1,1000.0,13379.999099860803
1,0,20.0,0.71,0.8,0.6000000000000001,0.4,7,6,4,-84.1759407043457,0,1000.0,8804.606342840068
1,1,20.0,0.71,0.8,0.6000000000000001,0.4,7,6,4,-59.26898880004883,0,1000.0,5230.918296269138
1,2,20.0,0.71,0.8,0.8,0.4,8,6,4,-81.08823318481446,0,1000.0,7291.838030646389
1,3,20.0,0.71,0.8,1.2000000000000002,0.4,10,6,4,-80.29296035766602,0,1000.0,6019.257755889028
1,4,20.0,0.71,0.8,0.6000000000000001,0.4,7,6,4,-82.19829483032227,0,1000.0,9462.481369113013
1,5,20.0,0.71,0.8,1.0,0.4,9,6,4,-91.6466896057129,0,1000.0,15087.466493340435
1,6,20.0,0.71,0.8,1.2000000000000002,0.4,10,6,4,-119.48912734985352,0,1000.0,5794.938842214192
1,7,20.0,0.71,0.8,0.6000000000000001,0.4,7,6,4,-61.69860763549805,0,1000.0,5951.417196163829
1,8,20.0,0.71,0.8,0.6000000000000001,0.4,7,6,4,-62.7975456237793,0,1000.0,43084.87006904876
1,9,20.0,0.71,0.8,0.6000000000000001,0.4,7,6,4,-91.10619277954102,0,1000.0,8821.284941406999
1,10,20.0,0.71,0.8,0.6000000000000001,0.4,7,6,4,-68.01613540649414,0,1000.0,45553.744606647335
1,11,20.0,0.71,0.8,0.6000000000000001,0.4,7,6,4,-107.70775527954102,0,1000.0,13624.542602080168
1,12,20.0,0.71,0.8,0.6000000000000001,0.4,7,6,4,-31.16102523803711,1,1000.0,10612.011542012468
1,13,20.0,0.71,0.8,0.8,0.4,8,6,4,-109.60468215942383,0,1000.0,7355.135548704664
1,14,20.0,0.71,0.8,0.6000000000000001,0.4,7,6,4,-86.2124855041504,0,1000.0,5059.463491561333
1,15,20.0,0.71,0.8,0.6000000000000001,0.4,7,6,4,-87.1990119934082,0,1000.0,6178.159160798891
1,16,20.0,0.71,0.8,1.6,0.4,12,6,4,-85.83090896606446,0,1000.0,36554.76140513292
1,17,20.0,0.71,0.8,0.6000000000000001,0.4,7,6,4,-63.03874130249024,0,1000.0,13278.785788054824
1,18,20.0,0.71,0.8,0.6000000000000001,0.4,7,6,4,-46.24364395141602,1,1000.0,10523.541497225591
1,19,20.0,0.71,0.8,0.6000000000000001,0.4,7,6,4,-92.03186721801758,0,1000.0,50206.3885520877
1,20,20.0,0.71,0.8,0.8,0.4,8,6,4,-78.67055435180664,0,1000.0,8367.46170164184
1,21,20.0,0.71,0.8,0.6000000000000001,0.4,7,6,4,-39.43037338256836,0,1000.0,5881.1369430069335
1,22,20.0,0.71,0.8,0.6000000000000001,0.4,7,6,4,-96.77065200805664,0,1000.0,6063.971086969789
1,23,20.0,0.71,0.8,0.6000000000000001,0.4,7,6,4,-88.9529182434082,0,1000.0,93679.25388496339
1,24,20.0,0.71,0.8,0.6000000000000001,0.4,7,6,4,-101.20911331176758,0,1000.0,149301.8058096968
1,25,20.0,0.71,0.8,0.6000000000000001,0.4,7,6,4,-53.39246292114258,0,1000.0,5022.991836444138
1,26,20.0,0.71,0.8,0.6000000000000001,0.4,7,6,4,-69.92038650512696,0,1000.0,5578.870290251596
1,27,20.0,0.71,0.8,0.6000000000000001,0.4,7,6,4,-88.90065689086914,0,1000.0,5451.999628269141
1,28,20.0,0.71,0.8,1.2000000000000002,0.4,10,6,4,-100.39910049438477,0,1000.0,5577.703245267099
1,29,20.0,0.71,0.8,0.6000000000000001,0.4,7,6,4,-90.4841682434082,0,1000.0,7599.946361060961
1,30,20.0,0.71,0.8,1.0,0.4,9,6,4,-100.87180252075196,0,1000.0,5540.64028606293
1,31,20.0,0.71,0.8,0.6000000000000001,0.4,7,6,4,-95.79029006958008,0,1000.0,6722.056450299013
2,0,15.0,0.78,0.8,0.6000000000000001,0.4,7,6,4,-5.814154815673828,1,1000.0,8836.258944801515
2,1,15.0,0.78,0.8,0.6000000000000001,0.4,7,6,4,-25.443095397949218,0,1000.0,6027.76676788451
2,2,15.0,0.78,0.8,0.6000000000000001,0.4,7,6,4,-7.969912719726563,1,1000.0,10613.125560591978
2,3,15.0,0.78,0.8,0.8,0.4,8,6,4,-23.002291870117187,1,1000.0,9470.135242131413
2,4,15.0,0.78,0.8,0.6000000000000001,0.4,7,6,4,-8.1822998046875,1,1000.0,11120.80168594051
2,5,15.0,0.78,0.8,0.6000000000000001,0.4,7,6,4,-23.63943405151367,1,1000.0,12688.38410394202
2,6,15.0,0.78,0.8,0.6000000000000001,0.4,7,6,4,-23.562449645996093,1,1000.0,11874.573074996673
2,7,15.0,0.78,0.8,0.6000000000000001,0.4,7,6,4,-38.17951126098633,1,1000.0,11695.990629674146
2,8,15.0,0.78,0.8,0.6000000000000001,0.4,7,6,4,-21.80862350463867,0,1000.0,8062.877009837384
2,9,15.0,0.78,0.8,0.6000000000000001,0.4,7,6,4,-26.872008514404296,0,1000.0,7316.6608397479085
2,10,15.0,0.78,0.8,0.6000000000000001,0.4,7,6,4,-20.918318939208984,1,1000.0,9953.700505202554
2,11,15.0,0.78,0.8,0.6000000000000001,0.4,7,6,4,-13.794711303710937,1,1000.0,10518.815224098167
2,12,15.0,0.78,0.8,0.6000000000000001,0.4,7,6,4,-22.455935668945312,1,1000.0,8891.647755244594
2,13,15.0,0.78,0.8,0.6000000000000001,0.4,7,6,4,-12.47792739868164,1,1000.0,9360.776930803595
2,14,15.0,0.78,0.8,0.6000000000000001,0.4,7,6,4,-5.637263488769531,1,1000.0,10255.785713059036
2,15,15.0,0.78,0.8,0.6000000000000001,0.4,7,6,4,-14.534438323974609,1,1000.0,8823.906587062618
2,16,15.0,0.78,0.8,0.6000000000000001,0.4,7,6,4,-8.389414978027343,1,1000.0,8864.70533389321
2,17,15.0,0.78,0.8,0.6000000000000001,0.4,7,6,4,-13.168589782714843,0,1000.0,15174.004300922064
2,18,15.0,0.78,0.8,0.6000000000000001,0.4,7,6,4,-9.489134979248046,1,1000.0,12874.742517103265
2,19,15.0,0.78,0.8,0.6000000000000001,0.4,7,6,4,-8.3749267578125,1,1000.0,8344.68303527532
2,20,15.0,0.78,0.8,0.6000000000000001,0.4,7,6,4,-19.406073760986327,1,1000.0,11235.151915676986
2,21,15.0,0.78,0.8,0.6000000000000001,0.4,7,6,4,-23.751170349121093,1,1000.0,7626.697165857855
2,22,15.0,0.78,0.8,0.6000000000000001,0.4,7,6,4,-7.0531455993652346,1,1000.0,10456.149181877694
2,23,15.0,0.78,0.8,0.6000000000000001,0.4,7,6,4,-17.402262878417968,0,1000.0,11800.174682869625
2,24,15.0,0.78,0.8,0.8,0.4,8,6,4,-28.052672576904296,1,1000.0,10594.705075779313
2,25,15.0,0.78,0.8,0.8,0.4,8,6,4,-10.21352310180664,1,1000.0,10167.467895282376
2,26,15.0,0.78,0.8,0.6000000000000001,0.4,7,6,4,-5.461085510253906,1,1000.0,10034.642592074948
2,27,15.0,0.78,0.8,0.6000000000000001,0.4,7,6,4,-17.222998809814452,1,1000.0,8965.88333636632
2,28,15.0,0.78,0.8,0.6000000000000001,0.4,7,6,4,-7.3860923767089846,1,1000.0,10520.736793641381
2,29,15.0,0.78,0.8,0.6000000000000001,0.4,7,6,4,-31.800147247314452,0,1000.0,10574.03527293875
2,30,15.0,0.78,0.8,0.6000000000000001,0.4,7,6,4,-19.979388427734374,0,1000.0,12226.302760108805
2,31,15.0,0.78,0.8,0.6000000000000001,0.4,7,6,4,-6.365630340576172,1,1000.0,10148.592927157126
3,0,10.0,0.92,0.8,0.8,0.6000000000000001,8,7,4,-5.116160583496094,1,1000.0,8165.065322240462
3,1,10.0,0.92,0.8,0.8,0.6000000000000001,8,7,4,-4.9678489685058596,1,1000.0,9658.322635121911
3,2,10.0,0.92,0.8,0.8,0.6000000000000001,8,7,4,-6.636985015869141,1,1000.0,8790.71069186456
3,3,10.0,0.92,0.8,0.8,0.6000000000000001,8,7,4,-5.276391220092774,1,1000.0,9776.397929424627
3,4,10.0,0.92,0.8,0.8,0.6000000000000001,8,7,4,-5.436188888549805,1,1000.0,8226.455597206212
3,5,10.0,0.92,0.8,0.8,0.6000000000000001,8,7,4,-3.884543609619141,1,1000.0,9881.286070901797
3,6,10.0,0.92,0.8,0.8,0.6000000000000001,8,7,4,-4.1694385528564455,1,1000.0,9958.753574040815
3,7,10.0,0.92,0.8,0.8,0.6000000000000001,8,7,4,-4.511628341674805,1,1000.0,9790.512735268378
3,8,10.0,0.92,0.8,0.8,0.6000000000000001,8,7,4,-4.879168701171875,1,1000.0,9950.434522391824
3,9,10.0,0.92,0.8,0.8,0.6000000000000001,8,7,4,-6.885981750488281,1,1000.0,8766.80250179875
3,10,10.0,0.92,0.8,0.8,0.6000000000000001,8,7,4,-5.060593795776367,1,1000.0,9524.036886727783
3,11,10.0,0.92,0.8,0.8,0.6000000000000001,8,7,4,-5.346148681640625,1,1000.0,9415.906011018733
3,12,10.0,0.92,0.8,0.8,0.6000000000000001,8,7,4,-4.202964019775391,1,1000.0,10165.142604413626
3,13,10.0,0.92,0.8,0.8,0.6000000000000001,8,7,4,-5.8457786560058596,1,1000.0,10692.467892848386
3,14,10.0,0.92,0.8,0.8,0.6000000000000001,8,7,4,-5.085225296020508,1,1000.0,9287.805806810988
3,15,10.0,0.92,0.8,0.8,0.6000000000000001,8,7,4,-5.34324951171875,1,1000.0,9840.642440094061
3,16,10.0,0.92,0.8,0.8,0.6000000000000001,8,7,4,-4.7249805450439455,1,1000.0,9506.810585702295
3,17,10.0,0.92,0.8,0.8,0.6000000000000001,8,7,4,-4.589724731445313,1,1000.0,9894.803427259747
3,18,10.0,0.92,0.8,0.8,0.6000000000000001,8,7,4,-5.376755905151367,1,1000.0,9594.663928679145
3,19,10.0,0.92,0.8,0.8,0.6000000000000001,8,7,4,-6.17332763671875,1,1000.0,8042.348384255268
3,20,10.0,0.92,0.8,0.8,0.6000000000000001,8,7,4,-6.853226852416992,1,1000.0,8537.354213485021
3,21,10.0,0.92,0.8,0.8,0.6000000000000001,8,7,4,-4.763119888305664,1,1000.0,9594.252159003934
3,22,10.0,0.92,0.8,0.8,0.6000000000000001,8,7,4,-5.056895446777344,1,1000.0,9720.431662237012
3,23,10.0,0.92,0.8,0.8,0.6000000000000001,8,7,4,-6.117098999023438,1,1000.0,9459.540794186552
3,24,10.0,0.92,0.8,0.8,0.6000000000000001,8,7,4,-6.662043762207031,1,1000.0,9292.689055644738
3,25,10.0,0.92,0.8,0.8,0.6000000000000001,8,7,4,-5.2523242950439455,1,1000.0,8593.201268594117
3,26,10.0,0.92,0.8,0.8,0.6000000000000001,8,7,4,-5.011882019042969,1,1000.0,9823.68845467049
3,27,10.0,0.92,0.8,0.8,0.6000000000000001,8,7,4,-3.0897247314453127,1,1000.0,10731.45296665039
3,28,10.0,0.92,0.8,0.8,0.6000000000000001,8,7,4,-5.189738464355469,1,1000.0,9919.38123039426
3,29,10.0,0.92,0.8,0.8,0.6000000000000001,8,7,4,-3.856965255737305,1,1000.0,10170.98584317489
3,30,10.0,0.92,0.8,0.8,0.6000000000000001,8,7,4,-5.572406005859375,1,1000.0,9783.65763660276
3,31,10.0,0.92,0.8,0.8,0.6000000000000001,8,7,4,-3.3103057861328127,1,1000.0,10029.097346032459
4,0,25.0,1.168,0.8,1.0,0.6000000000000001,9,7,4,-140.80179138183593,0,0.0,16221.725193388333
4,1,25.0,1.168,0.8,1.0,0.6000000000000001,9,7,4,-102.08764953613282,0,0.0,6621.308549045227
4,2,25.0,1.168,0.8,2.0,0.6000000000000001,14,7,4,-172.52801818847655,0,0.0,15960.74987382546
4,3,25.0,1.168,0.8,2.0,0.6000000000000001,14,7,4,-188.50607604980468,0,0.0,17178.063793765075
4,4,25.0,1.168,0.8,1.0,0.6000000000000001,9,7,4,-121.89268798828125,0,0.0,5853.973422382456
4,5,25.0,1.168,0.8,3.6,0.6000000000000001,22,7,4,-178.5883819580078,0,0.0,15046.853979621494
4,6,25.0,1.168,0.8,1.4000000000000001,0.6000000000000001,11,7,4,-83.96010131835938,0,0.0,17703.966660606042
4,7,25.0,1.168,0.8,0.8,0.6000000000000001,8,7,4,-153.20965881347655,0,0.0,11338.363814944927
4,8,25.0,1.168,0.8,3.8000000000000003,0.6000000000000001,23,7,4,-173.61557312011718,0,0.0,16075.520413646253
4,9,25.0,1.168,0.8,2.4000000000000004,0.6000000000000001,16,7,4,-151.981982421875,0,0.0,15786.944323480884
4,10,25.0,1.168,0.8,1.8,0.6000000000000001,13,7,4,-141.95001525878905,0,0.0,23260.314473191866
4,11,25.0,1.168,0.8,1.8,0.6000000000000001,13,7,4,-156.261767578125,0,0.0,57772.18213143101
4,12,25.0,1.168,0.8,1.0,0.6000000000000001,9,7,4,-128.81483764648436,0,0.0,6887.733409824241
4,13,25.0,1.168,0.8,0.8,0.6000000000000001,8,7,4,-181.8610870361328,0,0.0,16347.029603800389
4,14,25.0,1.168,0.8,1.2000000000000002,0.6000000000000001,10,7,4,-125.97548217773438,0,0.0,7977.158907999461
4,15,25.0,1.168,0.8,1.0,0.6000000000000001,9,7,4,-168.8243438720703,0,0.0,16564.785704120342
4,16,25.0,1.168,0.8,1.4000000000000001,0.6000000000000001,11,7,4,-108.54530639648438,0,0.0,10686.163246563096
4,17,25.0,1.168,0.8,1.4000000000000001,0.6000000000000001,11,7,4,-107.28030700683594,0,0.0,16583.47542506898
4,18,25.0,1.168,0.8,1.0,0.6000000000000001,9,7,4,-181.65338439941405,0,0.0,16634.79729200205
4,19,25.0,1.168,0.8,1.8,0.6000000000000001,13,7,4,-141.51101989746093,0,0.0,15546.826408026634
4,20,25.0,1.168,0.8,2.0,0.6000000000000001,14,7,4,-161.74896545410155,0,0.0,15213.156050678353
4,21,25.0,1.168,0.8,0.8,0.6000000000000001,8,7,4,-117.92288513183594,0,0.0,7763.710831931181
4,22,25.0,1.168,0.8,1.6,0.6000000000000001,12,7,4,-124.57442016601563,0,0.0,16251.246532771753
4,23,25.0,1.168,0.8,4.2,0.6000000000000001,25,7,4,-210.82266540527343,0,0.0,15960.566252336204
4,24,25.0,1.168,0.8,2.6,0.6000000000000001,17,7,4,-138.07847900390624,0,0.0,17537.940910807196
4,25,25.0,1.168,0.8,1.0,0.6000000000000001,9,7,4,-129.88060302734374,0,0.0,15333.117172886152
4,26,25.0,1.168,0.8,0.8,0.6000000000000001,8,7,4,-77.93799133300782,0,0.0,6826.811096073388
4,27,25.0,1.168,0.8,0.8,0.6000000000000001,8,7,4,-139.46710510253905,0,0.0,15377.867356831404
4,28,25.0,1.168,0.8,2.4000000000000004,0.6000000000000001,16,7,4,-170.14352722167968,0,0.0,7882.615086982569
4,29,25.0,1.168,0.8,0.8,0.6000000000000001,8,7,4,-95.24412841796875,0,0.0,27135.657771090657
4,30,25.0,1.168,0.8,0.8,0.6000000000000001,8,7,4,-95.54297180175782,0,0.0,28424.957639246517
4,31,25.0,1.168,0.8,1.6,0.6000000000000001,12,7,4,-156.8192169189453,0,0.0,15103.629511926489
5,0,20.0,1.21,0.8,0.6000000000000001,0.4,7,6,4,-38.63137359619141,0,0.0,5756.825324344381
5,1,20.0,1.21,0.8,0.6000000000000001,0.4,7,6,4,-46.39364929199219,0,0.0,11035.16988089901
5,2,20.0,1.21,0.8,0.6000000000000001,0.4,7,6,4,-68.14516754150391,0,0.0,11428.942060010952
5,3,20.0,1.21,0.8,0.8,0.4,8,6,4,-109.61898345947266,0,0.0,10144.732073681382
5,4,20.0,1.21,0.8,1.2000000000000002,0.4,10,6,4,-71.56922454833985,0,0.0,255483.8903123091
5,5,20.0,1.21,0.8,1.2000000000000002,0.4,10,6,4,-74.50376434326172,0,0.0,143246.41605654752
5,6,20.0,1.21,0.8,0.6000000000000001,0.4,7,6,4,-79.34348602294922,0,0.0,10272.210793597873
5,7,20.0,1.21,0.8,0.8,0.4,8,6,4,-40.10127563476563,0,0.0,54222.264498604585
5,8,20.0,1.21,0.8,0.6000000000000001,0.4,7,6,4,-99.24215240478516,0,0.0,6082.104770702592
5,9,20.0,1.21,0.8,1.0,0.4,9,6,4,-96.78843231201172,0,0.0,5632.261580228116
5,10,20.0,1.21,0.8,1.0,0.4,9,6,4,-93.6958724975586,0,0.0,8616.145367033283
5,11,20.0,1.21,0.8,0.6000000000000001,0.4,7,6,4,-49.872012329101565,0,0.0,6222.930152506814
5,12,20.0,1.21,0.8,0.6000000000000001,0.4,7,6,4,-24.073153686523437,0,0.0,3484907.6298771575
5,13,20.0,1.21,0.8,0.6000000000000001,0.4,7,6,4,-71.98504180908203,0,0.0,6541.821233635075
5,14,20.0,1.21,0.8,1.0,0.4,9,6,4,-63.065425109863284,0,0.0,5659.072116756981
5,15,20.0,1.21,0.8,0.8,0.4,8,6,4,-62.5572006225586,0,0.0,6186.957038851382
5,16,20.0,1.21,0.8,1.6,0.4,12,6,4,-68.33632965087891,0,0.0,7912.176331951887
5,17,20.0,1.21,0.8,0.6000000000000001,0.4,7,6,4,-85.58306427001953,0,0.0,5664.976900392743
5,18,20.0,1.21,0.8,0.8,0.4,8,6,4,-42.31716461181641,0,0.0,6384.77597830308
5,19,20.0,1.21,0.8,0.6000000000000001,0.4,7,6,4,-56.145564270019534,0,0.0,62677.792220931384
5,20,20.0,1.21,0.8,0.8,0.4,8,6,4,-78.3511459350586,0,0.0,5486.308965562099
5,21,20.0,1.21,0.8,0.6000000000000001,0.4,7,6,4,-65.68241424560547,0,0.0,5597.773600113964
5,22,20.0,1.21,0.8,0.6000000000000001,0.4,7,6,4,-63.10319061279297,0,0.0,11807.657532395171
5,23,20.0,1.21,0.8,1.0,0.4,9,6,4,-58.123286437988284,0,0.0,5184.142520528201
5,24,20.0,1.21,0.8,0.8,0.4,8,6,4,-50.49219818115235,0,0.0,7213.9166501879845
5,25,20.0,1.21,0.8,0.6000000000000001,0.4,7,6,4,-44.96299285888672,0,0.0,5642.194873856502
5,26,20.0,1.21,0.8,0.6000000000000001,0.4,7,6,4,-78.4395248413086,0,0.0,22139.518069867634
5,27,20.0,1.21,0.8,0.6000000000000001,0.4,7,6,4,-58.760554504394534,0,0.0,57356.85731895049
5,28,20.0,1.21,0.8,0.6000000000000001,0.4,7,6,4,-23.299319458007812,0,0.0,9616.133881007125
5,29,20.0,1.21,0.8,0.6000000000000001,0.4,7,6,4,-73.3317367553711,0,0.0,6046.899605134224
5,30,20.0,1.21,0.8,1.4000000000000001,0.4,11,6,4,-111.05041046142578,0,0.0,6739.942552658073
5,31,20.0,1.21,0.8,0.6000000000000001,0.4,7,6,4,-33.911624145507815,0,0.0,6909.075910935917
6,0,15.0,1.28,0.8,0.6000000000000001,0.4,7,6,4,-16.157046508789062,0,0.0,5289.1156547890405
6,1,15.0,1.28,0.8,0.6000000000000001,0.4,7,6,4,-33.66954727172852,0,0.0,5576.117274169355
6,2,15.0,1.28,0.8,0.6000000000000001,0.4,7,6,4,-33.264556121826175,0,0.0,5134.387295373184
6,3,15.0,1.28,0.8,0.8,0.4,8,6,4,-38.44506759643555,0,0.0,7738.902484411087
6,4,15.0,1.28,0.8,0.6000000000000001,0.4,7,6,4,-8.484534454345702,0,0.0,10000.094862304335
6,5,15.0,1.28,0.8,1.0,0.4,9,6,4,-54.177283477783206,0,0.0,30424.458822860073
6,6,15.0,1.28,0.8,1.2000000000000002,0.4,10,6,4,-41.519568634033206,0,0.0,17338.04070094702
6,7,15.0,1.28,0.8,0.6000000000000001,0.4,7,6,4,-14.62389678955078,0,0.0,5927.680265512698
6,8,15.0,1.28,0.8,0.6000000000000001,0.4,7,6,4,-16.79307861328125,0,0.0,5166.442693809246
6,9,15.0,1.28,0.8,0.6000000000000001,0.4,7,6,4,-27.272643280029296,0,0.0,5824.703130344935
6,10,15.0,1.28,0.8,0.6000000000000001,0.4,7,6,4,-21.457335662841796,0,0.0,5165.744351884711
6,11,15.0,1.28,0.8,0.6000000000000001,0.4,7,6,4,-26.52664108276367,0,0.0,6253.550014096227
6,12,15.0,1.28,0.8,0.6000000000000001,0.4,7,6,4,-7.993685913085938,0,0.0,5992.894102691071
6,13,15.0,1.28,0.8,0.6000000000000001,0.4,7,6,4,-29.960700225830077,0,0.0,11445.80437809602
6,14,15.0,1.28,0.8,1.0,0.4,9,6,4,-80.3927375793457,0,0.0,6095.899277370418
6,15,15.0,1.28,0.8,0.6000000000000001,0.4,7,6,4,-6.271495056152344,0,0.0,5777.216076559703
6,16,15.0,1.28,0.8,1.6,0.4,12,6,4,-68.87763137817383,0,0.0,6927.277487755451
6,17,15.0,1.28,0.8,0.6000000000000001,0.4,7,6,4,-30.35584945678711,0,0.0,4822.053305473204
6,18,15.0,1.28,0.8,0.6000000000000001,0.4,7,6,4,-38.96830673217774,0,0.0,6748.103156598776
6,19,15.0,1.28,0.8,0.6000000000000001,0.4,7,6,4,-22.564643096923827,0,0.0,6275.925587356533
6,20,15.0,1.28,0.8,0.6000000000000001,0.4,7,6,4,-20.236266326904296,0,0.0,5818.2347574684845
6,21,15.0,1.28,0.8,0.6000000000000001,0.4,7,6,4,-26.592772674560546,0,0.0,85606.12086316878
6,22,15.0,1.28,0.8,0.6000000000000001,0.4,7,6,4,-26.688666534423827,0,0.0,6090.347037777618
6,23,15.0,1.28,0.8,0.6000000000000001,0.4,7,6,4,-42.06114883422852,0,0.0,6590.322471655303
6,24,15.0,1.28,0.8,0.6000000000000001,0.4,7,6,4,-32.12609786987305,0,0.0,4920.464504128273
6,25,15.0,1.28,0.8,0.6000000000000001,0.4,7,6,4,-29.42574234008789,0,0.0,6707.760865419419
6,26,15.0,1.28,0.8,0.6000000000000001,0.4,7,6,4,-55.70703811645508,0,0.0,5277145.235609542
6,27,15.0,1.28,0.8,1.2000000000000002,0.4,10,6,4,-81.61573715209961,0,0.0,6121.725704486917
6,28,15.0,1.28,0.8,0.6000000000000001,0.4,7,6,4,-32.34233779907227,0,0.0,49600.04623378468
6,29,15.0,1.28,0.8,0.6000000000000001,0.4,7,6,4,-21.02583236694336,0,0.0,6054.285661093854
6,30,15.0,1.28,0.8,0.6000000000000001,0.4,7,6,4,-32.204558563232425,0,0.0,30414.261590316426
6,31,15.0,1.28,0.8,0.6000000000000001,0.4,7,6,4,4.313969421386719,0,0.0,3420.0779393955286
7,0,10.0,1.42,0.8,0.8,0.6000000000000001,8,7,4,2.0549552917480467,0,0.0,3428.036444818503
7,1,10.0,1.42,0.8,0.8,0.6000000000000001,8,7,4,2.3331668853759764,0,0.0,3381.677828237293
7,2,10.0,1.42,0.8,0.8,0.6000000000000001,8,7,4,0.7874687194824217,0,0.0,4940.024544820601
7,3,10.0,1.42,0.8,0.8,0.6000000000000001,8,7,4,1.9854591369628904,0,0.0,3423.017501390277
7,4,10.0,1.42,0.8,0.8,0.6000000000000001,8,7,4,1.3367908477783201,0,0.0,3424.756949861391
7,5,10.0,1.42,0.8,0.8,0.6000000000000001,8,7,4,1.8074901580810545,0,0.0,3316.190601253305
7,6,10.0,1.42,0.8,0.8,0.6000000000000001,8,7,4,1.9469993591308592,0,0.0,3424.410861598774
7,7,10.0,1.42,0.8,0.8,0.6000000000000001,8,7,4,1.9166229248046873,0,0.0,3327.987970113268
7,8,10.0,1.42,0.8,0.8,0.6000000000000001,8,7,4,1.8207672119140623,0,0.0,3334.6023285234387
7,9,10.0,1.42,0.8,0.8,0.6000000000000001,8,7,4,0.7349117279052733,0,0.0,4770.463614665944
7,10,10.0,1.42,0.8,0.8,0.6000000000000001,8,7,4,2.2851818084716795,0,0.0,3422.725936969073
7,11,10.0,1.42,0.8,0.8,0.6000000000000001,8,7,4,1.2151782989501951,0,0.0,3307.4808425729725
7,12,10.0,1.42,0.8,0.8,0.6000000000000001,8,7,4,2.2508190155029295,0,0.0,3422.9055901187576
7,13,10.0,1.42,0.8,0.8,0.6000000000000001,8,7,4,1.3219478607177733,0,0.0,3422.4900063757705
7,14,10.0,1.42,0.8,0.8,0.6000000000000001,8,7,4,1.8198898315429686,0,0.0,3423.141363275049
7,15,10.0,1.42,0.8,0.8,0.6000000000000001,8,7,4,1.7732227325439451,0,0.0,3381.0426789585836
7,16,10.0,1.42,0.8,0.8,0.6000000000000001,8,7,4,1.9755332946777342,0,0.0,3301.373530756906
7,17,10.0,1.42,0.8,0.8,0.6000000000000001,8,7,4,1.3402355194091795,0,0.0,4573.838314555134
7,18,10.0,1.42,0.8,0.8,0.6000000000000001,8,7,4,1.1598060607910154,0,0.0,3343.074621974333
7,19,10.0,1.42,0.8,0.8,0.6000000000000001,8,7,4,1.8227413177490233,0,0.0,3405.2986947502227
7,20,10.0,1.42,0.8,0.8,0.6000000000000001,8,7,4,1.3768680572509764,0,0.0,4576.099891829077
7,21,10.0,1.42,0.8,0.8,0.6000000000000001,8,7,4,1.7557704925537108,0,0.0,3427.9430156606095
7,22,10.0,1.42,0.8,0.8,0.6000000000000001,8,7,4,1.7643402099609373,0,0.0,3422.0851780909397
7,23,10.0,1.42,0.8,0.8,0.6000000000000001,8,7,4,1.5860717773437498,0,0.0,3422.1332388552673
7,24,10.0,1.42,0.8,0.8,0.6000000000000001,8,7,4,1.4229209899902342,0,0.0,3424.234083005291
7,25,10.0,1.42,0.8,0.8,0.6000000000000001,8,7,4,1.8057106018066404,0,0.0,3322.029168615045
7,26,10.0,1.42,0.8,0.8,0.6000000000000001,8,7,4,2.1542842864990233,0,0.0,3430.261804169803
7,27,10.0,1.42,0.8,0.8,0.6000000000000001,8,7,4,2.0616825103759764,0,0.0,3424.3070502802098
7,28,10.0,1.42,0.8,0.8,0.6000000000000001,8,7,4,2.424996185302734,0,0.0,3427.304199324919
7,29,10.0,1.42,0.8,0.8,0.6000000000000001,8,7,4,2.1904361724853514,0,0.0,3424.723375144775
7,30,10.0,1.42,0.8,0.8,0.6000000000000001,8,7,4,1.7589500427246092,0,0.0,3366.3574370106544
7,31,10.0,1.42,0.8,0.8,0.6000000000000001,8,7,4,2.773905563354492,0,0.0,3384.2440389882763
8,0,25.0,1.668,0.8,1.4000000000000001,0.8,11,8,4,-178.19491882324218,0,0.0,70221.59162679431
8,1,25.0,1.668,0.8,1.0,0.8,9,8,4,-115.57654113769532,0,0.0,7537.925188198742
8,2,25.0,1.668,0.8,1.4000000000000001,0.8,11,8,4,-119.24354858398438,0,0.0,15847.551616297453
8,3,25.0,1.668,0.8,1.0,0.8,9,8,4,-98.05693359375,0,0.0,15347.024055010072
8,4,25.0,1.668,0.8,2.8000000000000003,0.8,18,8,4,-135.13132019042968,0,0.0,18099.74020229189
8,5,25.0,1.668,0.8,1.2000000000000002,0.8,10,8,4,-101.52858276367188,0,0.0,12547.217239939931
8,6,25.0,1.668,0.8,1.8,0.8,13,8,4,-149.14337463378905,0,0.0,15148.910510899088
8,7,25.0,1.668,0.8,1.2000000000000002,0.8,10,8,4,-87.61307067871094,0,0.0,16232.74829766664
8,8,25.0,1.668,0.8,1.0,0.8,9,8,4,-158.86297912597655,0,0.0,6847.931406806818
8,9,25.0,1.668,0.8,1.4000000000000001,0.8,11,8,4,-123.23240966796875,0,0.0,7171.105322148869
8,10,25.0,1.668,0.8,2.0,0.8,14,8,4,-131.64895935058593,0,0.0,15793.210451762232
8,11,25.0,1.668,0.8,2.2,0.8,15,8,4,-187.08771057128905,0,0.0,15034.15832531414
8,12,25.0,1.668,0.8,1.0,0.8,9,8,4,-109.652392578125,0,0.0,9355.718404699235
8,13,25.0,1.668,0.8,1.0,0.8,9,8,4,-157.91067810058593,0,0.0,17664.3066445508
8,14,25.0,1.668,0.8,1.0,0.8,9,8,4,-121.56970520019532,0,0.0,16077.373851565053
8,15,25.0,1.668,0.8,1.6,0.8,12,8,4,-147.34909362792968,0,0.0,7741.255827090417
8,16,25.0,1.668,0.8,1.0,0.8,9,8,4,-57.15481872558594,0,0.0,7818.572228719887
8,17,25.0,1.668,0.8,1.0,0.8,9,8,4,-110.72836608886719,0,0.0,8741.095905912462
8,18,25.0,1.668,0.8,1.6,0.8,12,8,4,-131.48668212890624,0,0.0,16546.882917379015
8,19,25.0,1.668,0.8,1.4000000000000001,0.8,11,8,4,-108.25136108398438,0,0.0,8491.803668722541
8,20,25.0,1.668,0.8,1.4000000000000001,0.8,11,8,4,-155.84210510253905,0,0.0,16108.264552483786
8,21,25.0,1.668,0.8,3.2,0.8,20,8,4,-137.24765319824218,0,0.0,32566.251964631592
8,22,25.0,1.668,0.8,2.6,0.8,17,8,4,-131.16673583984374,0,0.0,352409.7918445704
8,23,25.0,1.668,0.8,1.0,0.8,9,8,4,-84.18896789550782,0,0.0,15863.286880746866
8,24,25.0,1.668,0.8,2.8000000000000003,0.8,18,8,4,-188.39993591308593,0,0.0,38171.01254409434
8,25,25.0,1.668,0.8,1.0,0.8,9,8,4,-70.3513671875,0,0.0,16999.342718532745
8,26,25.0,1.668,0.8,1.8,0.8,13,8,4,-171.52249450683593,0,0.0,16735.973079477753
8,27,25.0,1.668,0.8,1.2000000000000002,0.8,10,8,4,-102.23312683105469,0,0.0,33847.92290255272
8,28,25.0,1.668,0.8,1.4000000000000001,0.8,11,8,4,-100.28168029785157,0,0.0,15293.83967409803
8,29,25.0,1.668,0.8,1.2000000000000002,0.8,10,8,4,-160.25174255371093,0,0.0,17532.321459999323
8,30,25.0,1.668,0.8,1.2000000000000002,0.8,10,8,4,-80.61902160644532,0,0.0,8564.44643794343
8,31,25.0,1.668,0.8,1.8,0.8,13,8,4,-179.8042022705078,0,0.0,16049.169252908523
9,0,20.0,1.71,0.8,0.8,0.6000000000000001,8,7,4,-109.49660034179688,0,0.0,6954.04683134323
9,1,20.0,1.71,0.8,1.0,0.6000000000000001,9,7,4,-68.65637512207032,0,0.0,37724.00476666267
9,2,20.0,1.71,0.8,1.4000000000000001,0.6000000000000001,11,7,4,-97.37977905273438,0,0.0,6878.204595935387
9,3,20.0,1.71,0.8,0.8,0.6000000000000001,8,7,4,-20.5328857421875,0,0.0,2581.5314287005713
9,4,20.0,1.71,0.8,1.2000000000000002,0.6000000000000001,10,7,4,-82.39328308105469,0,0.0,197329.9349601036
9,5,20.0,1.71,0.8,0.8,0.6000000000000001,8,7,4,-48.432734680175784,0,0.0,7848.54258602184
9,6,20.0,1.71,0.8,0.8,0.6000000000000001,8,7,4,-41.93387908935547,0,0.0,7096.995647459032
9,7,20.0,1.71,0.8,0.8,0.6000000000000001,8,7,4,-56.313479614257815,0,0.0,6748.116021019092
9,8,20.0,1.71,0.8,0.8,0.6000000000000001,8,7,4,-57.18611450195313,0,0.0,7484.419406308346
9,9,20.0,1.71,0.8,1.4000000000000001,0.6000000000000001,11,7,4,-66.15855712890625,0,0.0,13699.003464534779
9,10,20.0,1.71,0.8,1.2000000000000002,0.6000000000000001,10,7,4,-102.69372863769532,0,0.0,7194.648187145686
9,11,20.0,1.71,0.8,1.0,0.6000000000000001,9,7,4,-59.503848266601565,0,0.0,7730.1509147394
9,12,20.0,1.71,0.8,0.8,0.6000000000000001,8,7,4,-131.969775390625,0,0.0,8587.853339101634
9,13,20.0,1.71,0.8,0.8,0.6000000000000001,8,7,4,-88.84064025878907,0,0.0,8237.876987270936
9,14,20.0,1.71,0.8,0.8,0.6000000000000001,8,7,4,-80.30829162597657,0,0.0,19741.90692526731
9,15,20.0,1.71,0.8,0.8,0.6000000000000001,8,7,4,-59.2029296875,0,0.0,7670.8527178169215
9,16,20.0,1.71,0.8,1.0,0.6000000000000001,9,7,4,-78.73001403808594,0,0.0,7320.938559766458
9,17,20.0,1.71,0.8,1.6,0.6000000000000001,12,7,4,-67.53561706542969,0,0.0,7596.185285786085
9,18,20.0,1.71,0.8,1.0,0.6000000000000001,9,7,4,-58.6722900390625,0,0.0,11030.324152569376
9,19,20.0,1.71,0.8,2.0,0.6000000000000001,14,7,4,-63.96242065429688,0,0.0,15134.755525553885
9,20,20.0,1.71,0.8,1.6,0.6000000000000001,12,7,4,-102.21181030273438,0,0.0,10215.520635225634
9,21,20.0,1.71,0.8,0.8,0.6000000000000001,8,7,4,-47.010256958007815,0,0.0,7148.751348701708
9,22,20.0,1.71,0.8,0.8,0.6000000000000001,8,7,4,-81.93622131347657,0,0.0,6289.558016140997
9,23,20.0,1.71,0.8,0.8,0.6000000000000001,8,7,4,-46.06984252929688,0,0.0,6999.083548125084
9,24,20.0,1.71,0.8,0.8,0.6000000000000001,8,7,4,-88.36175842285157,0,0.0,778453.8126649588
9,25,20.0,1.71,0.8,0.8,0.6000000000000001,8,7,4,-105.29979248046875,0,0.0,14405.602772859658
9,26,20.0,1.71,0.8,0.8,0.6000000000000001,8,7,4,-21.66087646484375,0,0.0,7069.880707718956
9,27,20.0,1.71,0.8,0.8,0.6000000000000001,8,7,4,-56.84089965820313,0,0.0,6105.919704199322
9,28,20.0,1.71,0.8,1.2000000000000002,0.6000000000000001,10,7,4,-108.93521423339844,0,0.0,6225.69849470143
9,29,20.0,1.71,0.8,0.8,0.6000000000000001,8,7,4,-73.14451904296875,0,0.0,8528.178910160539
9,30,20.0,1.71,0.8,0.8,0.6000000000000001,8,7,4,-74.61474914550782,0,0.0,7012.162594084053
9,31,20.0,1.71,0.8,0.8,0.6000000000000001,8,7,4,-36.36930389404297,0,0.0,6873.043973890634
10,0,15.0,1.78,0.8,0.8,0.6000000000000001,8,7,4,-53.9922477722168,0,0.0,6367.2709570371135
10,1,15.0,1.78,0.8,0.8,0.6000000000000001,8,7,4,-11.466651153564452,0,0.0,9433.559337899855
10,2,15.0,1.78,0.8,0.8,0.6000000000000001,8,7,4,-10.180339050292968,0,0.0,5735.019121410057
10,3,15.0,1.78,0.8,0.8,0.6000000000000001,8,7,4,-21.336791229248046,0,0.0,5735.141195305556
10,4,15.0,1.78,0.8,1.0,0.6000000000000001,9,7,4,-31.382025909423827,0,0.0,6298.365612735418
10,5,15.0,1.78,0.8,0.8,0.6000000000000001,8,7,4,-18.052977752685546,0,0.0,51547.55790339227
10,6,15.0,1.78,0.8,0.8,0.6000000000000001,8,7,4,3.9134757995605467,0,0.0,2397.770660545106
10,7,15.0,1.78,0.8,0.8,0.6000000000000001,8,7,4,-15.514090728759765,0,0.0,5770.423243561395
10,8,15.0,1.78,0.8,0.8,0.6000000000000001,8,7,4,-2.3613044738769533,0,0.0,350461642.5454416
10,9,15.0,1.78,0.8,0.8,0.6000000000000001,8,7,4,-20.364989471435546,0,0.0,5995.100099191762
10,10,15.0,1.78,0.8,0.8,0.6000000000000001,8,7,4,-9.7634765625,0,0.0,5685.883231731432
10,11,15.0,1.78,0.8,0.8,0.6000000000000001,8,7,4,-34.91303939819336,0,0.0,7973.267469276639
10,12,15.0,1.78,0.8,0.8,0.6000000000000001,8,7,4,4.588585662841797,0,0.0,3567.9129283473735
10,13,15.0,1.78,0.8,0.8,0.6000000000000001,8,7,4,-39.005156707763675,0,0.0,6654.360955991071
10,14,15.0,1.78,0.8,0.8,0.6000000000000001,8,7,4,-7.248442840576172,0,0.0,9329.98515516697
10,15,15.0,1.78,0.8,0.8,0.6000000000000001,8,7,4,-9.98732681274414,0,0.0,4898.448090097126
10,16,15.0,1.78,0.8,0.8,0.6000000000000001,8,7,4,-20.699454498291015,0,0.0,5957.783280770157
10,17,15.0,1.78,0.8,0.8,0.6000000000000001,8,7,4,-29.27211685180664,0,0.0,6522.13149396541
10,18,15.0,1.78,0.8,0.8,0.6000000000000001,8,7,4,-24.25521011352539,0,0.0,7116.230914265285
10,19,15.0,1.78,0.8,0.8,0.6000000000000001,8,7,4,-27.98226089477539,0,0.0,7952.045823404909
10,20,15.0,1.78,0.8,0.8,0.6000000000000001,8,7,4,-22.464469146728515,0,0.0,5394.998158728142
10,21,15.0,1.78,0.8,0.8,0.6000000000000001,8,7,4,-33.84184951782227,0,0.0,6126.263827630557
10,22,15.0,1.78,0.8,0.8,0.6000000000000001,8,7,4,-15.515433502197265,0,0.0,15750.778533101105
10,23,15.0,1.78,0.8,0.8,0.6000000000000001,8,7,4,-24.12759323120117,0,0.0,6847.716745018694
10,24,15.0,1.78,0.8,0.8,0.6000000000000001,8,7,4,-24.089598846435546,0,0.0,6226.086844709662
10,25,15.0,1.78,0.8,0.8,0.6000000000000001,8,7,4,-5.232920837402344,0,0.0,11794.827421041351
10,26,15.0,1.78,0.8,0.8,0.6000000000000001,8,7,4,-32.48133773803711,0,0.0,6664.760755570156
10,27,15.0,1.78,0.8,0.8,0.6000000000000001,8,7,4,-48.74736709594727,0,0.0,6294.875906909934
10,28,15.0,1.78,0.8,0.8,0.6000000000000001,8,7,4,-17.80659408569336,0,0.0,5806.917222477317
10,29,15.0,1.78,0.8,0.8,0.6000000000000001,8,7,4,-16.628218841552734,0,0.0,5443.495907628119
10,30,15.0,1.78,0.8,0.8,0.6000000000000001,8,7,4,-30.05781478881836,0,0.0,385644.2949186108
10,31,15.0,1.78,0.8,0.8,0.6000000000000001,8,7,4,-34.153907012939456,0,0.0,14253.209794587077
11,0,10.0,1.92,0.8,0.8,0.6000000000000001,8,7,4,3.6349056243896483,0,0.0,2233.425142854141
11,1,10.0,1.92,0.8,0.8,0.6000000000000001,8,7,4,3.178782272338867,0,0.0,1577.1738685917467
11,2,10.0,1.92,0.8,1.0,0.8,9,8,4,2.9553058624267576,0,0.0,2921.726687687866
11,3,10.0,1.92,0.8,0.8,0.6000000000000001,8,7,4,3.1674564361572264,0,0.0,1699.076912444642
11,4,10.0,1.92,0.8,0.8,0.6000000000000001,8,7,4,4.366474914550781,0,0.0,1697.826105880363
11,5,10.0,1.92,0.8,0.8,0.6000000000000001,8,7,4,4.579233932495117,0,0.0,1825.8635144631392
11,6,10.0,1.92,0.8,0.8,0.6000000000000001,8,7,4,2.6329906463623045,0,0.0,1319.4158518060221
11,7,10.0,1.92,0.8,0.8,0.6000000000000001,8,7,4,3.3433998107910154,0,0.0,1628.7121510816744
11,8,10.0,1.92,0.8,0.8,0.6000000000000001,8,7,4,3.9209735870361326,0,0.0,1601.4340086125933
11,9,10.0,1.92,0.8,1.0,0.8,9,8,4,3.2046554565429686,0,0.0,2922.67042428296
11,10,10.0,1.92,0.8,0.8,0.6000000000000001,8,7,4,3.1900375366210936,0,0.0,1809.3638600787726
11,11,10.0,1.92,0.8,0.8,0.6000000000000001,8,7,4,2.903616714477539,0,0.0,1404.3435464687632
11,12,10.0,1.92,0.8,0.8,0.6000000000000001,8,7,4,3.873280334472656,0,0.0,1448.73722510777
11,13,10.0,1.92,0.8,0.8,0.6000000000000001,8,7,4,3.4822357177734373,0,0.0,1534.3620721531317
11,14,10.0,1.92,0.8,0.8,0.6000000000000001,8,7,4,3.0251396179199217,0,0.0,1428.6172003575748
11,15,10.0,1.92,0.8,0.8,0.6000000000000001,8,7,4,4.822346496582031,0,0.0,2062.016304398157
11,16,10.0,1.92,0.8,0.8,0.6000000000000001,8,7,4,3.0202587127685545,0,0.0,1799.5477780145495
11,17,10.0,1.92,0.8,0.8,0.6000000000000001,8,7,4,3.7741668701171873,0,0.0,1620.3983072526871
11,18,10.0,1.92,0.8,0.8,0.6000000000000001,8,7,4,2.6142910003662108,0,0.0,1525.0302031805288
11,19,10.0,1.92,0.8,0.8,0.6000000000000001,8,7,4,3.6466739654541014,0,0.0,1875.8328620048
11,20,10.0,1.92,0.8,0.8,0.6000000000000001,8,7,4,3.4664333343505858,0,0.0,1397.0901402880588
11,21,10.0,1.92,0.8,0.8,0.6000000000000001,8,7,4,2.2566860198974608,0,0.0,1879.2849587020603
11,22,10.0,1.92,0.8,0.8,0.6000000000000001,8,7,4,4.4048583984375,0,0.0,1385.3236363021613
11,23,10.0,1.92,0.8,0.8,0.6000000000000001,8,7,4,4.891619491577148,0,0.0,1683.1230502191904
11,24,10.0,1.92,0.8,0.8,0.6000000000000001,8,7,4,4.056155014038086,0,0.0,1699.9908998790936
11,25,10.0,1.92,0.8,0.8,0.6000000000000001,8,7,4,3.3952568054199217,0,0.0,1695.1503393113096
11,26,10.0,1.92,0.8,1.0,0.8,9,8,4,3.3240592956542967,0,0.0,2921.5230141800293
11,27,10.0,1.92,0.8,0.8,0.6000000000000001,8,7,4,3.5277870178222654,0,0.0,1461.9629586217306
11,28,10.0,1.92,0.8,0.8,0.6000000000000001,8,7,4,3.0005615234375,0,0.0,1863.4425080662634
11,29,10.0,1.92,0.8,0.8,0.6000000000000001,8,7,4,3.858906555175781,0,0.0,1478.262212049925
11,30,10.0,1.92,0.8,0.8,0.6000000000000001,8,7,4,4.520788955688476,0,0.0,1697.3333127676462
11,31,10.0,1.92,0.8,0.8,0.6000000000000001,8,7,4,1.7273986816406248,0,0.0,1468.4245188184627
12,0,25.0,2.168,0.8,1.4000000000000001,1.0,11,9,4,-86.58253784179688,0,0.0,9740.779746590795
12,1,25.0,2.168,0.8,1.2000000000000002,1.0,10,9,4,-62.60069580078125,0,0.0,16510.62392301733
12,2,25.0,2.168,0.8,1.8,1.0,13,9,4,-132.18112487792968,0,0.0,15463.866515984731
12,3,25.0,2.168,0.8,5.2,1.0,30,9,4,-170.67605895996093,0,0.0,1978425.1370085543
12,4,25.0,2.168,0.8,3.2,1.0,20,9,4,-125.60823364257813,0,0.0,11268.367378955458
12,5,25.0,2.168,0.8,1.6,1.0,12,9,4,-95.68995971679688,0,0.0,16091.087049631062
12,6,25.0,2.168,0.8,1.2000000000000002,1.0,10,9,4,-101.53207702636719,0,0.0,15693.836472007535
12,7,25.0,2.168,0.8,1.4000000000000001,1.0,11,9,4,-64.14775390625,0,0.0,16254.587481984998
12,8,25.0,2.168,0.8,1.4000000000000001,1.0,11,9,4,-129.9006378173828,0,0.0,16775.144867596122
12,9,25.0,2.168,0.8,2.6,1.0,17,9,4,-129.5143310546875,0,0.0,21181.65786380578
12,10,25.0,2.168,0.8,1.6,1.0,12,9,4,-105.44661254882813,0,0.0,7648.177915019546
12,11,25.0,2.168,0.8,1.2000000000000002,1.0,10,9,4,-99.85901184082032,0,0.0,841277.5645354511
12,12,25.0,2.168,0.8,1.4000000000000001,1.0,11,9,4,-93.596728515625,0,0.0,113375.99762198424
12,13,25.0,2.168,0.8,1.4000000000000001,1.0,11,9,4,-154.15848083496093,0,0.0,16999.35224717115
12,14,25.0,2.168,0.8,1.8,1.0,13,9,4,-111.62892456054688,0,0.0,69844824.53020917
12,15,25.0,2.168,0.8,1.2000000000000002,1.0,10,9,4,-82.25430603027344,0,0.0,57307.801331069415
12,16,25.0,2.168,0.8,1.4000000000000001,1.0,11,9,4,-83.76022644042969,0,0.0,7841.687489167284
12,17,25.0,2.168,0.8,1.4000000000000001,1.0,11,9,4,-98.89839477539063,0,0.0,9245.777446238551
12,18,25.0,2.168,0.8,1.6,1.0,12,9,4,-166.7235137939453,0,0.0,15504.10768540915
12,19,25.0,2.168,0.8,2.0,1.0,14,9,4,-122.41112060546875,0,0.0,78843.44041873013
12,20,25.0,2.168,0.8,1.8,1.0,13,9,4,-110.05340881347657,0,0.0,10351.226542579558
12,21,25.0,2.168,0.8,1.2000000000000002,1.0,10,9,4,-58.69949645996094,0,0.0,25222.137893563748
12,22,25.0,2.168,0.8,1.2000000000000002,1.0,10,9,4,-88.03869934082032,0,0.0,9427.019581948773
12,23,25.0,2.168,0.8,1.2000000000000002,1.0,10,9,4,-115.75686950683594,0,0.0,17774.201882204216
12,24,25.0,2.168,0.8,1.2000000000000002,1.0,10,9,4,-63.71133728027344,0,0.0,33239.202082043026
12,25,25.0,2.168,0.8,1.4000000000000001,1.0,11,9,4,-91.36387939453125,0,0.0,11230.739003872828
12,26,25.0,2.168,0.8,1.6,1.0,12,9,4,-115.51880187988282,0,0.0,97312.7063946551
12,27,25.0,2.168,0.8,1.8,1.0,13,9,4,-128.27420349121093,0,0.0,20758.07790324579
12,28,25.0,2.168,0.8,2.0,1.0,14,9,4,-136.66180725097655,0,0.0,29077.25805524634
12,29,25.0,2.168,0.8,3.6,1.0,22,9,4,-117.83246154785157,0,0.0,18844.91109574378
12,30,25.0,2.168,0.8,1.2000000000000002,1.0,10,9,4,-98.74637145996094,0,0.0,169080.04439112567
12,31,25.0,2.168,0.8,1.4000000000000001,1.0,11,9,4,-136.85367126464843,0,0.0,70851.84660195606
13,0,20.0,2.21,0.8,1.4000000000000001,0.8,11,8,4,-118.02064819335938,0,0.0,8329.013634544817
13,1,20.0,2.21,0.8,1.0,0.8,9,8,4,-50.48671264648438,0,0.0,8140.625594205205
13,2,20.0,2.21,0.8,1.4000000000000001,0.8,11,8,4,-97.91815490722657,0,0.0,8988.238233569844
13,3,20.0,2.21,0.8,1.0,0.8,9,8,4,-58.7589599609375,0,0.0,2310.6584240195307
13,4,20.0,2.21,0.8,1.2000000000000002,0.8,10,8,4,-109.096240234375,0,0.0,16162407.16986298
13,5,20.0,2.21,0.8,1.2000000000000002,0.8,10,8,4,-62.02614135742188,0,0.0,485694.59293731523
13,6,20.0,2.21,0.8,1.0,0.8,9,8,4,-52.69241638183594,0,0.0,19206.491744827217
13,7,20.0,2.21,0.8,1.0,0.8,9,8,4,-47.15037841796875,0,0.0,11193.272175937838
13,8,20.0,2.21,0.8,1.2000000000000002,0.8,10,8,4,-48.402529907226565,0,0.0,21880.43013313619
13,9,20.0,2.21,0.8,1.0,0.8,9,8,4,-38.35254974365235,0,0.0,6634.84834467122
13,10,20.0,2.21,0.8,1.0,0.8,9,8,4,-62.55948181152344,0,0.0,7637.968578517425
13,11,20.0,2.21,0.8,1.6,0.8,12,8,4,-62.3680908203125,0,0.0,7603.529238276
13,12,20.0,2.21,0.8,1.0,0.8,9,8,4,5.50330810546875,0,0.0,2164.3177334516995
13,13,20.0,2.21,0.8,1.0,0.8,9,8,4,-27.96373291015625,0,0.0,3480.2831115766676
13,14,20.0,2.21,0.8,1.2000000000000002,0.8,10,8,4,-86.94447631835938,0,0.0,9509.486139353472
13,15,20.0,2.21,0.8,1.0,0.8,9,8,4,-27.96917266845703,0,0.0,8018.466100610053
13,16,20.0,2.21,0.8,1.2000000000000002,0.8,10,8,4,-71.17099304199219,0,0.0,7973.029070077357
13,17,20.0,2.21,0.8,1.2000000000000002,0.8,10,8,4,-56.1195556640625,0,0.0,8751.686024169225
13,18,20.0,2.21,0.8,1.2000000000000002,0.8,10,8,4,-45.65237731933594,0,0.0,2893.690575717771
13,19,20.0,2.21,0.8,1.0,0.8,9,8,4,-77.36935729980469,0,0.0,3144.99645118347
13,20,20.0,2.21,0.8,1.0,0.8,9,8,4,-53.61458129882813,0,0.0,74763.26558246963
13,21,20.0,2.21,0.8,1.8,0.8,13,8,4,-65.04805297851563,0,0.0,26340.003365401295
13,22,20.0,2.21,0.8,1.2000000000000002,0.8,10,8,4,-18.925181579589843,0,0.0,4371.228520407949
13,23,20.0,2.21,0.8,1.0,0.8,9,8,4,-64.87842102050782,0,0.0,7707.689918910582
13,24,20.0,2.21,0.8,1.2000000000000002,0.8,10,8,4,-28.814593505859374,0,0.0,22118.54348785368
13,25,20.0,2.21,0.8,1.0,0.8,9,8,4,-65.2904541015625,0,0.0,7869.551334876654
13,26,20.0,2.21,0.8,1.4000000000000001,0.8,11,8,4,-50.29611511230469,0,0.0,22525.982457008264
13,27,20.0,2.21,0.8,1.4000000000000001,0.8,11,8,4,-63.56906433105469,0,0.0,7792.300928142202
13,28,20.0,2.21,0.8,1.0,0.8,9,8,4,-53.45579833984375,0,0.0,8804.698692179718
13,29,20.0,2.21,0.8,1.0,0.8,9,8,4,-49.32083435058594,0,0.0,7894.286753805782
13,30,20.0,2.21,0.8,1.4000000000000001,0.8,11,8,4,-53.392520141601565,0,0.0,7228.001515041803
13,31,20.0,2.21,0.8,1.0,0.8,9,8,4,-82.757861328125,0,0.0,9698.582117564414
14,0,15.0,2.28,0.8,1.0,0.8,9,8,4,-5.811068725585938,0,0.0,2191.10851079572
14,1,15.0,2.28,0.8,1.0,0.8,9,8,4,-31.408526611328124,0,0.0,6195.516457090584
14,2,15.0,2.28,0.8,1.0,0.8,9,8,4,4.305046844482422,0,0.0,2444.4207337612634
14,3,15.0,2.28,0.8,1.0,0.8,9,8,4,1.9977462768554686,0,0.0,2460.9420120377936
14,4,15.0,2.28,0.8,1.4000000000000001,0.8,11,8,4,-29.560000610351562,0,0.0,7183.689098952221
14,5,15.0,2.28,0.8,1.2000000000000002,0.8,10,8,4,-66.27718658447266,0,0.0,15626.77719749408
14,6,15.0,2.28,0.8,1.0,0.8,9,8,4,-16.863406372070312,0,0.0,76666.05432408443
14,7,15.0,2.28,0.8,1.0,0.8,9,8,4,-39.42703552246094,0,0.0,17148.402073272846
14,8,15.0,2.28,0.8,1.0,0.8,9,8,4,12.774281311035157,0,0.0,3070.625924672453
14,9,15.0,2.28,0.8,1.0,0.8,9,8,4,-24.037944030761718,0,0.0,5056.144998361215
14,10,15.0,2.28,0.8,1.0,0.8,9,8,4,-29.331584167480468,0,0.0,6082.188004395075
14,11,15.0,2.28,0.8,1.0,0.8,9,8,4,2.0428703308105467,0,0.0,2153.479049902549
14,12,15.0,2.28,0.8,1.0,0.8,9,8,4,6.242642211914062,0,0.0,1987.4334906721983
14,13,15.0,2.28,0.8,1.0,0.8,9,8,4,-15.988749694824218,0,0.0,2609.778372392848
14,14,15.0,2.28,0.8,1.0,0.8,9,8,4,-42.91163177490235,0,0.0,6190.247207264795
14,15,15.0,2.28,0.8,1.0,0.8,9,8,4,-6.290438842773438,0,0.0,6262.038091376072
14,16,15.0,2.28,0.8,1.0,0.8,9,8,4,-32.038325500488284,0,0.0,596276.989360756
14,17,15.0,2.28,0.8,1.0,0.8,9,8,4,3.380940246582031,0,0.0,2632.141872377081
14,18,15.0,2.28,0.8,1.0,0.8,9,8,4,3.47388916015625,0,0.0,2385.0658226344453
14,19,15.0,2.28,0.8,1.0,0.8,9,8,4,-26.942164611816406,0,0.0,942019.4085981331
14,20,15.0,2.28,0.8,1.2000000000000002,0.8,10,8,4,-66.3751937866211,0,0.0,12471.401619846236
14,21,15.0,2.28,0.8,1.0,0.8,9,8,4,-13.917506408691406,0,0.0,2899.370061105795
14,22,15.0,2.28,0.8,1.0,0.8,9,8,4,1.4587829589843748,0,0.0,2603.635360379574
14,23,15.0,2.28,0.8,1.0,0.8,9,8,4,-27.336672973632812,0,0.0,5816.431864144923
14,24,15.0,2.28,0.8,1.0,0.8,9,8,4,3.3472755432128904,0,0.0,2896.399948964062
14,25,15.0,2.28,0.8,1.0,0.8,9,8,4,-40.25918121337891,0,0.0,6893.839569316989
14,26,15.0,2.28,0.8,1.2000000000000002,0.8,10,8,4,-25.594340515136718,0,0.0,2269.1641126814616
14,27,15.0,2.28,0.8,1.0,0.8,9,8,4,-12.470606994628906,0,0.0,2915.975176826589
14,28,15.0,2.28,0.8,1.0,0.8,9,8,4,2.458599853515625,0,0.0,2427.947212235954
14,29,15.0,2.28,0.8,1.2000000000000002,0.8,10,8,4,-40.718203735351565,0,0.0,6020.986898363816
14,30,15.0,2.28,0.8,1.0,0.8,9,8,4,4.1790626525878904,0,0.0,1837.775386984684
14,31,15.0,2.28,0.8,1.0,0.8,9,8,4,-25.927272033691406,0,0.0,500806.8214040857
15,0,10.0,2.42,0.8,1.0,0.8,9,8,4,2.195965576171875,0,0.0,1618.5535044950107
15,1,10.0,2.42,0.8,1.0,0.8,9,8,4,4.971943664550781,0,0.0,1360.6493268849422
15,2,10.0,2.42,0.8,1.0,0.8,9,8,4,3.1974609375,0,0.0,1227.2568782476724
15,3,10.0,2.42,0.8,1.0,0.8,9,8,4,5.800875473022461,0,0.0,1398.7749929621184
15,4,10.0,2.42,0.8,1.0,0.8,9,8,4,4.971640396118164,0,0.0,1298.4234165757546
15,5,10.0,2.42,0.8,1.0,0.8,9,8,4,6.086933898925781,0,0.0,1467.1004975627263
15,6,10.0,2.42,0.8,1.0,0.8,9,8,4,4.39124755859375,0,0.0,1652.6266375757316
15,7,10.0,2.42,0.8,1.0,0.8,9,8,4,5.955366897583008,0,0.0,1215.6246594919135
15,8,10.0,2.42,0.8,1.0,0.8,9,8,4,3.212055969238281,0,0.0,1726.3665249402598
15,9,10.0,2.42,0.8,1.0,0.8,9,8,4,6.043261337280273,0,0.0,1619.6244041458438
15,10,10.0,2.42,0.8,1.0,0.8,9,8,4,4.399119186401367,0,0.0,1234.2740295305568
15,11,10.0,2.42,0.8,1.0,0.8,9,8,4,5.35259895324707,0,0.0,1095.9798189009346
15,12,10.0,2.42,0.8,1.0,0.8,9,8,4,3.828316497802734,0,0.0,1183.3347048957166
15,13,10.0,2.42,0.8,1.0,0.8,9,8,4,5.060293960571289,0,0.0,1252.4588548750828
15,14,10.0,2.42,0.8,1.0,0.8,9,8,4,4.035828399658203,0,0.0,1557.751446673442
15,15,10.0,2.42,0.8,1.0,0.8,9,8,4,4.487919616699219,0,0.0,1149.1043457212998
15,16,10.0,2.42,0.8,1.0,0.8,9,8,4,5.5542247772216795,0,0.0,1532.2957106975762
15,17,10.0,2.42,0.8,1.0,0.8,9,8,4,4.761015701293945,0,0.0,1448.3450776048346
15,18,10.0,2.42,0.8,1.0,0.8,9,8,4,2.9647567749023436,0,0.0,1708.8053867531141
15,19,10.0,2.42,0.8,1.0,0.8,9,8,4,4.942026901245117,0,0.0,1292.651021428864
15,20,10.0,2.42,0.8,1.0,0.8,9,8,4,3.3318031311035154,0,0.0,1570.8402246659216
15,21,10.0,2.42,0.8,1.0,0.8,9,8,4,4.578951644897461,0,0.0,1551.411688821746
15,22,10.0,2.42,0.8,1.0,0.8,9,8,4,6.729584503173828,0,0.0,1519.4805880695453
15,23,10.0,2.42,0.8,1.0,0.8,9,8,4,4.371416854858398,0,0.0,1606.794951646232
15,24,10.0,2.42,0.8,1.0,0.8,9,8,4,5.148779678344726,0,0.0,1187.353076911048
15,25,10.0,2.42,0.8,1.0,0.8,9,8,4,4.357924270629883,0,0.0,1675.9488636393314
15,26,10.0,2.42,0.8,1.0,0.8,9,8,4,5.794585037231445,0,0.0,1518.8648832899626
15,27,10.0,2.42,0.8,1.0,0.8,9,8,4,3.4334991455078123,0,0.0,1512.8565047227812
15,28,10.0,2.42,0.8,1.0,0.8,9,8,4,4.492598342895508,0,0.0,1285.721866331742
15,29,10.0,2.42,0.8,1.0,0.8,9,8,4,2.8161056518554686,0,0.0,1177.1424089043057
15,30,10.0,2.42,0.8,1.0,0.8,9,8,4,2.440766143798828,0,0.0,1474.5929311298016
15,31,10.0,2.42,0.8,1.0,0.8,9,8,4,5.798552322387695,0,0.0,1427.0919569634705
16,0,25.0,2.668,0.8,1.8,1.4000000000000001,13,11,4,-102.75484008789063,0,0.0,10773.212682417476
16,1,25.0,2.668,0.8,2.0,1.4000000000000001,14,11,4,-122.42932434082032,0,0.0,11219.962310965324
16,2,25.0,2.668,0.8,1.6,1.4000000000000001,12,11,4,-100.96747131347657,0,0.0,9495.018692152042
16,3,25.0,2.668,0.8,1.6,1.4000000000000001,12,11,4,-106.925830078125,0,0.0,16323.746480609332
16,4,25.0,2.668,0.8,3.4000000000000004,1.4000000000000001,21,11,4,-151.87979431152343,0,0.0,15850.728488048559
16,5,25.0,2.668,0.8,1.8,1.4000000000000001,13,11,4,-97.91823120117188,0,0.0,8358.452666330835
16,6,25.0,2.668,0.8,2.2,1.4000000000000001,15,11,4,-75.48536987304688,0,0.0,10152.774584878727
16,7,25.0,2.668,0.8,2.8000000000000003,1.4000000000000001,18,11,4,-66.49808044433594,0,0.0,10143.258383994116
16,8,25.0,2.668,0.8,1.8,1.4000000000000001,13,11,4,-78.00793762207032,0,0.0,8340.890424203706
16,9,25.0,2.668,0.8,3.2,1.4000000000000001,20,11,4,-143.0660430908203,0,0.0,16476.23276757138
16,10,25.0,2.668,0.8,1.6,1.4000000000000001,12,11,4,-98.46263427734375,0,0.0,10739.075499887094
16,11,25.0,2.668,0.8,2.0,1.4000000000000001,14,11,4,-140.16922302246093,0,0.0,28775.603942937996
16,12,25.0,2.668,0.8,1.6,1.4000000000000001,12,11,4,-100.58786315917969,0,0.0,9597.127222865125
16,13,25.0,2.668,0.8,1.8,1.4000000000000001,13,11,4,-133.63186950683593,0,0.0,8148.101904287567
16,14,25.0,2.668,0.8,1.8,1.4000000000000001,13,11,4,-145.22177429199218,0,0.0,16221.192889167287
16,15,25.0,2.668,0.8,2.6,1.4000000000000001,17,11,4,-136.28268737792968,0,0.0,15008.537433318636
16,16,25.0,2.668,0.8,1.6,1.4000000000000001,12,11,4,-112.15820617675782,0,0.0,8907.8525800449
16,17,25.0,2.668,0.8,1.6,1.4000000000000001,12,11,4,-78.47474975585938,0,0.0,16013.190710203253
16,18,25.0,2.668,0.8,1.8,1.4000000000000001,13,11,4,-86.20555419921875,0,0.0,18110.820711644737
16,19,25.0,2.668,0.8,2.4000000000000004,1.4000000000000001,16,11,4,-100.84228820800782,0,0.0,9404.150881065825
16,20,25.0,2.668,0.8,1.8,1.4000000000000001,13,11,4,-55.5275146484375,0,0.0,10887.090224624477
16,21,25.0,2.668,0.8,2.2,1.4000000000000001,15,11,4,-96.73126525878907,0,0.0,140427.9021424277
16,22,25.0,2.668,0.8,1.6,1.4000000000000001,12,11,4,-103.43579406738282,0,0.0,15411.833734929995
16,23,25.0,2.668,0.8,2.2,1.4000000000000001,15,11,4,-127.93576354980469,0,0.0,22365.739498856266
16,24,25.0,2.668,0.8,2.0,1.4000000000000001,14,11,4,-134.15951843261718,0,0.0,3584606.0243114023
16,25,25.0,2.668,0.8,4.2,1.4000000000000001,25,11,4,-124.27832336425782,0,0.0,15767.621308425283
16,26,25.0,2.668,0.8,1.8,1.4000000000000001,13,11,4,-91.21490783691407,0,0.0,8579.311760335919
16,27,25.0,2.668,0.8,2.4000000000000004,1.4000000000000001,16,11,4,-84.68887634277344,0,0.0,447496.41412177414
16,28,25.0,2.668,0.8,1.6,1.4000000000000001,12,11,4,-110.93786926269532,0,0.0,17696.064493379832
16,29,25.0,2.668,0.8,2.4000000000000004,1.4000000000000001,16,11,4,-90.62503356933594,0,0.0,17390.8499404267
16,30,25.0,2.668,0.8,1.6,1.4000000000000001,12,11,4,-106.8165771484375,0,0.0,15641.13908922039
16,31,25.0,2.668,0.8,3.2,1.4000000000000001,20,11,4,-163.32294006347655,0,0.0,16100.389590168375
17,0,20.0,2.71,0.8,1.2000000000000002,1.0,10,9,4,-44.07673950195313,0,0.0,7783.48747533271
17,1,20.0,2.71,0.8,1.2000000000000002,1.0,10,9,4,-25.987109375,0,0.0,2865.0966662303963
17,2,20.0,2.71,0.8,1.2000000000000002,1.0,10,9,4,-41.63124389648438,0,0.0,11735.472523139773
17,3,20.0,2.71,0.8,1.2000000000000002,1.0,10,9,4,-87.62709350585938,0,0.0,7933.533315577379
17,4,20.0,2.71,0.8,1.4000000000000001,1.0,11,9,4,-60.501162719726565,0,0.0,7708.088852838485
17,5,20.0,2.71,0.8,1.6,1.0,12,9,4,-55.136279296875,0,0.0,6449146.288303967
17,6,20.0,2.71,0.8,1.8,1.0,13,9,4,-68.87320251464844,0,0.0,8770.017578252795
17,7,20.0,2.71,0.8,1.2000000000000002,1.0,10,9,4,-49.715213012695315,0,0.0,73644.51630919141
17,8,20.0,2.71,0.8,1.2000000000000002,1.0,10,9,4,-79.02855224609375,0,0.0,7796.335355661949
17,9,20.0,2.71,0.8,1.2000000000000002,1.0,10,9,4,-58.029421997070315,0,0.0,2270.777750966526
17,10,20.0,2.71,0.8,1.2000000000000002,1.0,10,9,4,-48.56447143554688,0,0.0,15629.932103126863
17,11,20.0,2.71,0.8,1.4000000000000001,1.0,11,9,4,-51.37156982421875,0,0.0,8060.978721089762
17,12,20.0,2.71,0.8,1.4000000000000001,1.0,11,9,4,-57.90260620117188,0,0.0,8365.396274966402
17,13,20.0,2.71,0.8,1.4000000000000001,1.0,11,9,4,3.4418304443359373,0,0.0,2662.3397670463664
17,14,20.0,2.71,0.8,1.8,1.0,13,9,4,-86.700732421875,0,0.0,7878.698836325828
17,15,20.0,2.71,0.8,1.4000000000000001,1.0,11,9,4,-27.100672912597656,0,0.0,10150.454471115252
17,16,20.0,2.71,0.8,1.4000000000000001,1.0,11,9,4,-21.19439239501953,0,0.0,2602.8709950886346
17,17,20.0,2.71,0.8,1.2000000000000002,1.0,10,9,4,-63.88417358398438,0,0.0,107558.92614342098
17,18,20.0,2.71,0.8,2.2,1.0,15,9,4,-88.86123962402344,0,0.0,9516.323686048096
17,19,20.0,2.71,0.8,1.4000000000000001,1.0,11,9,4,-58.86697692871094,0,0.0,8364.130935543175
17,20,20.0,2.71,0.8,1.2000000000000002,1.0,10,9,4,-45.06430358886719,0,0.0,231006.43469733975
17,21,20.0,2.71,0.8,1.2000000000000002,1.0,10,9,4,-26.677951049804687,0,0.0,7996.636347278895
17,22,20.0,2.71,0.8,1.2000000000000002,1.0,10,9,4,-105.16635437011719,0,0.0,3367501.6035855943
17,23,20.0,2.71,0.8,1.2000000000000002,1.0,10,9,4,-64.16145629882813,0,0.0,7324.854605593766
17,24,20.0,2.71,0.8,1.6,1.0,12,9,4,-43.44961853027344,0,0.0,8197.60296291656
17,25,20.0,2.71,0.8,1.2000000000000002,1.0,10,9,4,-69.79786987304688,0,0.0,8664.278264695613
17,26,20.0,2.71,0.8,1.4000000000000001,1.0,11,9,4,-44.6521484375,0,0.0,11542.643294922635
17,27,20.0,2.71,0.8,2.2,1.0,15,9,4,-63.0873291015625,0,0.0,7887.639980786838
17,28,20.0,2.71,0.8,1.2000000000000002,1.0,10,9,4,-104.29820556640625,0,0.0,9181.240265638384
17,29,20.0,2.71,0.8,1.4000000000000001,1.0,11,9,4,-49.119387817382815,0,0.0,238261.6459743442
17,30,20.0,2.71,0.8,1.2000000000000002,1.0,10,9,4,-33.13412780761719,0,0.0,361494.65641802485
17,31,20.0,2.71,0.8,1.2000000000000002,1.0,10,9,4,-49.81669921875,0,0.0,8093.349180919503
18,0,15.0,2.78,0.8,1.2000000000000002,1.0,10,9,4,8.79105453491211,0,0.0,2450.809872171985
18,1,15.0,2.78,0.8,1.2000000000000002,1.0,10,9,4,2.696492004394531,0,0.0,2585.1365744382683
18,2,15.0,2.78,0.8,1.2000000000000002,1.0,10,9,4,-13.77044219970703,0,0.0,8801.329631469902
18,3,15.0,2.78,0.8,1.2000000000000002,1.0,10,9,4,3.2655609130859373,0,0.0,2057.192787541826
18,4,15.0,2.78,0.8,1.2000000000000002,1.0,10,9,4,-11.044680786132812,0,0.0,17918.818302847372
18,5,15.0,2.78,0.8,1.2000000000000002,1.0,10,9,4,-29.6100341796875,0,0.0,10078.831269700224
18,6,15.0,2.78,0.8,1.2000000000000002,1.0,10,9,4,-25.051943969726562,0,0.0,122850.41300529895
18,7,15.0,2.78,0.8,1.2000000000000002,1.0,10,9,4,6.130165863037109,0,0.0,2190.501356758629
18,8,15.0,2.78,0.8,1.2000000000000002,1.0,10,9,4,-35.02717895507813,0,0.0,10358.983784772034
18,9,15.0,2.78,0.8,1.2000000000000002,1.0,10,9,4,2.216297912597656,0,0.0,1925.3310977124906
18,10,15.0,2.78,0.8,1.2000000000000002,1.0,10,9,4,-44.61910552978516,0,0.0,3298.719371618413
18,11,15.0,2.78,0.8,1.2000000000000002,1.0,10,9,4,5.398644256591797,0,0.0,2484.667023124147
18,12,15.0,2.78,0.8,1.2000000000000002,1.0,10,9,4,9.812393951416016,0,0.0,2108.1169314936737
18,13,15.0,2.78,0.8,1.2000000000000002,1.0,10,9,4,-32.36507720947266,0,0.0,16756.213658941728
18,14,15.0,2.78,0.8,1.2000000000000002,1.0,10,9,4,3.6397216796875,0,0.0,1856.9083291562872
18,15,15.0,2.78,0.8,1.4000000000000001,1.0,11,9,4,-24.138140869140624,0,0.0,6359.256860081708
18,16,15.0,2.78,0.8,1.4000000000000001,1.0,11,9,4,-1.0363342285156252,0,0.0,3771.8717861825435
18,17,15.0,2.78,0.8,1.2000000000000002,1.0,10,9,4,-29.737681579589843,0,0.0,15802.326988682682
18,18,15.0,2.78,0.8,1.2000000000000002,1.0,10,9,4,3.6990936279296873,0,0.0,2073.0001101407074
18,19,15.0,2.78,0.8,1.4000000000000001,1.0,11,9,4,-31.283213806152343,0,0.0,6310.462646223517
18,20,15.0,2.78,0.8,1.2000000000000002,1.0,10,9,4,3.8153045654296873,0,0.0,1392.799683946999
18,21,15.0,2.78,0.8,1.2000000000000002,1.0,10,9,4,5.843571472167969,0,0.0,1782.244948471165
18,22,15.0,2.78,0.8,1.2000000000000002,1.0,10,9,4,-19.855258178710937,0,0.0,7324.200184992308
18,23,15.0,2.78,0.8,1.2000000000000002,1.0,10,9,4,6.151646423339844,0,0.0,2017.5590593073412
18,24,15.0,2.78,0.8,1.2000000000000002,1.0,10,9,4,-4.774310302734375,0,0.0,2010.3066874730796
18,25,15.0,2.78,0.8,1.2000000000000002,1.0,10,9,4,3.672871398925781,0,0.0,2402.5433236065255
18,26,15.0,2.78,0.8,1.2000000000000002,1.0,10,9,4,5.1280982971191404,0,0.0,1771.2373524566265
18,27,15.0,2.78,0.8,1.2000000000000002,1.0,10,9,4,7.433941650390625,0,0.0,2538.149953778048
18,28,15.0,2.78,0.8,1.2000000000000002,1.0,10,9,4,5.335228729248047,0,0.0,2628.016777434408
18,29,15.0,2.78,0.8,1.2000000000000002,1.0,10,9,4,-20.326419067382812,0,0.0,5458.736139351477
18,30,15.0,2.78,0.8,1.2000000000000002,1.0,10,9,4,2.6221359252929686,0,0.0,1639.4155641616244
18,31,15.0,2.78,0.8,1.2000000000000002,1.0,10,9,4,3.2053878784179686,0,0.0,1476.4496340037224
19,0,10.0,2.92,0.8,1.2000000000000002,1.0,10,9,4,6.1912391662597654,0,0.0,1144.2251173217326
19,1,10.0,2.92,0.8,1.2000000000000002,1.0,10,9,4,7.2632301330566404,0,0.0,1096.8387402395913
19,2,10.0,2.92,0.8,1.2000000000000002,1.0,10,9,4,4.911320495605469,0,0.0,1110.0916892011908
19,3,10.0,2.92,0.8,1.2000000000000002,1.0,10,9,4,4.301049041748047,0,0.0,1409.7277809692816
19,4,10.0,2.92,0.8,1.2000000000000002,1.0,10,9,4,2.9938934326171873,0,0.0,1342.7814792628374
19,5,10.0,2.92,0.8,1.4000000000000001,1.0,11,9,4,3.0033195495605467,0,0.0,1989.2260254248445
19,6,10.0,2.92,0.8,1.2000000000000002,1.0,10,9,4,5.504631805419922,0,0.0,1686.7014984685993
19,7,10.0,2.92,0.8,1.2000000000000002,1.0,10,9,4,4.405480194091797,0,0.0,1117.7484750486278
19,8,10.0,2.92,0.8,1.2000000000000002,1.0,10,9,4,9.369124221801759,0,0.0,1829.3058537075178
19,9,10.0,2.92,0.8,1.2000000000000002,1.0,10,9,4,4.77869873046875,0,0.0,1514.1721655773138
19,10,10.0,2.92,0.8,1.2000000000000002,1.0,10,9,4,7.015682983398437,0,0.0,1160.048474942157
19,11,10.0,2.92,0.8,1.2000000000000002,1.0,10,9,4,5.7415321350097654,0,0.0,1113.688806530739
19,12,10.0,2.92,0.8,1.2000000000000002,1.0,10,9,4,5.2397315979003904,0,0.0,914.7960846254525
19,13,10.0,2.92,0.8,1.2000000000000002,1.0,10,9,4,6.869923400878906,0,0.0,1456.0483557536327
19,14,10.0,2.92,0.8,1.2000000000000002,1.0,10,9,4,4.482044982910156,0,0.0,1272.9612622775153
19,15,10.0,2.92,0.8,1.2000000000000002,1.0,10,9,4,5.2415283203125,0,0.0,1166.9095933903773
19,16,10.0,2.92,0.8,1.2000000000000002,1.0,10,9,4,4.018292236328125,0,0.0,893.486856438455
19,17,10.0,2.92,0.8,1.2000000000000002,1.0,10,9,4,6.963520812988281,0,0.0,1117.7382674158519
19,18,10.0,2.92,0.8,1.2000000000000002,1.0,10,9,4,3.675598907470703,0,0.0,1010.7974717908736
19,19,10.0,2.92,0.8,1.2000000000000002,1.0,10,9,4,1.7904212951660154,0,0.0,1350.0432618613963
19,20,10.0,2.92,0.8,1.2000000000000002,1.0,10,9,4,5.5674598693847654,0,0.0,1473.993561083467
19,21,10.0,2.92,0.8,1.2000000000000002,1.0,10,9,4,9.187947082519532,0,0.0,1774.7541719412102
19,22,10.0,2.92,0.8,1.2000000000000002,1.0,10,9,4,6.593037414550781,0,0.0,1218.8232846653652
19,23,10.0,2.92,0.8,1.2000000000000002,1.0,10,9,4,6.660576629638672,0,0.0,1511.443860032599
19,24,10.0,2.92,0.8,1.2000000000000002,1.0,10,9,4,6.045414733886719,0,0.0,1224.25629260906
19,25,10.0,2.92,0.8,1.2000000000000002,1.0,10,9,4,5.7967384338378904,0,0.0,1329.2046190080282
19,26,10.0,2.92,0.8,1.2000000000000002,1.0,10,9,4,5.190918731689453,0,0.0,1325.8514346904092
19,27,10.0,2.92,0.8,1.2000000000000002,1.0,10,9,4,7.384918975830078,0,0.0,1093.9008417510704
19,28,10.0,2.92,0.8,1.2000000000000002,1.0,10,9,4,6.106453704833984,0,0.0,1263.0598976042838
19,29,10.0,2.92,0.8,1.2000000000000002,1.0,10,9,4,6.010582733154297,0,0.0,1505.4836789602855
19,30,10.0,2.92,0.8,1.2000000000000002,1.0,10,9,4,4.826416778564453,0,0.0,1656.3824628351974
19,31,10.0,2.92,0.8,1.2000000000000002,1.0,10,9,4,5.903683471679687,0,0.0,1325.8515602170648
20,0,25.0,3.168,0.8,3.2,1.6,20,12,4,-96.00224609375,0,0.0,10621.303167496353
20,1,25.0,3.168,0.8,2.2,1.6,15,12,4,-84.05102844238282,0,0.0,8823.959646416532
20,2,25.0,3.168,0.8,2.0,1.6,14,12,4,-122.75946350097657,0,0.0,23838.711130026204
20,3,25.0,3.168,0.8,2.4000000000000004,1.6,16,12,4,-109.53436584472657,0,0.0,25025.21074008153
20,4,25.0,3.168,0.8,1.8,1.6,13,12,4,-127.43542785644532,0,0.0,22808.423421585896
20,5,25.0,3.168,0.8,2.2,1.6,15,12,4,-72.81921691894532,0,0.0,12326.516865477368
20,6,25.0,3.168,0.8,4.2,1.6,25,12,4,-144.49283142089843,0,0.0,16432.53806984063
20,7,25.0,3.168,0.8,2.8000000000000003,1.6,18,12,4,-86.89195556640625,0,0.0,15275.226458876032
20,8,25.0,3.168,0.8,1.8,1.6,13,12,4,-85.97986145019532,0,0.0,16888.395160281292
20,9,25.0,3.168,0.8,3.4000000000000004,1.6,21,12,4,-135.46536560058593,0,0.0,118999.1273416383
20,10,25.0,3.168,0.8,3.2,1.6,20,12,4,-137.08285827636718,0,0.0,15295.56888085751
20,11,25.0,3.168,0.8,2.4000000000000004,1.6,16,12,4,-114.11682434082032,0,0.0,11430.089201614324
20,12,25.0,3.168,0.8,2.2,1.6,15,12,4,-55.218310546875,0,0.0,12357.001210120436
20,13,25.0,3.168,0.8,2.0,1.6,14,12,4,-52.90541381835938,0,0.0,8751.948272708167
20,14,25.0,3.168,0.8,2.2,1.6,15,12,4,-80.39715881347657,0,0.0,2554.5540356967663
20,15,25.0,3.168,0.8,1.8,1.6,13,12,4,-81.42431945800782,0,0.0,16206.931436442834
20,16,25.0,3.168,0.8,2.2,1.6,15,12,4,-63.634707641601565,0,0.0,8169.739087170943
20,17,25.0,3.168,0.8,1.8,1.6,13,12,4,-80.53218383789063,0,0.0,10164.147573065742
20,18,25.0,3.168,0.8,2.4000000000000004,1.6,16,12,4,-99.96669311523438,0,0.0,935205.2373569842
20,19,25.0,3.168,0.8,1.8,1.6,13,12,4,-118.59030456542969,0,0.0,10074.788232485518
20,20,25.0,3.168,0.8,2.2,1.6,15,12,4,-66.71272583007813,0,0.0,10452.282042106612
20,21,25.0,3.168,0.8,1.8,1.6,13,12,4,-47.187747192382815,0,0.0,2580.6410912484703
20,22,25.0,3.168,0.8,1.8,1.6,13,12,4,-86.26607055664063,0,0.0,15834.14414441024
20,23,25.0,3.168,0.8,2.6,1.6,17,12,4,-130.30179138183593,0,0.0,15973.947079846506
20,24,25.0,3.168,0.8,3.6,1.6,22,12,4,-115.10583801269532,0,0.0,29016.27417056524
20,25,25.0,3.168,0.8,2.8000000000000003,1.6,18,12,4,-94.24254150390625,0,0.0,20258.37498006947
20,26,25.0,3.168,0.8,2.2,1.6,15,12,4,-104.59190673828125,0,0.0,10899.95256787682
20,27,25.0,3.168,0.8,2.6,1.6,17,12,4,-98.05433959960938,0,0.0,18208.190790592304
20,28,25.0,3.168,0.8,2.6,1.6,17,12,4,-91.76402587890625,0,0.0,16123.90158084118
20,29,25.0,3.168,0.8,3.6,1.6,22,12,4,-115.19403381347657,0,0.0,16137.886487251037
20,30,25.0,3.168,0.8,3.0,1.6,19,12,4,-126.36398620605469,0,0.0,25104.93057376602
20,31,25.0,3.168,0.8,2.2,1.6,15,12,4,-53.5004150390625,0,0.0,8623.737155517065
21,0,20.0,3.21,0.8,2.2,1.4000000000000001,15,11,4,-74.67941589355469,0,0.0,29236.13419888739
21,1,20.0,3.21,0.8,1.6,1.4000000000000001,12,11,4,-25.112612915039062,0,0.0,5620288.179119687
21,2,20.0,3.21,0.8,1.6,1.4000000000000001,12,11,4,-74.65721435546875,0,0.0,14863.565670244687
21,3,20.0,3.21,0.8,1.8,1.6,13,12,4,-60.4591552734375,0,0.0,69587.87707050295
21,4,20.0,3.21,0.8,1.8,1.4000000000000001,13,11,4,-33.68887634277344,0,0.0,4424.0857744201985
21,5,20.0,3.21,0.8,1.8,1.6,13,12,4,-20.413180541992187,0,0.0,6971.355420279548
21,6,20.0,3.21,0.8,2.4000000000000004,1.6,16,12,4,-38.59878845214844,0,0.0,8728.265397550691
21,7,20.0,3.21,0.8,1.8,1.4000000000000001,13,11,4,-25.087603759765624,0,0.0,2427.1938634078056
21,8,20.0,3.21,0.8,1.8,1.4000000000000001,13,11,4,-52.04774780273438,0,0.0,53511.343054176556
21,9,20.0,3.21,0.8,2.0,1.6,14,12,4,-78.09543151855469,0,0.0,9785.052852651741
21,10,20.0,3.21,0.8,1.6,1.4000000000000001,12,11,4,-46.90469665527344,0,0.0,4809.191187774421
21,11,20.0,3.21,0.8,1.8,1.6,13,12,4,-45.69021911621094,0,0.0,15839.671424094398
21,12,20.0,3.21,0.8,1.8,1.6,13,12,4,-37.68753356933594,0,0.0,15737.893215283504
21,13,20.0,3.21,0.8,1.6,1.4000000000000001,12,11,4,-76.10728759765625,0,0.0,9002.67029249695
21,14,20.0,3.21,0.8,1.8,1.4000000000000001,13,11,4,-76.37765808105469,0,0.0,9804.129378662177
21,15,20.0,3.21,0.8,1.8,1.6,13,12,4,-52.830569458007815,0,0.0,17546.64197212296
21,16,20.0,3.21,0.8,2.0,1.6,14,12,4,-86.43625183105469,0,0.0,9033.247933964454
21,17,20.0,3.21,0.8,2.6,1.6,17,12,4,-48.02237243652344,0,0.0,9399.369635845449
21,18,20.0,3.21,0.8,1.6,1.4000000000000001,12,11,4,-41.50184936523438,0,0.0,8518.83230335864
21,19,20.0,3.21,0.8,1.6,1.4000000000000001,12,11,4,-84.55380554199219,0,0.0,9026.143616257352
21,20,20.0,3.21,0.8,1.6,1.4000000000000001,12,11,4,-27.443972778320312,0,0.0,7736.28423481288
21,21,20.0,3.21,0.8,1.6,1.4000000000000001,12,11,4,-48.736575317382815,0,0.0,14176.375572008543
21,22,20.0,3.21,0.8,1.8,1.4000000000000001,13,11,4,-17.605067443847656,0,0.0,2436.8289200023
21,23,20.0,3.21,0.8,1.8,1.6,13,12,4,-72.46300048828125,0,0.0,3149.7752394812096
21,24,20.0,3.21,0.8,1.6,1.4000000000000001,12,11,4,-40.47304077148438,0,0.0,2865.9107059187854
21,25,20.0,3.21,0.8,1.8,1.6,13,12,4,-16.904368591308593,0,0.0,1728.1876479694545
21,26,20.0,3.21,0.8,1.8,1.6,13,12,4,-60.058291625976565,0,0.0,13684.57241662193
21,27,20.0,3.21,0.8,1.8,1.4000000000000001,13,11,4,-22.972903442382812,0,0.0,4270.248272614677
21,28,20.0,3.21,0.8,2.2,1.6,15,12,4,-93.7208740234375,0,0.0,10343.184984535123
21,29,20.0,3.21,0.8,1.6,1.4000000000000001,12,11,4,-84.86921997070313,0,0.0,6854457.745550913
21,30,20.0,3.21,0.8,1.6,1.4000000000000001,12,11,4,-69.37977905273438,0,0.0,62731.75256567725
21,31,20.0,3.21,0.8,1.6,1.4000000000000001,12,11,4,-60.08230895996094,0,0.0,1885.810661538142
22,0,15.0,3.28,0.8,1.8,1.2000000000000002,13,10,4,-20.34208984375,0,0.0,17863.129631162545
22,1,15.0,3.28,0.8,1.4000000000000001,1.2000000000000002,11,10,4,4.083210754394531,0,0.0,3438.8429811959813
22,2,15.0,3.28,0.8,1.4000000000000001,1.2000000000000002,11,10,4,9.887570190429688,0,0.0,1541.4189929635008
22,3,15.0,3.28,0.8,1.4000000000000001,1.2000000000000002,11,10,4,4.159428405761719,0,0.0,1261.1000907363284
22,4,15.0,3.28,0.8,1.4000000000000001,1.2000000000000002,11,10,4,5.374348449707031,0,0.0,1680.8066334308107
22,5,15.0,3.28,0.8,1.4000000000000001,1.2000000000000002,11,10,4,-12.729861450195312,0,0.0,7550.491618891944
22,6,15.0,3.28,0.8,1.4000000000000001,1.2000000000000002,11,10,4,2.9453781127929686,0,0.0,1994.3321010085633
22,7,15.0,3.28,0.8,1.4000000000000001,1.2000000000000002,11,10,4,2.5108078002929686,0,0.0,1902.2721776158262
22,8,15.0,3.28,0.8,1.4000000000000001,1.2000000000000002,11,10,4,2.473828125,0,0.0,1823.1729668622256
22,9,15.0,3.28,0.8,1.8,1.2000000000000002,13,10,4,-36.37572021484375,0,0.0,26852.77789001475
22,10,15.0,3.28,0.8,1.4000000000000001,1.2000000000000002,11,10,4,3.0217941284179686,0,0.0,2287.394928391292
22,11,15.0,3.28,0.8,1.4000000000000001,1.2000000000000002,11,10,4,3.615284729003906,0,0.0,1108.525082920405
22,12,15.0,3.28,0.8,1.4000000000000001,1.2000000000000002,11,10,4,2.281117248535156,0,0.0,1623.2191019157403
22,13,15.0,3.28,0.8,1.4000000000000001,1.2000000000000002,11,10,4,2.6598861694335936,0,0.0,1153.170304759664
22,14,15.0,3.28,0.8,1.4000000000000001,1.2000000000000002,11,10,4,-28.78539581298828,0,0.0,7196.418102891636
22,15,15.0,3.28,0.8,1.4000000000000001,1.2000000000000002,11,10,4,-19.036990356445312,0,0.0,1857.1124201983453
22,16,15.0,3.28,0.8,1.8,1.4000000000000001,13,11,4,-13.302401733398437,0,0.0,2741.276987249225
22,17,15.0,3.28,0.8,1.4000000000000001,1.2000000000000002,11,10,4,-34.756953430175784,0,0.0,1940.5978193496194
22,18,15.0,3.28,0.8,1.4000000000000001,1.2000000000000002,11,10,4,3.4996612548828123,0,0.0,1709.95524314483
22,19,15.0,3.28,0.8,1.4000000000000001,1.2000000000000002,11,10,4,2.3134735107421873,0,0.0,2120.7170401945446
22,20,15.0,3.28,0.8,1.4000000000000001,1.2000000000000002,11,10,4,4.732449340820312,0,0.0,1542.5205023476385
22,21,15.0,3.28,0.8,1.4000000000000001,1.2000000000000002,11,10,4,2.5450103759765623,0,0.0,1584.8570040418244
22,22,15.0,3.28,0.8,1.4000000000000001,1.2000000000000002,11,10,4,4.286457824707031,0,0.0,1467.5031541004118
22,23,15.0,3.28,0.8,1.8,1.2000000000000002,13,10,4,-44.906008911132815,0,0.0,1543484.9679087254
22,24,15.0,3.28,0.8,1.4000000000000001,1.2000000000000002,11,10,4,4.254475402832031,0,0.0,3055.939386059193
22,25,15.0,3.28,0.8,1.4000000000000001,1.2000000000000002,11,10,4,11.986424255371094,0,0.0,1931.064261491325
22,26,15.0,3.28,0.8,1.4000000000000001,1.2000000000000002,11,10,4,-42.833193969726565,0,0.0,5779.850992352906
22,27,15.0,3.28,0.8,1.4000000000000001,1.2000000000000002,11,10,4,3.7844207763671873,0,0.0,1949.8232859774391
22,28,15.0,3.28,0.8,1.4000000000000001,1.2000000000000002,11,10,4,9.06714324951172,0,0.0,1684.8064444805216
22,29,15.0,3.28,0.8,1.4000000000000001,1.2000000000000002,11,10,4,4.975247192382812,0,0.0,1949.7699128515628
22,30,15.0,3.28,0.8,1.4000000000000001,1.2000000000000002,11,10,4,5.399288940429687,0,0.0,1328.3231409963053
22,31,15.0,3.28,0.8,1.4000000000000001,1.2000000000000002,11,10,4,-23.996218872070312,0,0.0,1965.3991430916485
23,0,10.0,3.42,0.8,1.6,1.4000000000000001,12,11,4,5.420925903320312,0,0.0,1622.727699157084
23,1,10.0,3.42,0.8,1.6,1.4000000000000001,12,11,4,6.528870391845703,0,0.0,1644.3075066963497
23,2,10.0,3.42,0.8,1.8,1.4000000000000001,13,11,4,7.285347747802734,0,0.0,1421.513202167017
23,3,10.0,3.42,0.8,1.6,1.4000000000000001,12,11,4,6.512978363037109,0,0.0,1543.215744967232
23,4,10.0,3.42,0.8,1.6,1.4000000000000001,12,11,4,5.74384765625,0,0.0,1279.0421685017127
23,5,10.0,3.42,0.8,1.6,1.4000000000000001,12,11,4,3.1409347534179686,0,0.0,1393.0850989387586
23,6,10.0,3.42,0.8,1.6,1.4000000000000001,12,11,4,8.979538726806641,0,0.0,1609.833366179041
23,7,10.0,3.42,0.8,1.6,1.4000000000000001,12,11,4,5.691807556152344,0,0.0,1592.206306866074
23,8,10.0,3.42,0.8,1.6,1.4000000000000001,12,11,4,6.180847930908203,0,0.0,1262.8673734561587
23,9,10.0,3.42,0.8,1.6,1.4000000000000001,12,11,4,6.817017364501953,0,0.0,1847.997155160701
23,10,10.0,3.42,0.8,1.6,1.4000000000000001,12,11,4,3.27979736328125,0,0.0,1017.9297191650602
23,11,10.0,3.42,0.8,1.6,1.4000000000000001,12,11,4,5.551338958740234,0,0.0,1291.4574397999043
23,12,10.0,3.42,0.8,1.6,1.4000000000000001,12,11,4,7.642559814453125,0,0.0,1356.5506807434529
23,13,10.0,3.42,0.8,1.6,1.4000000000000001,12,11,4,7.130955505371094,0,0.0,1388.0809601428646
23,14,10.0,3.42,0.8,1.6,1.4000000000000001,12,11,4,2.0832260131835936,0,0.0,1192.5427404950149
23,15,10.0,3.42,0.8,1.6,1.4000000000000001,12,11,4,8.386929321289063,0,0.0,1189.4651033450682
23,16,10.0,3.42,0.8,1.6,1.4000000000000001,12,11,4,3.173096466064453,0,0.0,1652.787395623208
23,17,10.0,3.42,0.8,1.6,1.4000000000000001,12,11,4,5.109890747070312,0,0.0,1286.8187379026967
23,18,10.0,3.42,0.8,1.6,1.4000000000000001,12,11,4,10.09742431640625,0,0.0,1539.8148979259909
23,19,10.0,3.42,0.8,1.6,1.4000000000000001,12,11,4,7.648598480224609,0,0.0,1354.0436263980587
23,20,10.0,3.42,0.8,1.6,1.4000000000000001,12,11,4,7.018807220458984,0,0.0,1145.2240234872802
23,21,10.0,3.42,0.8,1.6,1.4000000000000001,12,11,4,8.660153198242188,0,0.0,1119.1643471520279
23,22,10.0,3.42,0.8,1.6,1.4000000000000001,12,11,4,5.570137786865234,0,0.0,1200.6699927748612
23,23,10.0,3.42,0.8,1.6,1.4000000000000001,12,11,4,6.675972747802734,0,0.0,1304.6131307808391
23,24,10.0,3.42,0.8,1.6,1.4000000000000001,12,11,4,7.979641723632812,0,0.0,1122.786192732469
23,25,10.0,3.42,0.8,1.6,1.4000000000000001,12,11,4,4.649685668945312,0,0.0,1329.6287058282112
23,26,10.0,3.42,0.8,1.6,1.4000000000000001,12,11,4,10.115563201904298,0,0.0,1365.2140476718528
23,27,10.0,3.42,0.8,1.6,1.4000000000000001,12,11,4,6.8268592834472654,0,0.0,1071.9513654261073
23,28,10.0,3.42,0.8,1.6,1.4000000000000001,12,11,4,5.9856422424316404,0,0.0,1188.4622348576158
23,29,10.0,3.42,0.8,1.6,1.4000000000000001,12,11,4,8.466595458984376,0,0.0,1852.4822625727948
23,30,10.0,3.42,0.8,1.6,1.4000000000000001,12,11,4,9.421871948242188,0,0.0,1325.491644652138
23,31,10.0,3.42,0.8,1.6,1.4000000000000001,12,11,4,1.7288673400878904,0,0.0,1564.86665470254
24,0,25.0,3.668,0.8,2.2,2.0,15,14,4,-34.13991088867188,0,0.0,7647.537593274426
24,1,25.0,3.668,0.8,2.2,2.0,15,14,4,-127.61606140136719,0,0.0,29070.83656946108
24,2,25.0,3.668,0.8,2.6,2.0,17,14,4,-96.42703552246094,0,0.0,15393.971527300311
24,3,25.0,3.668,0.8,2.8000000000000003,2.0,18,14,4,-112.55127258300782,0,0.0,207668.02725592625
24,4,25.0,3.668,0.8,2.4000000000000004,2.0,16,14,4,-136.08023376464843,0,0.0,26801.52723557873
24,5,25.0,3.668,0.8,2.4000000000000004,2.0,16,14,4,-126.59344787597657,0,0.0,16192.075325314161
24,6,25.0,3.668,0.8,2.4000000000000004,2.0,16,14,4,-31.130343627929687,0,0.0,3506.6219101915976
24,7,25.0,3.668,0.8,2.4000000000000004,2.0,16,14,4,-53.79635925292969,0,0.0,2535.1157499093256
24,8,25.0,3.668,0.8,2.2,2.0,15,14,4,-75.3392822265625,0,0.0,10395.483174917284
24,9,25.0,3.668,0.8,2.2,2.0,15,14,4,-27.290988159179687,0,0.0,9346.962717495939
24,10,25.0,3.668,0.8,2.2,2.0,15,14,4,-89.00349731445313,0,0.0,55979.45602647843
24,11,25.0,3.668,0.8,2.2,2.0,15,14,4,-49.21243591308594,0,0.0,8916.60606158568
24,12,25.0,3.668,0.8,2.8000000000000003,2.0,18,14,4,-105.21216125488282,0,0.0,18624.467116671723
24,13,25.0,3.668,0.8,3.2,2.0,20,14,4,-116.76843566894532,0,0.0,15544.781040904438
24,14,25.0,3.668,0.8,2.6,2.0,17,14,4,-125.58441467285157,0,0.0,33754.23868431045
24,15,25.0,3.668,0.8,2.2,2.0,15,14,4,-59.63046569824219,0,0.0,10547.71169435205
24,16,25.0,3.668,0.8,2.4000000000000004,2.0,16,14,4,-124.52020568847657,0,0.0,23939.586312603158
24,17,25.0,3.668,0.8,3.0,2.0,19,14,4,-108.96408386230469,0,0.0,24970.682952151168
24,18,25.0,3.668,0.8,3.0,2.0,19,14,4,-83.18779296875,0,0.0,135758.83557009214
24,19,25.0,3.668,0.8,2.4000000000000004,2.0,16,14,4,-75.57458801269532,0,0.0,10068.04995517868
24,20,25.0,3.668,0.8,3.8000000000000003,2.0,23,14,4,-137.41360778808593,0,0.0,22803.729678662185
24,21,25.0,3.668,0.8,2.4000000000000004,2.0,16,14,4,-85.78219909667969,0,0.0,11049.74655024576
24,22,25.0,3.668,0.8,3.2,2.0,20,14,4,-122.62738342285157,0,0.0,45025.459184360356
24,23,25.0,3.668,0.8,2.8000000000000003,2.2,18,15,4,-98.00656433105469,0,0.0,21510.20352734269
24,24,25.0,3.668,0.8,2.8000000000000003,2.0,18,14,4,-64.62977905273438,0,0.0,12299.738057581435
24,25,25.0,3.668,0.8,2.2,2.0,15,14,4,-83.68878479003907,0,0.0,10885.475495763194
24,26,25.0,3.668,0.8,2.2,2.0,15,14,4,-52.7015869140625,0,0.0,10367.092901294294
24,27,25.0,3.668,0.8,3.4000000000000004,2.0,21,14,4,-86.29060668945313,0,0.0,11792.563791837454
24,28,25.0,3.668,0.8,2.4000000000000004,2.0,16,14,4,-84.7965576171875,0,0.0,2369.7721940008796
24,29,25.0,3.668,0.8,3.0,2.0,19,14,4,-78.32478637695313,0,0.0,11530.188934739006
24,30,25.0,3.668,0.8,2.2,2.0,15,14,4,-77.54030151367188,0,0.0,125015912.0411379
24,31,25.0,3.668,0.8,2.4000000000000004,2.0,16,14,4,-105.61813659667969,0,0.0,19584.900067155613
25,0,20.0,3.71,0.8,2.4000000000000004,1.8,16,13,4,-60.10818786621094,0,0.0,8014.720706494903
25,1,20.0,3.71,0.8,2.2,1.8,15,13,4,-46.66409606933594,0,0.0,3985.121792466402
25,2,20.0,3.71,0.8,2.2,1.8,15,13,4,-14.701617431640624,0,0.0,2168.718580925481
25,3,20.0,3.71,0.8,2.4000000000000004,1.8,16,13,4,-55.77257080078125,0,0.0,9163.224521397915
25,4,20.0,3.71,0.8,3.8000000000000003,1.8,23,13,4,-51.890200805664065,0,0.0,11606.207707598014
25,5,20.0,3.71,0.8,2.0,1.8,14,13,4,-81.60994262695313,0,0.0,9874.930145985996
25,6,20.0,3.71,0.8,2.0,1.8,14,13,4,-31.269442749023437,0,0.0,3507.2764119302665
25,7,20.0,3.71,0.8,2.0,1.8,14,13,4,-69.41563720703125,0,0.0,2716.9189155033387
25,8,20.0,3.71,0.8,2.0,1.8,14,13,4,-24.258929443359374,0,0.0,2835.8885303596358
25,9,20.0,3.71,0.8,2.0,1.8,14,13,4,-34.43297119140625,0,0.0,172501.389015405
25,10,20.0,3.71,0.8,2.0,1.8,14,13,4,-28.016360473632812,0,0.0,12976.663982089574
25,11,20.0,3.71,0.8,2.2,1.8,15,13,4,-55.98939819335938,0,0.0,9687.319855025406
25,12,20.0,3.71,0.8,2.0,1.8,14,13,4,-42.604296875,0,0.0,9378.309197752356
25,13,20.0,3.71,0.8,3.0,1.8,19,13,4,-86.85327453613282,0,0.0,9950.708906808224
25,14,20.0,3.71,0.8,2.2,1.8,15,13,4,-29.135897827148437,0,0.0,7767.572678527357
25,15,20.0,3.71,0.8,2.0,1.8,14,13,4,-20.561083984375,0,0.0,12666.399559862995
25,16,20.0,3.71,0.8,2.0,1.8,14,13,4,-43.017886352539065,0,0.0,128903.76141834159
25,17,20.0,3.71,0.8,2.0,1.8,14,13,4,-29.710604858398437,0,0.0,189610.67755748561
25,18,20.0,3.71,0.8,2.0,1.8,14,13,4,-48.149661254882815,0,0.0,5044.770049555764
25,19,20.0,3.71,0.8,2.2,1.8,15,13,4,-76.24086303710938,0,0.0,2967.8405592312574
25,20,20.0,3.71,0.8,2.8000000000000003,1.8,18,13,4,-61.830691528320315,0,0.0,31690.182356953414
25,21,20.0,3.71,0.8,2.2,1.8,15,13,4,-86.61184997558594,0,0.0,26157.371412086653
25,22,20.0,3.71,0.8,2.0,1.8,14,13,4,-60.295352172851565,0,0.0,104182.92530268538
25,23,20.0,3.71,0.8,2.0,1.8,14,13,4,-33.62184448242188,0,0.0,2980.359317861159
25,24,20.0,3.71,0.8,2.0,1.8,14,13,4,-51.302783203125,0,0.0,8782.081825273457
25,25,20.0,3.71,0.8,2.0,1.8,14,13,4,-45.174258422851565,0,0.0,26116.423714299377
25,26,20.0,3.71,0.8,2.0,1.8,14,13,4,-17.015750122070312,0,0.0,3032.443068229508
25,27,20.0,3.71,0.8,2.0,1.8,14,13,4,-51.295413208007815,0,0.0,4575.631629450951
25,28,20.0,3.71,0.8,2.2,1.8,15,13,4,-42.2703125,0,0.0,2544.3578557691785
25,29,20.0,3.71,0.8,2.0,1.8,14,13,4,-33.99888916015625,0,0.0,2199.1445307440836
25,30,20.0,3.71,0.8,2.0,1.8,14,13,4,-50.63954467773438,0,0.0,3252.8143659532366
25,31,20.0,3.71,0.8,2.4000000000000004,1.8,16,13,4,-31.0773193359375,0,0.0,8266.221972877145
26,0,15.0,3.78,0.8,1.8,1.6,13,12,4,7.3889892578125,0,0.0,1260.225749877548
26,1,15.0,3.78,0.8,1.8,1.6,13,12,4,12.498822021484376,0,0.0,1506.7587775172053
26,2,15.0,3.78,0.8,1.8,1.6,13,12,4,7.693074035644531,0,0.0,1939.9461294348705
26,3,15.0,3.78,0.8,1.8,1.6,13,12,4,6.788037109375,0,0.0,1889.0246057829347
26,4,15.0,3.78,0.8,1.8,1.6,13,12,4,4.786007690429687,0,0.0,1561.9084281106818
26,5,15.0,3.78,0.8,1.8,1.6,13,12,4,10.041714477539063,0,0.0,2223.3228824749467
26,6,15.0,3.78,0.8,1.8,1.6,13,12,4,-25.948893737792968,0,0.0,7261.600598263563
26,7,15.0,3.78,0.8,1.8,1.6,13,12,4,8.43701629638672,0,0.0,1812.1736173032664
26,8,15.0,3.78,0.8,1.8,1.6,13,12,4,6.815556335449219,0,0.0,2071.5134006995468
26,9,15.0,3.78,0.8,2.0,1.6,14,12,4,-15.024432373046874,0,0.0,3765.200027819297
26,10,15.0,3.78,0.8,1.8,1.6,13,12,4,4.891423034667969,0,0.0,1600.4289152790832
26,11,15.0,3.78,0.8,2.0,1.6,14,12,4,-54.516535949707034,0,0.0,7208.001046305482
26,12,15.0,3.78,0.8,1.8,1.6,13,12,4,10.150990295410157,0,0.0,1246.7317324619605
26,13,15.0,3.78,0.8,1.8,1.6,13,12,4,-13.970072937011718,0,0.0,39224.324973493385
26,14,15.0,3.78,0.8,1.8,1.6,13,12,4,5.114117431640625,0,0.0,2490.2154510120527
26,15,15.0,3.78,0.8,1.8,1.6,13,12,4,-19.708384704589843,0,0.0,13332.140291060432
26,16,15.0,3.78,0.8,2.0,1.6,14,12,4,-31.999247741699218,0,0.0,2845.91362502718
26,17,15.0,3.78,0.8,1.8,1.6,13,12,4,3.3410308837890623,0,0.0,1224.4028212148103
26,18,15.0,3.78,0.8,1.8,1.6,13,12,4,5.590786743164062,0,0.0,1820.3691491369966
26,19,15.0,3.78,0.8,1.8,1.6,13,12,4,-32.05977935791016,0,0.0,1665.901647692463
26,20,15.0,3.78,0.8,1.8,1.6,13,12,4,3.007801818847656,0,0.0,1459.6551230548507
26,21,15.0,3.78,0.8,1.8,1.6,13,12,4,4.120243835449219,0,0.0,1503.6048771331618
26,22,15.0,3.78,0.8,1.8,1.6,13,12,4,-24.90904541015625,0,0.0,2132.553217358933
26,23,15.0,3.78,0.8,1.8,1.6,13,12,4,-40.70479888916016,0,0.0,6364.059757664449
26,24,15.0,3.78,0.8,1.8,1.6,13,12,4,-26.199847412109374,0,0.0,14207.671179191664
26,25,15.0,3.78,0.8,1.8,1.6,13,12,4,11.197483825683594,0,0.0,2175.3502131787063
26,26,15.0,3.78,0.8,1.8,1.6,13,12,4,3.6150177001953123,0,0.0,1208.109778714174
26,27,15.0,3.78,0.8,1.8,1.6,13,12,4,4.342488098144531,0,0.0,1520.6796221147338
26,28,15.0,3.78,0.8,1.8,1.6,13,12,4,6.23292236328125,0,0.0,2137.8474316590905
26,29,15.0,3.78,0.8,1.8,1.6,13,12,4,-27.182276916503906,0,0.0,2652.9226249783815
26,30,15.0,3.78,0.8,1.8,1.6,13,12,4,3.427204895019531,0,0.0,1991.0938762466608
26,31,15.0,3.78,0.8,1.8,1.6,13,12,4,3.9023406982421873,0,0.0,1733.880865380965
27,0,10.0,3.92,0.8,1.8,1.6,13,12,4,3.1675270080566404,0,0.0,1229.495604516558
27,1,10.0,3.92,0.8,1.8,1.6,13,12,4,11.07667236328125,0,0.0,1409.0234052735352
27,2,10.0,3.92,0.8,1.8,1.6,13,12,4,8.736664581298829,0,0.0,965.4764983001394
27,3,10.0,3.92,0.8,2.0,1.6,14,12,4,7.039982604980469,0,0.0,1205.8394054371356
27,4,10.0,3.92,0.8,1.8,1.6,13,12,4,10.274205017089844,0,0.0,1157.5402144103168
27,5,10.0,3.92,0.8,1.8,1.6,13,12,4,10.625733184814454,0,0.0,1219.5532276963888
27,6,10.0,3.92,0.8,1.8,1.6,13,12,4,4.299458312988281,0,0.0,1270.1973082042489
27,7,10.0,3.92,0.8,1.8,1.6,13,12,4,7.89710693359375,0,0.0,1158.0362214504296
27,8,10.0,3.92,0.8,1.8,1.6,13,12,4,3.3747833251953123,0,0.0,918.7923793000998
27,9,10.0,3.92,0.8,1.8,1.6,13,12,4,8.914444732666016,0,0.0,1220.0123444363007
27,10,10.0,3.92,0.8,1.8,1.6,13,12,4,2.3141220092773436,0,0.0,937.9402172614306
27,11,10.0,3.92,0.8,1.8,1.6,13,12,4,9.318653869628907,0,0.0,1046.0501790807198
27,12,10.0,3.92,0.8,1.8,1.6,13,12,4,2.8385856628417967,0,0.0,1043.4408124610313
27,13,10.0,3.92,0.8,1.8,1.6,13,12,4,8.272984313964844,0,0.0,1558.7693444915578
27,14,10.0,3.92,0.8,1.8,1.6,13,12,4,9.103035736083985,0,0.0,1420.7390475658844
27,15,10.0,3.92,0.8,1.8,1.6,13,12,4,7.865711975097656,0,0.0,1071.5612605832691
27,16,10.0,3.92,0.8,1.8,1.6,13,12,4,4.413929748535156,0,0.0,1231.9513088250515
27,17,10.0,3.92,0.8,1.8,1.6,13,12,4,7.446575927734375,0,0.0,1366.4182577398344
27,18,10.0,3.92,0.8,1.8,1.6,13,12,4,5.7382362365722654,0,0.0,766.4002832356824
27,19,10.0,3.92,0.8,1.8,1.6,13,12,4,8.983231353759766,0,0.0,918.4117942662725
27,20,10.0,3.92,0.8,1.8,1.6,13,12,4,5.823765563964844,0,0.0,1721.5689367354305
27,21,10.0,3.92,0.8,1.8,1.6,13,12,4,9.78448944091797,0,0.0,1054.1120868282455
27,22,10.0,3.92,0.8,1.8,1.6,13,12,4,2.5400245666503904,0,0.0,884.9763858525487
27,23,10.0,3.92,0.8,1.8,1.6,13,12,4,2.208954620361328,0,0.0,1265.3224992552641
27,24,10.0,3.92,0.8,1.8,1.6,13,12,4,6.297844696044922,0,0.0,887.1128993632528
27,25,10.0,3.92,0.8,1.8,1.6,13,12,4,3.685963439941406,0,0.0,1283.083055269331
27,26,10.0,3.92,0.8,1.8,1.6,13,12,4,9.641144561767579,0,0.0,934.256898326232
27,27,10.0,3.92,0.8,1.8,1.6,13,12,4,2.2832763671875,0,0.0,986.7195022491761
27,28,10.0,3.92,0.8,1.8,1.6,13,12,4,4.684971618652344,0,0.0,1040.3591141004574
27,29,10.0,3.92,0.8,1.8,1.6,13,12,4,9.435387420654298,0,0.0,1329.0025178831204
27,30,10.0,3.92,0.8,1.8,1.6,13,12,4,6.03193359375,0,0.0,1026.845024177685
27,31,10.0,3.92,0.8,1.8,1.6,13,12,4,9.772057342529298,0,0.0,1527.5041994009455
