video,l0,ldot,trace,cp,e_t,lat_center,half_widths
LC_dv07_Tlc2p0_TTC02_CP1_S5p033_E15p033.mp4,1.6260000000000001,0.003333333333334447,LC_dv07_Tlc2p0_TTC02,CP1,15.033,3.508,1.882
LC_dv07_Tlc2p0_TTC02_CP2_S5p333_E15p333.mp4,1.3300000000000007,-0.9866666666666646,LC_dv07_Tlc2p0_TTC02,CP2,15.333,3.2120000000000006,1.882
LC_dv07_Tlc2p0_TTC02_CP3_S5p633_E15p633.mp4,0.8720000000000006,-1.6933333333333334,LC_dv07_Tlc2p0_TTC02,CP3,15.633,2.7540000000000004,1.882
LC_dv07_Tlc2p0_TTC02_CP4_S5p933_E15p933.mp4,0.39800000000000035,-1.5800000000000007,LC_dv07_Tlc2p0_TTC02,CP4,15.933,2.2800000000000002,1.882
LC_dv07_Tlc2p0_TTC02_CP5_S6p233_E16p233.mp4,-0.08100000000000063,-1.59666666666667,LC_dv07_Tlc2p0_TTC02,CP5,16.233,1.8009999999999993,1.882
LC_dv07_Tlc2p0_TTC03_CP1_S5p033_E15p033.mp4,1.6269999999999996,-2.960594732333751e-15,LC_dv07_Tlc2p0_TTC03,CP1,15.033,3.5089999999999995,1.882
LC_dv07_Tlc2p0_TTC03_CP2_S5p333_E15p333.mp4,1.3319999999999996,-0.9833333333333332,LC_dv07_Tlc2p0_TTC03,CP2,15.333,3.2139999999999995,1.882
LC_dv07_Tlc2p0_TTC03_CP3_S5p633_E15p633.mp4,0.8739999999999994,-1.6933333333333394,LC_dv07_Tlc2p0_TTC03,CP3,15.633,2.7559999999999993,1.882
LC_dv07_Tlc2p0_TTC03_CP4_S5p933_E15p933.mp4,0.39999999999999925,-1.5800000000000007,LC_dv07_Tlc2p0_TTC03,CP4,15.933,2.281999999999999,1.882
LC_dv07_Tlc2p0_TTC03_CP5_S6p233_E16p233.mp4,-0.08399999999999985,-1.6133333333333304,LC_dv07_Tlc2p0_TTC03,CP5,16.233,1.798,1.882
LC_dv07_Tlc2p0_TTC04_CP1_S5p067_E15p067.mp4,1.6289999999999993,0.0033333333333285253,LC_dv07_Tlc2p0_TTC04,CP1,15.067,3.5109999999999992,1.882
LC_dv07_Tlc2p0_TTC04_CP2_S5p367_E15p367.mp4,1.2409999999999994,-1.293333333333333,LC_dv07_Tlc2p0_TTC04,CP2,15.367,3.1229999999999993,1.882
LC_dv07_Tlc2p0_TTC04_CP3_S5p667_E15p667.mp4,0.7850000000000008,-1.6866666666666645,LC_dv07_Tlc2p0_TTC04,CP3,15.667,2.6670000000000007,1.882
LC_dv07_Tlc2p0_TTC04_CP4_S5p967_E15p967.mp4,0.3050000000000004,-1.6000000000000014,LC_dv07_Tlc2p0_TTC04,CP4,15.967,2.1870000000000003,1.882
LC_dv07_Tlc2p0_TTC04_CP5_S6p267_E16p267.mp4,-0.19100000000000006,-1.83333333333333,LC_dv07_Tlc2p0_TTC04,CP5,16.267,1.6909999999999998,1.882
LC_dv07_Tlc2p0_TTC05_CP1_S5p067_E15p067.mp4,1.6300000000000006,2.960594732333751e-15,LC_dv07_Tlc2p0_TTC05,CP1,15.067,3.5120000000000005,1.882
LC_dv07_Tlc2p0_TTC05_CP2_S5p367_E15p367.mp4,1.2420000000000007,-1.293333333333333,LC_dv07_Tlc2p0_TTC05,CP2,15.367,3.1240000000000006,1.882
LC_dv07_Tlc2p0_TTC05_CP4_S5p967_E15p967.mp4,0.3010000000000008,-1.596666666666664,LC_dv07_Tlc2p0_TTC05,CP4,15.967,2.1830000000000007,1.882
LC_dv07_Tlc2p0_TTC07_CP1_S5p067_E15p067.mp4,1.6330000000000007,0.003333333333334447,LC_dv07_Tlc2p0_TTC07,CP1,15.067,3.5150000000000006,1.882
LC_dv07_Tlc2p0_TTC07_CP3_S5p667_E15p667.mp4,0.7830000000000001,-1.6800000000000015,LC_dv07_Tlc2p0_TTC07,CP3,15.667,2.665,1.882
LC_dv07_Tlc2p0_TTC07_CP5_S6p267_E16p267.mp4,-0.18100000000000027,-1.8399999999999987,LC_dv07_Tlc2p0_TTC07,CP5,16.267,1.7009999999999996,1.882
LC_dv07_Tlc3p0_TTC02_CP1_S5p067_E15p067.mp4,1.6259999999999992,0.0033333333333285253,LC_dv07_Tlc3p0_TTC02,CP1,15.067,3.507999999999999,1.882
LC_dv07_Tlc3p0_TTC02_CP2_S5p367_E15p367.mp4,1.401999999999999,-0.7466666666666674,LC_dv07_Tlc3p0_TTC02,CP2,15.367,3.283999999999999,1.882
LC_dv07_Tlc3p0_TTC02_CP3_S5p667_E15p667.mp4,1.0950000000000013,-1.1166666666666607,LC_dv07_Tlc3p0_TTC02,CP3,15.667,2.977000000000001,1.882
LC_dv07_Tlc3p0_TTC02_CP4_S5p967_E15p967.mp4,0.7739999999999998,-1.0700000000000052,LC_dv07_Tlc3p0_TTC02,CP4,15.967,2.6559999999999997,1.882
LC_dv07_Tlc3p0_TTC02_CP5_S6p267_E16p267.mp4,0.44999999999999996,-1.2033333333333296,LC_dv07_Tlc3p0_TTC02,CP5,16.267,2.332,1.882
LC_dv07_Tlc3p0_TTC03_CP1_S5p067_E15p067.mp4,1.6270000000000004,2.960594732333751e-15,LC_dv07_Tlc3p0_TTC03,CP1,15.067,3.5090000000000003,1.882
LC_dv07_Tlc3p0_TTC03_CP2_S5p367_E15p367.mp4,1.3719999999999997,-0.8500000000000026,LC_dv07_Tlc3p0_TTC03,CP2,15.367,3.2539999999999996,1.882
LC_dv07_Tlc3p0_TTC03_CP3_S5p667_E15p667.mp4,1.0630000000000013,-1.139999999999993,LC_dv07_Tlc3p0_TTC03,CP3,15.667,2.945000000000001,1.882
LC_dv07_Tlc3p0_TTC03_CP4_S5p967_E15p967.mp4,0.7500000000000007,-1.0433333333333354,LC_dv07_Tlc3p0_TTC03,CP4,15.967,2.6320000000000006,1.882
LC_dv07_Tlc3p0_TTC03_CP5_S6p267_E16p267.mp4,0.42899999999999916,-1.1900000000000037,LC_dv07_Tlc3p0_TTC03,CP5,16.267,2.310999999999999,1.882
LC_dv07_Tlc3p0_TTC04_CP1_S5p033_E15p033.mp4,1.6280000000000008,2.960594732333751e-15,LC_dv07_Tlc3p0_TTC04,CP1,15.033,3.5100000000000007,1.882
LC_dv07_Tlc3p0_TTC04_CP2_S5p333_E15p333.mp4,1.4300000000000004,-0.6600000000000014,LC_dv07_Tlc3p0_TTC04,CP2,15.333,3.3120000000000003,1.882
LC_dv07_Tlc3p0_TTC04_CP3_S5p633_E15p633.mp4,1.123,-1.133333333333336,LC_dv07_Tlc3p0_TTC04,CP3,15.633,3.005,1.882
LC_dv07_Tlc3p0_TTC04_CP4_S5p933_E15p933.mp4,0.8089999999999999,-1.0466666666666669,LC_dv07_Tlc3p0_TTC04,CP4,15.933,2.691,1.882
LC_dv07_Tlc3p0_TTC04_CP5_S6p233_E16p233.mp4,0.4879999999999993,-1.070000000000002,LC_dv07_Tlc3p0_TTC04,CP5,16.233,2.369999999999999,1.882
LC_dv07_Tlc3p0_TTC05_CP1_S5p067_E15p067.mp4,1.6300000000000006,2.960594732333751e-15,LC_dv07_Tlc3p0_TTC05,CP1,15.067,3.5120000000000005,1.882
LC_dv07_Tlc3p0_TTC05_CP3_S5p667_E15p667.mp4,1.0559999999999998,-1.1366666666666674,LC_dv07_Tlc3p0_TTC05,CP3,15.667,2.9379999999999997,1.882
LC_dv07_Tlc3p0_TTC05_CP5_S6p267_E16p267.mp4,0.4200000000000006,-1.183333333333329,LC_dv07_Tlc3p0_TTC05,CP5,16.267,2.3020000000000005,1.882
LC_dv07_Tlc3p0_TTC06_CP1_S5p067_E15p067.mp4,1.631,-0.003333333333331486,LC_dv07_Tlc3p0_TTC06,CP1,15.067,3.513,1.882
LC_dv07_Tlc3p0_TTC06_CP2_S5p367_E15p367.mp4,1.365,-0.8866666666666667,LC_dv07_Tlc3p0_TTC06,CP2,15.367,3.247,1.882
LC_dv07_Tlc3p0_TTC06_CP4_S5p967_E15p967.mp4,0.7419999999999998,-1.053333333333336,LC_dv07_Tlc3p0_TTC06,CP4,15.967,2.6239999999999997,1.882
LC_dv07_Tlc4p0_TTC02_CP1_S5p067_E15p067.mp4,1.6259999999999992,0.0033333333333285253,LC_dv07_Tlc4p0_TTC02,CP1,15.067,3.507999999999999,1.882
LC_dv07_Tlc4p0_TTC02_CP2_S5p367_E15p367.mp4,1.429,-0.656666666666664,LC_dv07_Tlc4p0_TTC02,CP2,15.367,3.311,1.882
LC_dv07_Tlc4p0_TTC02_CP3_S5p667_E15p667.mp4,1.2020000000000006,-0.8399999999999993,LC_dv07_Tlc4p0_TTC02,CP3,15.667,3.0840000000000005,1.882
LC_dv07_Tlc4p0_TTC02_CP4_S5p967_E15p967.mp4,0.9690000000000001,-0.7766666666666685,LC_dv07_Tlc4p0_TTC02,CP4,15.967,2.851,1.882
LC_dv07_Tlc4p0_TTC02_CP5_S6p267_E16p267.mp4,0.7280000000000004,-0.8799999999999979,LC_dv07_Tlc4p0_TTC02,CP5,16.267,2.6100000000000003,1.882
LC_dv07_Tlc4p0_TTC03_CP1_S5p067_E15p067.mp4,1.6270000000000004,2.960594732333751e-15,LC_dv07_Tlc4p0_TTC03,CP1,15.067,3.5090000000000003,1.882
LC_dv07_Tlc4p0_TTC03_CP2_S5p367_E15p367.mp4,1.430999999999999,-0.6533333333333384,LC_dv07_Tlc4p0_TTC03,CP2,15.367,3.312999999999999,1.882
LC_dv07_Tlc4p0_TTC03_CP3_S5p667_E15p667.mp4,1.1990000000000005,-0.8566666666666627,LC_dv07_Tlc4p0_TTC03,CP3,15.667,3.0810000000000004,1.882
LC_dv07_Tlc4p0_TTC03_CP4_S5p967_E15p967.mp4,0.9669999999999994,-0.773333333333337,LC_dv07_Tlc4p0_TTC03,CP4,15.967,2.8489999999999993,1.882
LC_dv07_Tlc4p0_TTC03_CP5_S6p267_E16p267.mp4,0.7299999999999993,-0.8800000000000038,LC_dv07_Tlc4p0_TTC03,CP5,16.267,2.611999999999999,1.882
LC_dv07_Tlc4p0_TTC04_CP1_S5p033_E15p033.mp4,1.6280000000000008,2.960594732333751e-15,LC_dv07_Tlc4p0_TTC04,CP1,15.033,3.5100000000000007,1.882
LC_dv07_Tlc4p0_TTC04_CP2_S5p333_E15p333.mp4,1.4780000000000004,-0.5000000000000012,LC_dv07_Tlc4p0_TTC04,CP2,15.333,3.3600000000000003,1.882
LC_dv07_Tlc4p0_TTC04_CP3_S5p633_E15p633.mp4,1.2519999999999996,-0.8400000000000052,LC_dv07_Tlc4p0_TTC04,CP3,15.633,3.1339999999999995,1.882
LC_dv07_Tlc4p0_TTC04_CP4_S5p933_E15p933.mp4,1.0209999999999997,-0.7699999999999996,LC_dv07_Tlc4p0_TTC04,CP4,15.933,2.9029999999999996,1.882
LC_dv07_Tlc4p0_TTC04_CP5_S6p233_E16p233.mp4,0.7819999999999998,-0.7966666666666663,LC_dv07_Tlc4p0_TTC04,CP5,16.233,2.6639999999999997,1.882
LC_dv07_Tlc4p0_TTC06_CP1_S5p067_E15p067.mp4,1.631,2.960594732333751e-15,LC_dv07_Tlc4p0_TTC06,CP1,15.067,3.513,1.882
LC_dv07_Tlc4p0_TTC06_CP3_S5p667_E15p667.mp4,1.2,-0.8499999999999996,LC_dv07_Tlc4p0_TTC06,CP3,15.667,3.082,1.882
LC_dv07_Tlc4p0_TTC06_CP5_S6p267_E16p267.mp4,0.7299999999999993,-0.8800000000000038,LC_dv07_Tlc4p0_TTC06,CP5,16.267,2.611999999999999,1.882
LC_dv07_Tlc4p0_TTC07_CP1_S5p067_E15p067.mp4,1.6330000000000007,0.003333333333334447,LC_dv07_Tlc4p0_TTC07,CP1,15.067,3.5150000000000006,1.882
LC_dv07_Tlc4p0_TTC07_CP2_S5p367_E15p367.mp4,1.4559999999999993,-0.5900000000000046,LC_dv07_Tlc4p0_TTC07,CP2,15.367,3.337999999999999,1.882
LC_dv07_Tlc4p0_TTC07_CP4_S5p967_E15p967.mp4,0.9859999999999995,-0.7933333333333378,LC_dv07_Tlc4p0_TTC07,CP4,15.967,2.8679999999999994,1.882
LC_dv14_Tlc2p0_TTC02_CP1_S5p067_E15p067.mp4,1.628,0.0,LC_dv14_Tlc2p0_TTC02,CP1,15.067,3.51,1.882
LC_dv14_Tlc2p0_TTC02_CP2_S5p367_E15p367.mp4,1.2410000000000003,-1.2899999999999987,LC_dv14_Tlc2p0_TTC02,CP2,15.367,3.123,1.882
LC_dv14_Tlc2p0_TTC02_CP3_S5p667_E15p667.mp4,0.7790000000000006,-1.7066666666666623,LC_dv14_Tlc2p0_TTC02,CP3,15.667,2.6610000000000005,1.882
LC_dv14_Tlc2p0_TTC02_CP4_S5p967_E15p967.mp4,0.29899999999999927,-1.6000000000000045,LC_dv14_Tlc2p0_TTC02,CP4,15.967,2.180999999999999,1.882
LC_dv14_Tlc2p0_TTC02_CP5_S6p267_E16p267.mp4,-0.19100000000000006,-1.813333333333335,LC_dv14_Tlc2p0_TTC02,CP5,16.267,1.6909999999999998,1.882
LC_dv14_Tlc2p0_TTC03_CP1_S5p067_E15p067.mp4,1.6300000000000006,-0.003333333333331486,LC_dv14_Tlc2p0_TTC03,CP1,15.067,3.5120000000000005,1.882
LC_dv14_Tlc2p0_TTC03_CP2_S5p367_E15p367.mp4,1.235,-1.3166666666666682,LC_dv14_Tlc2p0_TTC03,CP2,15.367,3.117,1.882
LC_dv14_Tlc2p0_TTC03_CP3_S5p667_E15p667.mp4,0.7739999999999998,-1.7066666666666683,LC_dv14_Tlc2p0_TTC03,CP3,15.667,2.6559999999999997,1.882
LC_dv14_Tlc2p0_TTC03_CP4_S5p967_E15p967.mp4,0.2949999999999997,-1.5966666666666671,LC_dv14_Tlc2p0_TTC03,CP4,15.967,2.1769999999999996,1.882
LC_dv14_Tlc2p0_TTC03_CP5_S6p267_E16p267.mp4,-0.19900000000000007,-1.8266666666666698,LC_dv14_Tlc2p0_TTC03,CP5,16.267,1.6829999999999998,1.882
LC_dv14_Tlc2p0_TTC04_CP1_S5p067_E15p067.mp4,1.6330000000000007,-0.0066666666666659324,LC_dv14_Tlc2p0_TTC04,CP1,15.067,3.5150000000000006,1.882
LC_dv14_Tlc2p0_TTC04_CP2_S5p367_E15p367.mp4,1.2380000000000002,-1.3166666666666682,LC_dv14_Tlc2p0_TTC04,CP2,15.367,3.12,1.882
LC_dv14_Tlc2p0_TTC04_CP3_S5p667_E15p667.mp4,0.7830000000000001,-1.68333333333333,LC_dv14_Tlc2p0_TTC04,CP3,15.667,2.665,1.882
LC_dv14_Tlc2p0_TTC04_CP4_S5p967_E15p967.mp4,0.3099999999999994,-1.5766666666666693,LC_dv14_Tlc2p0_TTC04,CP4,15.967,2.1919999999999993,1.882
LC_dv14_Tlc2p0_TTC04_CP5_S6p267_E16p267.mp4,-0.1869999999999996,-1.8366666666666642,LC_dv14_Tlc2p0_TTC04,CP5,16.267,1.6950000000000003,1.882
LC_dv14_Tlc2p0_TTC05_CP1_S5p067_E15p067.mp4,1.635999999999999,-0.003333333333337407,LC_dv14_Tlc2p0_TTC05,CP1,15.067,3.517999999999999,1.882
LC_dv14_Tlc2p0_TTC05_CP3_S5p667_E15p667.mp4,0.7790000000000006,-1.7066666666666623,LC_dv14_Tlc2p0_TTC05,CP3,15.667,2.6610000000000005,1.882
LC_dv14_Tlc2p0_TTC05_CP5_S6p267_E16p267.mp4,-0.19299999999999984,-1.826666666666664,LC_dv14_Tlc2p0_TTC05,CP5,16.267,1.689,1.882
LC_dv14_Tlc2p0_TTC06_CP1_S5p067_E15p067.mp4,1.6389999999999991,-0.006666666666671854,LC_dv14_Tlc2p0_TTC06,CP1,15.067,3.520999999999999,1.882
LC_dv14_Tlc2p0_TTC06_CP2_S5p367_E15p367.mp4,1.2440000000000004,-1.3166666666666624,LC_dv14_Tlc2p0_TTC06,CP2,15.367,3.1260000000000003,1.882
LC_dv14_Tlc2p0_TTC06_CP4_S5p967_E15p967.mp4,0.30400000000000005,-1.5966666666666671,LC_dv14_Tlc2p0_TTC06,CP4,15.967,2.186,1.882
LC_dv14_Tlc3p0_TTC02_CP1_S5p033_E15p033.mp4,1.628,-0.003333333333331486,LC_dv14_Tlc3p0_TTC02,CP1,15.033,3.51,1.882
LC_dv14_Tlc3p0_TTC02_CP2_S5p333_E15p333.mp4,1.4289999999999992,-0.6633333333333358,LC_dv14_Tlc3p0_TTC02,CP2,15.333,3.310999999999999,1.882
LC_dv14_Tlc3p0_TTC02_CP3_S5p633_E15p633.mp4,1.1220000000000006,-1.1366666666666674,LC_dv14_Tlc3p0_TTC02,CP3,15.633,3.0040000000000004,1.882
LC_dv14_Tlc3p0_TTC02_CP4_S5p933_E15p933.mp4,0.8079999999999996,-1.04666666666667,LC_dv14_Tlc3p0_TTC02,CP4,15.933,2.6899999999999995,1.882
LC_dv14_Tlc3p0_TTC02_CP5_S6p233_E16p233.mp4,0.48600000000000043,-1.0733333333333306,LC_dv14_Tlc3p0_TTC02,CP5,16.233,2.3680000000000003,1.882
LC_dv14_Tlc3p0_TTC03_CP1_S5p067_E15p067.mp4,1.6300000000000006,-0.0066666666666659324,LC_dv14_Tlc3p0_TTC03,CP1,15.067,3.5120000000000005,1.882
LC_dv14_Tlc3p0_TTC03_CP2_S5p367_E15p367.mp4,1.3650000000000009,-0.8833333333333323,LC_dv14_Tlc3p0_TTC03,CP2,15.367,3.2470000000000008,1.882
LC_dv14_Tlc3p0_TTC03_CP3_S5p667_E15p667.mp4,1.062,-1.1233333333333326,LC_dv14_Tlc3p0_TTC03,CP3,15.667,2.944,1.882
LC_dv14_Tlc3p0_TTC03_CP4_S5p967_E15p967.mp4,0.7529999999999999,-1.0300000000000007,LC_dv14_Tlc3p0_TTC03,CP4,15.967,2.635,1.882
LC_dv14_Tlc3p0_TTC03_CP5_S6p267_E16p267.mp4,0.43700000000000006,-1.1733333333333344,LC_dv14_Tlc3p0_TTC03,CP5,16.267,2.319,1.882
LC_dv14_Tlc3p0_TTC04_CP1_S5p067_E15p067.mp4,1.6330000000000007,-0.0066666666666659324,LC_dv14_Tlc3p0_TTC04,CP1,15.067,3.5150000000000006,1.882
LC_dv14_Tlc3p0_TTC04_CP2_S5p367_E15p367.mp4,1.3669999999999998,-0.8866666666666697,LC_dv14_Tlc3p0_TTC04,CP2,15.367,3.2489999999999997,1.882
LC_dv14_Tlc3p0_TTC04_CP3_S5p667_E15p667.mp4,1.059,-1.140000000000002,LC_dv14_Tlc3p0_TTC04,CP3,15.667,2.941,1.882
LC_dv14_Tlc3p0_TTC04_CP4_S5p967_E15p967.mp4,0.7419999999999989,-1.0566666666666702,LC_dv14_Tlc3p0_TTC04,CP4,15.967,2.6239999999999988,1.882
LC_dv14_Tlc3p0_TTC04_CP5_S6p267_E16p267.mp4,0.4230000000000007,-1.183333333333329,LC_dv14_Tlc3p0_TTC04,CP5,16.267,2.3050000000000006,1.882
LC_dv14_Tlc3p0_TTC06_CP1_S5p067_E15p067.mp4,1.6389999999999991,-0.003333333333337407,LC_dv14_Tlc3p0_TTC06,CP1,15.067,3.520999999999999,1.882
LC_dv14_Tlc3p0_TTC06_CP3_S5p667_E15p667.mp4,1.0640000000000007,-1.1433333333333333,LC_dv14_Tlc3p0_TTC06,CP3,15.667,2.9460000000000006,1.882
LC_dv14_Tlc3p0_TTC06_CP5_S6p267_E16p267.mp4,0.4279999999999997,-1.183333333333335,LC_dv14_Tlc3p0_TTC06,CP5,16.267,2.3099999999999996,1.882
LC_dv14_Tlc3p0_TTC07_CP1_S5p067_E15p067.mp4,1.6419999999999992,0.0,LC_dv14_Tlc3p0_TTC07,CP1,15.067,3.523999999999999,1.882
LC_dv14_Tlc3p0_TTC07_CP2_S5p367_E15p367.mp4,1.3750000000000007,-0.8899999999999952,LC_dv14_Tlc3p0_TTC07,CP2,15.367,3.2570000000000006,1.882
LC_dv14_Tlc3p0_TTC07_CP4_S5p967_E15p967.mp4,0.7549999999999988,-1.0600000000000076,LC_dv14_Tlc3p0_TTC07,CP4,15.967,2.6369999999999987,1.882
LC_dv14_Tlc4p0_TTC02_CP1_S5p067_E15p067.mp4,1.628,-0.003333333333334447,LC_dv14_Tlc4p0_TTC02,CP1,15.067,3.51,1.882
LC_dv14_Tlc4p0_TTC02_CP2_S5p367_E15p367.mp4,1.4309999999999998,-0.656666666666667,LC_dv14_Tlc4p0_TTC02,CP2,15.367,3.3129999999999997,1.882
LC_dv14_Tlc4p0_TTC02_CP3_S5p667_E15p667.mp4,1.2,-0.8566666666666656,LC_dv14_Tlc4p0_TTC02,CP3,15.667,3.082,1.882
LC_dv14_Tlc4p0_TTC02_CP4_S5p967_E15p967.mp4,0.9669999999999994,-0.7766666666666685,LC_dv14_Tlc4p0_TTC02,CP4,15.967,2.8489999999999993,1.882
LC_dv14_Tlc4p0_TTC02_CP5_S6p267_E16p267.mp4,0.7289999999999999,-0.8799999999999979,LC_dv14_Tlc4p0_TTC02,CP5,16.267,2.6109999999999998,1.882
LC_dv14_Tlc4p0_TTC03_CP1_S5p067_E15p067.mp4,1.631,0.0,LC_dv14_Tlc4p0_TTC03,CP1,15.067,3.513,1.882
LC_dv14_Tlc4p0_TTC03_CP2_S5p367_E15p367.mp4,1.4300000000000004,-0.6699999999999988,LC_dv14_Tlc4p0_TTC03,CP2,15.367,3.3120000000000003,1.882
LC_dv14_Tlc4p0_TTC03_CP3_S5p667_E15p667.mp4,1.203,-0.8400000000000023,LC_dv14_Tlc4p0_TTC03,CP3,15.667,3.085,1.882
LC_dv14_Tlc4p0_TTC03_CP4_S5p967_E15p967.mp4,0.9659999999999991,-0.7900000000000034,LC_dv14_Tlc4p0_TTC03,CP4,15.967,2.847999999999999,1.882
LC_dv14_Tlc4p0_TTC03_CP5_S6p267_E16p267.mp4,0.7250000000000003,-0.8899999999999982,LC_dv14_Tlc4p0_TTC03,CP5,16.267,2.607,1.882
LC_dv14_Tlc4p0_TTC04_CP1_S5p067_E15p067.mp4,1.6330000000000007,-0.003333333333331486,LC_dv14_Tlc4p0_TTC04,CP1,15.067,3.5150000000000006,1.882
LC_dv14_Tlc4p0_TTC04_CP2_S5p367_E15p367.mp4,1.4330000000000005,-0.6666666666666673,LC_dv14_Tlc4p0_TTC04,CP2,15.367,3.3150000000000004,1.882
LC_dv14_Tlc4p0_TTC04_CP3_S5p667_E15p667.mp4,1.2020000000000006,-0.8533333333333282,LC_dv14_Tlc4p0_TTC04,CP3,15.667,3.0840000000000005,1.882
LC_dv14_Tlc4p0_TTC04_CP4_S5p967_E15p967.mp4,0.9719999999999993,-0.766666666666671,LC_dv14_Tlc4p0_TTC04,CP4,15.967,2.853999999999999,1.882
LC_dv14_Tlc4p0_TTC04_CP5_S6p267_E16p267.mp4,0.7310000000000005,-0.8933333333333298,LC_dv14_Tlc4p0_TTC04,CP5,16.267,2.6130000000000004,1.882
LC_dv14_Tlc4p0_TTC05_CP1_S5p033_E15p033.mp4,1.6370000000000002,-0.003333333333331486,LC_dv14_Tlc4p0_TTC05,CP1,15.033,3.519,1.882
LC_dv14_Tlc4p0_TTC05_CP2_S5p333_E15p333.mp4,1.4859999999999995,-0.5033333333333356,LC_dv14_Tlc4p0_TTC05,CP2,15.333,3.3679999999999994,1.882
LC_dv14_Tlc4p0_TTC05_CP4_S5p933_E15p933.mp4,1.0250000000000001,-0.7833333333333344,LC_dv14_Tlc4p0_TTC05,CP4,15.933,2.907,1.882
LC_dv14_Tlc4p0_TTC07_CP1_S5p067_E15p067.mp4,1.6419999999999992,-0.003333333333334447,LC_dv14_Tlc4p0_TTC07,CP1,15.067,3.523999999999999,1.882
LC_dv14_Tlc4p0_TTC07_CP3_S5p667_E15p667.mp4,1.2099999999999997,-0.8566666666666656,LC_dv14_Tlc4p0_TTC07,CP3,15.667,3.0919999999999996,1.882
LC_dv14_Tlc4p0_TTC07_CP5_S6p267_E16p267.mp4,0.7330000000000012,-0.8899999999999982,LC_dv14_Tlc4p0_TTC07,CP5,16.267,2.615000000000001,1.882
LC_dv21_Tlc2p0_TTC02_CP1_S5p067_E15p067.mp4,1.6309999999999991,-0.003333333333340368,LC_dv21_Tlc2p0_TTC02,CP1,15.067,3.512999999999999,1.882
LC_dv21_Tlc2p0_TTC02_CP2_S5p367_E15p367.mp4,1.2340000000000007,-1.3233333333333284,LC_dv21_Tlc2p0_TTC02,CP2,15.367,3.1160000000000005,1.882
LC_dv21_Tlc2p0_TTC02_CP3_S5p667_E15p667.mp4,0.7730000000000004,-1.7066666666666652,LC_dv21_Tlc2p0_TTC02,CP3,15.667,2.6550000000000002,1.882
LC_dv21_Tlc2p0_TTC02_CP4_S5p967_E15p967.mp4,0.29400000000000115,-1.596666666666664,LC_dv21_Tlc2p0_TTC02,CP4,15.967,2.176000000000001,1.882
LC_dv21_Tlc2p0_TTC02_CP5_S6p267_E16p267.mp4,-0.20099999999999985,-1.8299999999999983,LC_dv21_Tlc2p0_TTC02,CP5,16.267,1.681,1.882
LC_dv21_Tlc2p0_TTC03_CP1_S5p067_E15p067.mp4,1.6350000000000005,-0.003333333333334447,LC_dv21_Tlc2p0_TTC03,CP1,15.067,3.5170000000000003,1.882
LC_dv21_Tlc2p0_TTC03_CP2_S5p367_E15p367.mp4,1.2459999999999993,-1.2966666666666704,LC_dv21_Tlc2p0_TTC03,CP2,15.367,3.1279999999999992,1.882
LC_dv21_Tlc2p0_TTC03_CP3_S5p667_E15p667.mp4,0.7899999999999998,-1.690000000000002,LC_dv21_Tlc2p0_TTC03,CP3,15.667,2.6719999999999997,1.882
LC_dv21_Tlc2p0_TTC03_CP4_S5p967_E15p967.mp4,0.3159999999999996,-1.5800000000000007,LC_dv21_Tlc2p0_TTC03,CP4,15.967,2.1979999999999995,1.882
LC_dv21_Tlc2p0_TTC03_CP5_S6p267_E16p267.mp4,-0.17300000000000026,-1.8100000000000005,LC_dv21_Tlc2p0_TTC03,CP5,16.267,1.7089999999999996,1.882
LC_dv21_Tlc2p0_TTC04_CP1_S5p067_E15p067.mp4,1.639,-0.0066666666666659324,LC_dv21_Tlc2p0_TTC04,CP1,15.067,3.521,1.882
LC_dv21_Tlc2p0_TTC04_CP2_S5p367_E15p367.mp4,1.243000000000001,-1.3199999999999967,LC_dv21_Tlc2p0_TTC04,CP2,15.367,3.125000000000001,1.882
LC_dv21_Tlc2p0_TTC04_CP3_S5p667_E15p667.mp4,0.7950000000000006,-1.6600000000000008,LC_dv21_Tlc2p0_TTC04,CP3,15.667,2.6770000000000005,1.882
LC_dv21_Tlc2p0_TTC04_CP4_S5p967_E15p967.mp4,0.3140000000000007,-1.603333333333333,LC_dv21_Tlc2p0_TTC04,CP4,15.967,2.1960000000000006,1.882
LC_dv21_Tlc2p0_TTC04_CP5_S6p267_E16p267.mp4,-0.17300000000000026,-1.806666666666669,LC_dv21_Tlc2p0_TTC04,CP5,16.267,1.7089999999999996,1.882
LC_dv21_Tlc2p0_TTC05_CP1_S5p067_E15p067.mp4,1.6429999999999996,-0.006666666666671854,LC_dv21_Tlc2p0_TTC05,CP1,15.067,3.5249999999999995,1.882
LC_dv21_Tlc2p0_TTC05_CP2_S5p367_E15p367.mp4,1.2549999999999997,-1.293333333333333,LC_dv21_Tlc2p0_TTC05,CP2,15.367,3.1369999999999996,1.882
LC_dv21_Tlc2p0_TTC05_CP4_S5p967_E15p967.mp4,0.31200000000000006,-1.6000000000000014,LC_dv21_Tlc2p0_TTC05,CP4,15.967,2.194,1.882
LC_dv21_Tlc2p0_TTC07_CP1_S5p033_E15p033.mp4,1.6509999999999996,-0.0066666666666659324,LC_dv21_Tlc2p0_TTC07,CP1,15.033,3.5329999999999995,1.882
LC_dv21_Tlc2p0_TTC07_CP3_S5p633_E15p633.mp4,0.9120000000000006,-1.6433333333333286,LC_dv21_Tlc2p0_TTC07,CP3,15.633,2.7940000000000005,1.882
LC_dv21_Tlc2p0_TTC07_CP5_S6p233_E16p233.mp4,-0.047999999999999376,-1.6066666666666645,LC_dv21_Tlc2p0_TTC07,CP5,16.233,1.8340000000000005,1.882
LC_dv21_Tlc3p0_TTC02_CP1_S5p067_E15p067.mp4,1.6309999999999991,-0.003333333333340368,LC_dv21_Tlc3p0_TTC02,CP1,15.067,3.512999999999999,1.882
LC_dv21_Tlc3p0_TTC02_CP2_S5p367_E15p367.mp4,1.3630000000000002,-0.8933333333333298,LC_dv21_Tlc3p0_TTC02,CP2,15.367,3.245,1.882
LC_dv21_Tlc3p0_TTC02_CP3_S5p667_E15p667.mp4,1.0550000000000004,-1.1399999999999988,LC_dv21_Tlc3p0_TTC02,CP3,15.667,2.9370000000000003,1.882
LC_dv21_Tlc3p0_TTC02_CP4_S5p967_E15p967.mp4,0.7470000000000006,-1.0266666666666662,LC_dv21_Tlc3p0_TTC02,CP4,15.967,2.6290000000000004,1.882
LC_dv21_Tlc3p0_TTC02_CP5_S6p267_E16p267.mp4,0.42599999999999993,-1.176666666666669,LC_dv21_Tlc3p0_TTC02,CP5,16.267,2.308,1.882
LC_dv21_Tlc3p0_TTC03_CP1_S5p067_E15p067.mp4,1.6360000000000008,0.0,LC_dv21_Tlc3p0_TTC03,CP1,15.067,3.5180000000000007,1.882
LC_dv21_Tlc3p0_TTC03_CP2_S5p367_E15p367.mp4,1.3690000000000013,-0.8899999999999982,LC_dv21_Tlc3p0_TTC03,CP2,15.367,3.2510000000000012,1.882
LC_dv21_Tlc3p0_TTC03_CP3_S5p667_E15p667.mp4,1.0650000000000002,-1.126666666666667,LC_dv21_Tlc3p0_TTC03,CP3,15.667,2.947,1.882
LC_dv21_Tlc3p0_TTC03_CP4_S5p967_E15p967.mp4,0.752999999999999,-1.040000000000004,LC_dv21_Tlc3p0_TTC03,CP4,15.967,2.634999999999999,1.882
LC_dv21_Tlc3p0_TTC03_CP5_S6p267_E16p267.mp4,0.42700000000000027,-1.2033333333333296,LC_dv21_Tlc3p0_TTC03,CP5,16.267,2.309,1.882
LC_dv21_Tlc3p0_TTC04_CP1_S5p067_E15p067.mp4,1.639,-0.0066666666666659324,LC_dv21_Tlc3p0_TTC04,CP1,15.067,3.521,1.882
LC_dv21_Tlc3p0_TTC04_CP2_S5p367_E15p367.mp4,1.3720000000000006,-0.8899999999999982,LC_dv21_Tlc3p0_TTC04,CP2,15.367,3.2540000000000004,1.882
LC_dv21_Tlc3p0_TTC04_CP3_S5p667_E15p667.mp4,1.0640000000000007,-1.1399999999999988,LC_dv21_Tlc3p0_TTC04,CP3,15.667,2.9460000000000006,1.882
LC_dv21_Tlc3p0_TTC04_CP4_S5p967_E15p967.mp4,0.7470000000000006,-1.0566666666666673,LC_dv21_Tlc3p0_TTC04,CP4,15.967,2.6290000000000004,1.882
LC_dv21_Tlc3p0_TTC04_CP5_S6p267_E16p267.mp4,0.4229999999999998,-1.200000000000001,LC_dv21_Tlc3p0_TTC04,CP5,16.267,2.3049999999999997,1.882
LC_dv21_Tlc3p0_TTC05_CP1_S5p067_E15p067.mp4,1.6429999999999996,-0.006666666666671854,LC_dv21_Tlc3p0_TTC05,CP1,15.067,3.5249999999999995,1.882
LC_dv21_Tlc3p0_TTC05_CP3_S5p667_E15p667.mp4,1.0970000000000002,-1.1499999999999992,LC_dv21_Tlc3p0_TTC05,CP3,15.667,2.979,1.882
LC_dv21_Tlc3p0_TTC05_CP5_S6p267_E16p267.mp4,0.44999999999999907,-1.2100000000000015,LC_dv21_Tlc3p0_TTC05,CP5,16.267,2.331999999999999,1.882
LC_dv21_Tlc3p0_TTC06_CP1_S5p067_E15p067.mp4,1.6480000000000004,-0.003333333333334447,LC_dv21_Tlc3p0_TTC06,CP1,15.067,3.5300000000000002,1.882
LC_dv21_Tlc3p0_TTC06_CP2_S5p367_E15p367.mp4,1.3799999999999997,-0.8933333333333356,LC_dv21_Tlc3p0_TTC06,CP2,15.367,3.2619999999999996,1.882
LC_dv21_Tlc3p0_TTC06_CP4_S5p967_E15p967.mp4,0.7549999999999997,-1.0566666666666673,LC_dv21_Tlc3p0_TTC06,CP4,15.967,2.6369999999999996,1.882
LC_dv21_Tlc4p0_TTC02_CP1_S5p067_E15p067.mp4,1.6309999999999991,-0.003333333333340368,LC_dv21_Tlc4p0_TTC02,CP1,15.067,3.512999999999999,1.882
LC_dv21_Tlc4p0_TTC02_CP2_S5p367_E15p367.mp4,1.429000000000001,-0.6733333333333273,LC_dv21_Tlc4p0_TTC02,CP2,15.367,3.311000000000001,1.882
LC_dv21_Tlc4p0_TTC02_CP3_S5p667_E15p667.mp4,1.1979999999999993,-0.8566666666666686,LC_dv21_Tlc4p0_TTC02,CP3,15.667,3.079999999999999,1.882
LC_dv21_Tlc4p0_TTC02_CP4_S5p967_E15p967.mp4,0.9680000000000006,-0.7666666666666622,LC_dv21_Tlc4p0_TTC02,CP4,15.967,2.8500000000000005,1.882
LC_dv21_Tlc4p0_TTC02_CP5_S6p267_E16p267.mp4,0.7339999999999998,-0.8700000000000004,LC_dv21_Tlc4p0_TTC02,CP5,16.267,2.6159999999999997,1.882
LC_dv21_Tlc4p0_TTC03_CP1_S5p067_E15p067.mp4,1.6350000000000005,-0.003333333333334447,LC_dv21_Tlc4p0_TTC03,CP1,15.067,3.5170000000000003,1.882
LC_dv21_Tlc4p0_TTC03_CP2_S5p367_E15p367.mp4,1.437,-0.6600000000000014,LC_dv21_Tlc4p0_TTC03,CP2,15.367,3.319,1.882
LC_dv21_Tlc4p0_TTC03_CP3_S5p667_E15p667.mp4,1.2099999999999997,-0.8433333333333367,LC_dv21_Tlc4p0_TTC03,CP3,15.667,3.0919999999999996,1.882
LC_dv21_Tlc4p0_TTC03_CP4_S5p967_E15p967.mp4,0.9720000000000002,-0.7933333333333319,LC_dv21_Tlc4p0_TTC03,CP4,15.967,2.854,1.882
LC_dv21_Tlc4p0_TTC03_CP5_S6p267_E16p267.mp4,0.7309999999999997,-0.8933333333333326,LC_dv21_Tlc4p0_TTC03,CP5,16.267,2.6129999999999995,1.882
LC_dv21_Tlc4p0_TTC04_CP1_S5p067_E15p067.mp4,1.639,-0.0066666666666659324,LC_dv21_Tlc4p0_TTC04,CP1,15.067,3.521,1.882
LC_dv21_Tlc4p0_TTC04_CP2_S5p367_E15p367.mp4,1.437,-0.6733333333333332,LC_dv21_Tlc4p0_TTC04,CP2,15.367,3.319,1.882
LC_dv21_Tlc4p0_TTC04_CP3_S5p667_E15p667.mp4,1.2060000000000002,-0.8566666666666686,LC_dv21_Tlc4p0_TTC04,CP3,15.667,3.088,1.882
LC_dv21_Tlc4p0_TTC04_CP4_S5p967_E15p967.mp4,0.9690000000000001,-0.7900000000000004,LC_dv21_Tlc4p0_TTC04,CP4,15.967,2.851,1.882
LC_dv21_Tlc4p0_TTC04_CP5_S6p267_E16p267.mp4,0.7279999999999995,-0.8933333333333326,LC_dv21_Tlc4p0_TTC04,CP5,16.267,2.6099999999999994,1.882
LC_dv21_Tlc4p0_TTC06_CP1_S5p067_E15p067.mp4,1.6480000000000004,-0.003333333333334447,LC_dv21_Tlc4p0_TTC06,CP1,15.067,3.5300000000000002,1.882
LC_dv21_Tlc4p0_TTC06_CP3_S5p667_E15p667.mp4,1.2150000000000005,-0.8533333333333312,LC_dv21_Tlc4p0_TTC06,CP3,15.667,3.0970000000000004,1.882
LC_dv21_Tlc4p0_TTC06_CP5_S6p267_E16p267.mp4,0.74,-0.8933333333333326,LC_dv21_Tlc4p0_TTC06,CP5,16.267,2.622,1.882
LC_dv21_Tlc4p0_TTC07_CP1_S5p033_E15p033.mp4,1.6520000000000008,-0.0033333333333285253,LC_dv21_Tlc4p0_TTC07,CP1,15.033,3.5340000000000007,1.882
LC_dv21_Tlc4p0_TTC07_CP2_S5p333_E15p333.mp4,1.5020000000000004,-0.5000000000000012,LC_dv21_Tlc4p0_TTC07,CP2,15.333,3.3840000000000003,1.882
LC_dv21_Tlc4p0_TTC07_CP4_S5p933_E15p933.mp4,1.034999999999999,-0.7866666666666718,LC_dv21_Tlc4p0_TTC07,CP4,15.933,2.916999999999999,1.882
LC_dv28_Tlc2p0_TTC02_CP1_S5p067_E15p067.mp4,1.6340000000000001,-0.003333333333334447,LC_dv28_Tlc2p0_TTC02,CP1,15.067,3.516,1.882
LC_dv28_Tlc2p0_TTC02_CP2_S5p367_E15p367.mp4,1.2369999999999999,-1.3233333333333341,LC_dv28_Tlc2p0_TTC02,CP2,15.367,3.1189999999999998,1.882
LC_dv28_Tlc2p0_TTC02_CP3_S5p667_E15p667.mp4,0.7739999999999998,-1.7100000000000026,LC_dv28_Tlc2p0_TTC02,CP3,15.667,2.6559999999999997,1.882
LC_dv28_Tlc2p0_TTC02_CP4_S5p967_E15p967.mp4,0.2949999999999997,-1.5966666666666671,LC_dv28_Tlc2p0_TTC02,CP4,15.967,2.1769999999999996,1.882
LC_dv28_Tlc2p0_TTC02_CP5_S6p267_E16p267.mp4,-0.1999999999999995,-1.8300000000000014,LC_dv28_Tlc2p0_TTC02,CP5,16.267,1.6820000000000004,1.882
LC_dv28_Tlc2p0_TTC03_CP1_S5p067_E15p067.mp4,1.6389999999999991,-0.006666666666671854,LC_dv28_Tlc2p0_TTC03,CP1,15.067,3.520999999999999,1.882
LC_dv28_Tlc2p0_TTC03_CP2_S5p367_E15p367.mp4,1.251000000000001,-1.2933333333333272,LC_dv28_Tlc2p0_TTC03,CP2,15.367,3.133000000000001,1.882
LC_dv28_Tlc2p0_TTC03_CP3_S5p667_E15p667.mp4,0.7929999999999999,-1.690000000000002,LC_dv28_Tlc2p0_TTC03,CP3,15.667,2.675,1.882
LC_dv28_Tlc2p0_TTC03_CP4_S5p967_E15p967.mp4,0.3109999999999997,-1.6066666666666674,LC_dv28_Tlc2p0_TTC03,CP4,15.967,2.1929999999999996,1.882
LC_dv28_Tlc2p0_TTC03_CP5_S6p267_E16p267.mp4,-0.18600000000000017,-1.8400000000000016,LC_dv28_Tlc2p0_TTC03,CP5,16.267,1.6959999999999997,1.882
LC_dv28_Tlc2p0_TTC04_CP1_S5p067_E15p067.mp4,1.6449999999999994,-0.003333333333334447,LC_dv28_Tlc2p0_TTC04,CP1,15.067,3.5269999999999992,1.882
LC_dv28_Tlc2p0_TTC04_CP2_S5p367_E15p367.mp4,1.2490000000000003,-1.3199999999999967,LC_dv28_Tlc2p0_TTC04,CP2,15.367,3.1310000000000002,1.882
LC_dv28_Tlc2p0_TTC04_CP3_S5p667_E15p667.mp4,0.7850000000000008,-1.7099999999999969,LC_dv28_Tlc2p0_TTC04,CP3,15.667,2.6670000000000007,1.882
LC_dv28_Tlc2p0_TTC04_CP4_S5p967_E15p967.mp4,0.30700000000000016,-1.5933333333333355,LC_dv28_Tlc2p0_TTC04,CP4,15.967,2.189,1.882
LC_dv28_Tlc2p0_TTC04_CP5_S6p267_E16p267.mp4,-0.18799999999999994,-1.8299999999999983,LC_dv28_Tlc2p0_TTC04,CP5,16.267,1.694,1.882
LC_dv28_Tlc2p0_TTC05_CP1_S5p067_E15p067.mp4,1.6500000000000001,-0.0066666666666659324,LC_dv28_Tlc2p0_TTC05,CP1,15.067,3.532,1.882
LC_dv28_Tlc2p0_TTC05_CP3_S5p667_E15p667.mp4,0.791000000000001,-1.7099999999999969,LC_dv28_Tlc2p0_TTC05,CP3,15.667,2.673000000000001,1.882
LC_dv28_Tlc2p0_TTC05_CP5_S6p267_E16p267.mp4,-0.18300000000000005,-1.8300000000000014,LC_dv28_Tlc2p0_TTC05,CP5,16.267,1.6989999999999998,1.882
LC_dv28_Tlc2p0_TTC06_CP1_S5p033_E15p033.mp4,1.6559999999999995,-0.006666666666671854,LC_dv28_Tlc2p0_TTC06,CP1,15.033,3.5379999999999994,1.882
LC_dv28_Tlc2p0_TTC06_CP2_S5p333_E15p333.mp4,1.3599999999999992,-0.9866666666666676,LC_dv28_Tlc2p0_TTC06,CP2,15.333,3.241999999999999,1.882
LC_dv28_Tlc2p0_TTC06_CP4_S5p933_E15p933.mp4,0.43200000000000016,-1.5866666666666638,LC_dv28_Tlc2p0_TTC06,CP4,15.933,2.314,1.882
LC_dv28_Tlc3p0_TTC02_CP1_S5p033_E15p033.mp4,1.6329999999999998,-0.0066666666666659324,LC_dv28_Tlc3p0_TTC02,CP1,15.033,3.5149999999999997,1.882
LC_dv28_Tlc3p0_TTC02_CP2_S5p333_E15p333.mp4,1.4329999999999996,-0.6666666666666673,LC_dv28_Tlc3p0_TTC02,CP2,15.333,3.3149999999999995,1.882
LC_dv28_Tlc3p0_TTC02_CP3_S5p633_E15p633.mp4,1.1259999999999992,-1.1366666666666674,LC_dv28_Tlc3p0_TTC02,CP3,15.633,3.007999999999999,1.882
LC_dv28_Tlc3p0_TTC02_CP4_S5p933_E15p933.mp4,0.8109999999999997,-1.0499999999999985,LC_dv28_Tlc3p0_TTC02,CP4,15.933,2.6929999999999996,1.882
LC_dv28_Tlc3p0_TTC02_CP5_S6p233_E16p233.mp4,0.49199999999999977,-1.0633333333333332,LC_dv28_Tlc3p0_TTC02,CP5,16.233,2.3739999999999997,1.882
LC_dv28_Tlc3p0_TTC03_CP1_S5p067_E15p067.mp4,1.6389999999999991,-0.006666666666671854,LC_dv28_Tlc3p0_TTC03,CP1,15.067,3.520999999999999,1.882
LC_dv28_Tlc3p0_TTC03_CP2_S5p367_E15p367.mp4,1.3719999999999997,-0.8899999999999982,LC_dv28_Tlc3p0_TTC03,CP2,15.367,3.2539999999999996,1.882
LC_dv28_Tlc3p0_TTC03_CP3_S5p667_E15p667.mp4,1.0670000000000008,-1.126666666666667,LC_dv28_Tlc3p0_TTC03,CP3,15.667,2.9490000000000007,1.882
LC_dv28_Tlc3p0_TTC03_CP4_S5p967_E15p967.mp4,0.7499999999999998,-1.0566666666666702,LC_dv28_Tlc3p0_TTC03,CP4,15.967,2.6319999999999997,1.882
LC_dv28_Tlc3p0_TTC03_CP5_S6p267_E16p267.mp4,0.4250000000000005,-1.2033333333333327,LC_dv28_Tlc3p0_TTC03,CP5,16.267,2.3070000000000004,1.882
LC_dv28_Tlc3p0_TTC04_CP1_S5p067_E15p067.mp4,1.6449999999999994,-0.003333333333334447,LC_dv28_Tlc3p0_TTC04,CP1,15.067,3.5269999999999992,1.882
LC_dv28_Tlc3p0_TTC04_CP2_S5p367_E15p367.mp4,1.378,-0.8899999999999982,LC_dv28_Tlc3p0_TTC04,CP2,15.367,3.26,1.882
LC_dv28_Tlc3p0_TTC04_CP3_S5p667_E15p667.mp4,1.0680000000000003,-1.1433333333333362,LC_dv28_Tlc3p0_TTC04,CP3,15.667,2.95,1.882
LC_dv28_Tlc3p0_TTC04_CP4_S5p967_E15p967.mp4,0.7509999999999992,-1.0566666666666702,LC_dv28_Tlc3p0_TTC04,CP4,15.967,2.632999999999999,1.882
LC_dv28_Tlc3p0_TTC04_CP5_S6p267_E16p267.mp4,0.4310000000000007,-1.1866666666666634,LC_dv28_Tlc3p0_TTC04,CP5,16.267,2.3130000000000006,1.882
LC_dv28_Tlc3p0_TTC06_CP1_S5p033_E15p033.mp4,1.6559999999999995,-0.006666666666671854,LC_dv28_Tlc3p0_TTC06,CP1,15.033,3.5379999999999994,1.882
LC_dv28_Tlc3p0_TTC06_CP3_S5p633_E15p633.mp4,1.1929999999999994,-1.0933333333333344,LC_dv28_Tlc3p0_TTC06,CP3,15.633,3.0749999999999993,1.882
LC_dv28_Tlc3p0_TTC06_CP5_S6p233_E16p233.mp4,0.5499999999999996,-1.0933333333333344,LC_dv28_Tlc3p0_TTC06,CP5,16.233,2.4319999999999995,1.882
LC_dv28_Tlc3p0_TTC07_CP1_S5p067_E15p067.mp4,1.6620000000000006,-0.003333333333334447,LC_dv28_Tlc3p0_TTC07,CP1,15.067,3.5440000000000005,1.882
LC_dv28_Tlc3p0_TTC07_CP2_S5p367_E15p367.mp4,1.3950000000000011,-0.8899999999999982,LC_dv28_Tlc3p0_TTC07,CP2,15.367,3.277000000000001,1.882
LC_dv28_Tlc3p0_TTC07_CP4_S5p967_E15p967.mp4,0.7680000000000005,-1.0566666666666644,LC_dv28_Tlc3p0_TTC07,CP4,15.967,2.6500000000000004,1.882
LC_dv28_Tlc4p0_TTC02_CP1_S5p067_E15p067.mp4,1.6340000000000001,-0.003333333333334447,LC_dv28_Tlc4p0_TTC02,CP1,15.067,3.516,1.882
LC_dv28_Tlc4p0_TTC02_CP2_S5p367_E15p367.mp4,1.4320000000000002,-0.6733333333333332,LC_dv28_Tlc4p0_TTC02,CP2,15.367,3.314,1.882
LC_dv28_Tlc4p0_TTC02_CP3_S5p667_E15p667.mp4,1.1990000000000005,-0.8600000000000001,LC_dv28_Tlc4p0_TTC02,CP3,15.667,3.0810000000000004,1.882
LC_dv28_Tlc4p0_TTC02_CP4_S5p967_E15p967.mp4,0.9689999999999992,-0.766666666666671,LC_dv28_Tlc4p0_TTC02,CP4,15.967,2.850999999999999,1.882
LC_dv28_Tlc4p0_TTC02_CP5_S6p267_E16p267.mp4,0.7279999999999995,-0.8800000000000008,LC_dv28_Tlc4p0_TTC02,CP5,16.267,2.6099999999999994,1.882
LC_dv28_Tlc4p0_TTC03_CP1_S5p033_E15p033.mp4,1.639,-0.0066666666666659324,LC_dv28_Tlc4p0_TTC03,CP1,15.033,3.521,1.882
LC_dv28_Tlc4p0_TTC03_CP2_S5p333_E15p333.mp4,1.4919999999999989,-0.49000000000000377,LC_dv28_Tlc4p0_TTC03,CP2,15.333,3.3739999999999988,1.882
LC_dv28_Tlc4p0_TTC03_CP3_S5p633_E15p633.mp4,1.2610000000000008,-0.8399999999999993,LC_dv28_Tlc4p0_TTC03,CP3,15.633,3.1430000000000007,1.882
LC_dv28_Tlc4p0_TTC03_CP4_S5p933_E15p933.mp4,1.0250000000000001,-0.7866666666666688,LC_dv28_Tlc4p0_TTC03,CP4,15.933,2.907,1.882
LC_dv28_Tlc4p0_TTC03_CP5_S6p233_E16p233.mp4,0.7879999999999991,-0.7900000000000034,LC_dv28_Tlc4p0_TTC03,CP5,16.233,2.669999999999999,1.882
LC_dv28_Tlc4p0_TTC04_CP1_S5p067_E15p067.mp4,1.6449999999999994,-0.003333333333334447,LC_dv28_Tlc4p0_TTC04,CP1,15.067,3.5269999999999992,1.882
LC_dv28_Tlc4p0_TTC04_CP2_S5p367_E15p367.mp4,1.4470000000000007,-0.6599999999999955,LC_dv28_Tlc4p0_TTC04,CP2,15.367,3.3290000000000006,1.882
LC_dv28_Tlc4p0_TTC04_CP3_S5p667_E15p667.mp4,1.214000000000001,-0.8466666666666622,LC_dv28_Tlc4p0_TTC04,CP3,15.667,3.096000000000001,1.882
LC_dv28_Tlc4p0_TTC04_CP4_S5p967_E15p967.mp4,0.9770000000000001,-0.7900000000000034,LC_dv28_Tlc4p0_TTC04,CP4,15.967,2.859,1.882
LC_dv28_Tlc4p0_TTC04_CP5_S6p267_E16p267.mp4,0.7349999999999992,-0.89666666666667,LC_dv28_Tlc4p0_TTC04,CP5,16.267,2.616999999999999,1.882
LC_dv28_Tlc4p0_TTC05_CP1_S5p067_E15p067.mp4,1.6500000000000001,-0.0066666666666659324,LC_dv28_Tlc4p0_TTC05,CP1,15.067,3.532,1.882
LC_dv28_Tlc4p0_TTC05_CP2_S5p367_E15p367.mp4,1.4489999999999996,-0.6700000000000017,LC_dv28_Tlc4p0_TTC05,CP2,15.367,3.3309999999999995,1.882
LC_dv28_Tlc4p0_TTC05_CP4_S5p967_E15p967.mp4,0.978999999999999,-0.7900000000000034,LC_dv28_Tlc4p0_TTC05,CP4,15.967,2.860999999999999,1.882
LC_dv28_Tlc4p0_TTC07_CP1_S5p067_E15p067.mp4,1.6620000000000006,-0.003333333333334447,LC_dv28_Tlc4p0_TTC07,CP1,15.067,3.5440000000000005,1.882
LC_dv28_Tlc4p0_TTC07_CP3_S5p667_E15p667.mp4,1.227000000000001,-0.8600000000000001,LC_dv28_Tlc4p0_TTC07,CP3,15.667,3.109000000000001,1.882
LC_dv28_Tlc4p0_TTC07_CP5_S6p267_E16p267.mp4,0.7520000000000004,-0.8833333333333323,LC_dv28_Tlc4p0_TTC07,CP5,16.267,2.6340000000000003,1.882
LC_dv35_Tlc2p0_TTC02_CP1_S5p033_E15p033.mp4,1.6360000000000008,-0.0066666666666659324,LC_dv35_Tlc2p0_TTC02,CP1,15.033,3.5180000000000007,1.882
LC_dv35_Tlc2p0_TTC02_CP2_S5p333_E15p333.mp4,1.339000000000001,-0.9899999999999991,LC_dv35_Tlc2p0_TTC02,CP2,15.333,3.221000000000001,1.882
LC_dv35_Tlc2p0_TTC02_CP3_S5p633_E15p633.mp4,0.8960000000000006,-1.6433333333333315,LC_dv35_Tlc2p0_TTC02,CP3,15.633,2.7780000000000005,1.882
LC_dv35_Tlc2p0_TTC02_CP4_S5p933_E15p933.mp4,0.4179999999999999,-1.5933333333333355,LC_dv35_Tlc2p0_TTC02,CP4,15.933,2.3,1.882
LC_dv35_Tlc2p0_TTC02_CP5_S6p233_E16p233.mp4,-0.0750000000000004,-1.6433333333333344,LC_dv35_Tlc2p0_TTC02,CP5,16.233,1.8069999999999995,1.882
LC_dv35_Tlc2p0_TTC03_CP1_S5p067_E15p067.mp4,1.6430000000000005,-0.0066666666666659324,LC_dv35_Tlc2p0_TTC03,CP1,15.067,3.5250000000000004,1.882
LC_dv35_Tlc2p0_TTC03_CP2_S5p367_E15p367.mp4,1.2539999999999993,-1.2966666666666704,LC_dv35_Tlc2p0_TTC03,CP2,15.367,3.1359999999999992,1.882
LC_dv35_Tlc2p0_TTC03_CP3_S5p667_E15p667.mp4,0.7890000000000004,-1.7200000000000002,LC_dv35_Tlc2p0_TTC03,CP3,15.667,2.6710000000000003,1.882
LC_dv35_Tlc2p0_TTC03_CP4_S5p967_E15p967.mp4,0.30899999999999994,-1.6000000000000014,LC_dv35_Tlc2p0_TTC03,CP4,15.967,2.191,1.882
LC_dv35_Tlc2p0_TTC03_CP5_S6p267_E16p267.mp4,-0.17799999999999927,-1.806666666666663,LC_dv35_Tlc2p0_TTC03,CP5,16.267,1.7040000000000006,1.882
LC_dv35_Tlc2p0_TTC04_CP1_S5p067_E15p067.mp4,1.6510000000000005,-0.0066666666666659324,LC_dv35_Tlc2p0_TTC04,CP1,15.067,3.5330000000000004,1.882
LC_dv35_Tlc2p0_TTC04_CP2_S5p367_E15p367.mp4,1.2700000000000002,-1.270000000000001,LC_dv35_Tlc2p0_TTC04,CP2,15.367,3.152,1.882
LC_dv35_Tlc2p0_TTC04_CP3_S5p667_E15p667.mp4,0.804,-1.7166666666666657,LC_dv35_Tlc2p0_TTC04,CP3,15.667,2.686,1.882
LC_dv35_Tlc2p0_TTC04_CP4_S5p967_E15p967.mp4,0.3229999999999993,-1.603333333333336,LC_dv35_Tlc2p0_TTC04,CP4,15.967,2.204999999999999,1.882
LC_dv35_Tlc2p0_TTC04_CP5_S6p267_E16p267.mp4,-0.17500000000000004,-1.8399999999999987,LC_dv35_Tlc2p0_TTC04,CP5,16.267,1.7069999999999999,1.882
LC_dv35_Tlc2p0_TTC05_CP1_S5p033_E15p033.mp4,1.6569999999999998,-0.0066666666666659324,LC_dv35_Tlc2p0_TTC05,CP1,15.033,3.5389999999999997,1.882
LC_dv35_Tlc2p0_TTC05_CP2_S5p333_E15p333.mp4,1.3609999999999995,-0.9866666666666676,LC_dv35_Tlc2p0_TTC05,CP2,15.333,3.2429999999999994,1.882
LC_dv35_Tlc2p0_TTC05_CP4_S5p933_E15p933.mp4,0.4319999999999993,-1.590000000000004,LC_dv35_Tlc2p0_TTC05,CP4,15.933,2.313999999999999,1.882
LC_dv35_Tlc2p0_TTC07_CP1_S5p067_E15p067.mp4,1.6709999999999992,-0.0066666666666659324,LC_dv35_Tlc2p0_TTC07,CP1,15.067,3.552999999999999,1.882
LC_dv35_Tlc2p0_TTC07_CP3_S5p667_E15p667.mp4,0.8180000000000003,-1.7166666666666686,LC_dv35_Tlc2p0_TTC07,CP3,15.667,2.7,1.882
LC_dv35_Tlc2p0_TTC07_CP5_S6p267_E16p267.mp4,-0.15900000000000003,-1.8366666666666673,LC_dv35_Tlc2p0_TTC07,CP5,16.267,1.7229999999999999,1.882
LC_dv35_Tlc3p0_TTC02_CP1_S5p067_E15p067.mp4,1.635999999999999,-0.006666666666671854,LC_dv35_Tlc3p0_TTC02,CP1,15.067,3.517999999999999,1.882
LC_dv35_Tlc3p0_TTC02_CP2_S5p367_E15p367.mp4,1.3740000000000003,-0.873333333333329,LC_dv35_Tlc3p0_TTC02,CP2,15.367,3.2560000000000002,1.882
LC_dv35_Tlc3p0_TTC02_CP3_S5p667_E15p667.mp4,1.0680000000000003,-1.1166666666666696,LC_dv35_Tlc3p0_TTC02,CP3,15.667,2.95,1.882
LC_dv35_Tlc3p0_TTC02_CP4_S5p967_E15p967.mp4,0.7500000000000007,-1.0599999999999987,LC_dv35_Tlc3p0_TTC02,CP4,15.967,2.6320000000000006,1.882
LC_dv35_Tlc3p0_TTC02_CP5_S6p267_E16p267.mp4,0.4280000000000006,-1.1933333333333322,LC_dv35_Tlc3p0_TTC02,CP5,16.267,2.3100000000000005,1.882
LC_dv35_Tlc3p0_TTC03_CP1_S5p033_E15p033.mp4,1.6430000000000005,-0.0066666666666659324,LC_dv35_Tlc3p0_TTC03,CP1,15.033,3.5250000000000004,1.882
LC_dv35_Tlc3p0_TTC03_CP2_S5p333_E15p333.mp4,1.4420000000000008,-0.6699999999999988,LC_dv35_Tlc3p0_TTC03,CP2,15.333,3.3240000000000007,1.882
LC_dv35_Tlc3p0_TTC03_CP3_S5p633_E15p633.mp4,1.1400000000000003,-1.119999999999998,LC_dv35_Tlc3p0_TTC03,CP3,15.633,3.0220000000000002,1.882
LC_dv35_Tlc3p0_TTC03_CP4_S5p933_E15p933.mp4,0.8229999999999993,-1.0566666666666702,LC_dv35_Tlc3p0_TTC03,CP4,15.933,2.704999999999999,1.882
LC_dv35_Tlc3p0_TTC03_CP5_S6p233_E16p233.mp4,0.5000000000000007,-1.0766666666666622,LC_dv35_Tlc3p0_TTC03,CP5,16.233,2.3820000000000006,1.882
LC_dv35_Tlc3p0_TTC04_CP1_S5p067_E15p067.mp4,1.6500000000000001,-0.0066666666666659324,LC_dv35_Tlc3p0_TTC04,CP1,15.067,3.532,1.882
LC_dv35_Tlc3p0_TTC04_CP2_S5p367_E15p367.mp4,1.3879999999999997,-0.8733333333333348,LC_dv35_Tlc3p0_TTC04,CP2,15.367,3.2699999999999996,1.882
LC_dv35_Tlc3p0_TTC04_CP3_S5p667_E15p667.mp4,1.0770000000000006,-1.1500000000000021,LC_dv35_Tlc3p0_TTC04,CP3,15.667,2.9590000000000005,1.882
LC_dv35_Tlc3p0_TTC04_CP4_S5p967_E15p967.mp4,0.764,-1.0433333333333354,LC_dv35_Tlc3p0_TTC04,CP4,15.967,2.646,1.882
LC_dv35_Tlc3p0_TTC04_CP5_S6p267_E16p267.mp4,0.4380000000000004,-1.2066666666666641,LC_dv35_Tlc3p0_TTC04,CP5,16.267,2.3200000000000003,1.882
LC_dv35_Tlc3p0_TTC05_CP1_S5p067_E15p067.mp4,1.6569999999999998,-0.0066666666666659324,LC_dv35_Tlc3p0_TTC05,CP1,15.067,3.5389999999999997,1.882
LC_dv35_Tlc3p0_TTC05_CP3_S5p667_E15p667.mp4,1.0840000000000003,-1.1300000000000014,LC_dv35_Tlc3p0_TTC05,CP3,15.667,2.966,1.882
LC_dv35_Tlc3p0_TTC05_CP5_S6p267_E16p267.mp4,0.44500000000000006,-1.1933333333333322,LC_dv35_Tlc3p0_TTC05,CP5,16.267,2.327,1.882
LC_dv35_Tlc3p0_TTC06_CP1_S5p067_E15p067.mp4,1.6639999999999995,-0.0066666666666659324,LC_dv35_Tlc3p0_TTC06,CP1,15.067,3.5459999999999994,1.882
LC_dv35_Tlc3p0_TTC06_CP2_S5p367_E15p367.mp4,1.3960000000000006,-0.8933333333333298,LC_dv35_Tlc3p0_TTC06,CP2,15.367,3.2780000000000005,1.882
LC_dv35_Tlc3p0_TTC06_CP4_S5p967_E15p967.mp4,0.7739999999999998,-1.0566666666666673,LC_dv35_Tlc3p0_TTC06,CP4,15.967,2.6559999999999997,1.882
LC_dv35_Tlc4p0_TTC02_CP1_S5p067_E15p067.mp4,1.635999999999999,-0.006666666666671854,LC_dv35_Tlc4p0_TTC02,CP1,15.067,3.517999999999999,1.882
LC_dv35_Tlc4p0_TTC02_CP2_S5p367_E15p367.mp4,1.4340000000000008,-0.6733333333333273,LC_dv35_Tlc4p0_TTC02,CP2,15.367,3.3160000000000007,1.882
LC_dv35_Tlc4p0_TTC02_CP3_S5p667_E15p667.mp4,1.2009999999999994,-0.8633333333333345,LC_dv35_Tlc4p0_TTC02,CP3,15.667,3.0829999999999993,1.882
LC_dv35_Tlc4p0_TTC02_CP4_S5p967_E15p967.mp4,0.9640000000000011,-0.7899999999999945,LC_dv35_Tlc4p0_TTC02,CP4,15.967,2.846000000000001,1.882
LC_dv35_Tlc4p0_TTC02_CP5_S6p267_E16p267.mp4,0.7220000000000011,-0.8966666666666642,LC_dv35_Tlc4p0_TTC02,CP5,16.267,2.604000000000001,1.882
LC_dv35_Tlc4p0_TTC03_CP1_S5p067_E15p067.mp4,1.6430000000000005,-0.0066666666666659324,LC_dv35_Tlc4p0_TTC03,CP1,15.067,3.5250000000000004,1.882
LC_dv35_Tlc4p0_TTC03_CP2_S5p367_E15p367.mp4,1.4410000000000005,-0.6733333333333332,LC_dv35_Tlc4p0_TTC03,CP2,15.367,3.3230000000000004,1.882
LC_dv35_Tlc4p0_TTC03_CP3_S5p667_E15p667.mp4,1.2080000000000009,-0.8633333333333345,LC_dv35_Tlc4p0_TTC03,CP3,15.667,3.0900000000000007,1.882
LC_dv35_Tlc4p0_TTC03_CP4_S5p967_E15p967.mp4,0.9780000000000004,-0.7666666666666682,LC_dv35_Tlc4p0_TTC03,CP4,15.967,2.8600000000000003,1.882
LC_dv35_Tlc4p0_TTC03_CP5_S6p267_E16p267.mp4,0.7360000000000004,-0.8966666666666642,LC_dv35_Tlc4p0_TTC03,CP5,16.267,2.6180000000000003,1.882
LC_dv35_Tlc4p0_TTC04_CP1_S5p067_E15p067.mp4,1.6510000000000005,-0.0066666666666659324,LC_dv35_Tlc4p0_TTC04,CP1,15.067,3.5330000000000004,1.882
LC_dv35_Tlc4p0_TTC04_CP2_S5p367_E15p367.mp4,1.4490000000000005,-0.6733333333333332,LC_dv35_Tlc4p0_TTC04,CP2,15.367,3.3310000000000004,1.882
LC_dv35_Tlc4p0_TTC04_CP3_S5p667_E15p667.mp4,1.2160000000000009,-0.8600000000000001,LC_dv35_Tlc4p0_TTC04,CP3,15.667,3.0980000000000008,1.882
LC_dv35_Tlc4p0_TTC04_CP4_S5p967_E15p967.mp4,0.9789999999999999,-0.7900000000000034,LC_dv35_Tlc4p0_TTC04,CP4,15.967,2.8609999999999998,1.882
LC_dv35_Tlc4p0_TTC04_CP5_S6p267_E16p267.mp4,0.74,-0.8833333333333323,LC_dv35_Tlc4p0_TTC04,CP5,16.267,2.622,1.882
LC_dv35_Tlc4p0_TTC06_CP1_S5p067_E15p067.mp4,1.6639999999999995,-0.0066666666666659324,LC_dv35_Tlc4p0_TTC06,CP1,15.067,3.5459999999999994,1.882
LC_dv35_Tlc4p0_TTC06_CP3_S5p667_E15p667.mp4,1.2589999999999992,-0.8566666666666716,LC_dv35_Tlc4p0_TTC06,CP3,15.667,3.140999999999999,1.882
LC_dv35_Tlc4p0_TTC06_CP5_S6p267_E16p267.mp4,0.7789999999999997,-0.9066666666666645,LC_dv35_Tlc4p0_TTC06,CP5,16.267,2.6609999999999996,1.882
LC_dv35_Tlc4p0_TTC07_CP1_S5p067_E15p067.mp4,1.6719999999999995,-0.0066666666666659324,LC_dv35_Tlc4p0_TTC07,CP1,15.067,3.5539999999999994,1.882
LC_dv35_Tlc4p0_TTC07_CP2_S5p367_E15p367.mp4,1.4740000000000009,-0.6599999999999955,LC_dv35_Tlc4p0_TTC07,CP2,15.367,3.3560000000000008,1.882
LC_dv35_Tlc4p0_TTC07_CP4_S5p967_E15p967.mp4,1.0070000000000003,-0.7933333333333348,LC_dv35_Tlc4p0_TTC07,CP4,15.967,2.8890000000000002,1.882
LC_dv42_Tlc2p0_TTC02_CP1_S5p033_E15p033.mp4,1.6399999999999995,-0.0066666666666659324,LC_dv42_Tlc2p0_TTC02,CP1,15.033,3.5219999999999994,1.882
LC_dv42_Tlc2p0_TTC02_CP2_S5p333_E15p333.mp4,1.3510000000000006,-0.9633333333333294,LC_dv42_Tlc2p0_TTC02,CP2,15.333,3.2330000000000005,1.882
LC_dv42_Tlc2p0_TTC02_CP3_S5p633_E15p633.mp4,0.8899999999999995,-1.7033333333333367,LC_dv42_Tlc2p0_TTC02,CP3,15.633,2.7719999999999994,1.882
LC_dv42_Tlc2p0_TTC02_CP4_S5p933_E15p933.mp4,0.41300000000000003,-1.589999999999998,LC_dv42_Tlc2p0_TTC02,CP4,15.933,2.295,1.882
LC_dv42_Tlc2p0_TTC02_CP5_S6p233_E16p233.mp4,-0.08100000000000063,-1.646666666666669,LC_dv42_Tlc2p0_TTC02,CP5,16.233,1.8009999999999993,1.882
LC_dv42_Tlc2p0_TTC03_CP1_S5p067_E15p067.mp4,1.6469999999999991,-0.006666666666671854,LC_dv42_Tlc2p0_TTC03,CP1,15.067,3.528999999999999,1.882
LC_dv42_Tlc2p0_TTC03_CP2_S5p367_E15p367.mp4,1.2580000000000007,-1.2966666666666615,LC_dv42_Tlc2p0_TTC03,CP2,15.367,3.1400000000000006,1.882
LC_dv42_Tlc2p0_TTC03_CP3_S5p667_E15p667.mp4,0.7939999999999994,-1.7133333333333371,LC_dv42_Tlc2p0_TTC03,CP3,15.667,2.6759999999999993,1.882
LC_dv42_Tlc2p0_TTC03_CP4_S5p967_E15p967.mp4,0.3190000000000006,-1.5833333333333293,LC_dv42_Tlc2p0_TTC03,CP4,15.967,2.2010000000000005,1.882
LC_dv42_Tlc2p0_TTC03_CP5_S6p267_E16p267.mp4,-0.17800000000000016,-1.8399999999999987,LC_dv42_Tlc2p0_TTC03,CP5,16.267,1.7039999999999997,1.882
LC_dv42_Tlc2p0_TTC04_CP1_S5p067_E15p067.mp4,1.655,-0.009999999999997419,LC_dv42_Tlc2p0_TTC04,CP1,15.067,3.537,1.882
LC_dv42_Tlc2p0_TTC04_CP2_S5p367_E15p367.mp4,1.2580000000000007,-1.3233333333333313,LC_dv42_Tlc2p0_TTC04,CP2,15.367,3.1400000000000006,1.882
LC_dv42_Tlc2p0_TTC04_CP3_S5p667_E15p667.mp4,0.7950000000000006,-1.7099999999999997,LC_dv42_Tlc2p0_TTC04,CP3,15.667,2.6770000000000005,1.882
LC_dv42_Tlc2p0_TTC04_CP4_S5p967_E15p967.mp4,0.3209999999999995,-1.5800000000000036,LC_dv42_Tlc2p0_TTC04,CP4,15.967,2.2029999999999994,1.882
LC_dv42_Tlc2p0_TTC04_CP5_S6p267_E16p267.mp4,-0.17600000000000038,-1.8366666666666702,LC_dv42_Tlc2p0_TTC04,CP5,16.267,1.7059999999999995,1.882
LC_dv42_Tlc2p0_TTC05_CP1_S5p067_E15p067.mp4,1.6629999999999991,-0.01000000000000334,LC_dv42_Tlc2p0_TTC05,CP1,15.067,3.544999999999999,1.882
LC_dv42_Tlc2p0_TTC05_CP3_S5p667_E15p667.mp4,0.8159999999999996,-1.6933333333333365,LC_dv42_Tlc2p0_TTC05,CP3,15.667,2.6979999999999995,1.882
LC_dv42_Tlc2p0_TTC05_CP5_S6p267_E16p267.mp4,-0.15900000000000003,-1.8466666666666676,LC_dv42_Tlc2p0_TTC05,CP5,16.267,1.7229999999999999,1.882
LC_dv42_Tlc2p0_TTC06_CP1_S5p067_E15p067.mp4,1.6719999999999995,-0.01000000000000334,LC_dv42_Tlc2p0_TTC06,CP1,15.067,3.5539999999999994,1.882
LC_dv42_Tlc2p0_TTC06_CP2_S5p367_E15p367.mp4,1.2819999999999998,-1.299999999999999,LC_dv42_Tlc2p0_TTC06,CP2,15.367,3.1639999999999997,1.882
LC_dv42_Tlc2p0_TTC06_CP4_S5p967_E15p967.mp4,0.3369999999999995,-1.603333333333336,LC_dv42_Tlc2p0_TTC06,CP4,15.967,2.2189999999999994,1.882
LC_dv42_Tlc3p0_TTC02_CP1_S5p067_E15p067.mp4,1.6380000000000006,-0.009999999999997419,LC_dv42_Tlc3p0_TTC02,CP1,15.067,3.5200000000000005,1.882
LC_dv42_Tlc3p0_TTC02_CP2_S5p367_E15p367.mp4,1.3759999999999992,-0.8733333333333378,LC_dv42_Tlc3p0_TTC02,CP2,15.367,3.257999999999999,1.882
LC_dv42_Tlc3p0_TTC02_CP3_S5p667_E15p667.mp4,1.0659999999999996,-1.1466666666666707,LC_dv42_Tlc3p0_TTC02,CP3,15.667,2.9479999999999995,1.882
LC_dv42_Tlc3p0_TTC02_CP4_S5p967_E15p967.mp4,0.7520000000000004,-1.046666666666664,LC_dv42_Tlc3p0_TTC02,CP4,15.967,2.6340000000000003,1.882
LC_dv42_Tlc3p0_TTC02_CP5_S6p267_E16p267.mp4,0.42599999999999905,-1.206666666666673,LC_dv42_Tlc3p0_TTC02,CP5,16.267,2.307999999999999,1.882
LC_dv42_Tlc3p0_TTC03_CP1_S5p067_E15p067.mp4,1.6469999999999991,-0.006666666666671854,LC_dv42_Tlc3p0_TTC03,CP1,15.067,3.528999999999999,1.882
LC_dv42_Tlc3p0_TTC03_CP2_S5p367_E15p367.mp4,1.3789999999999993,-0.8933333333333326,LC_dv42_Tlc3p0_TTC03,CP2,15.367,3.2609999999999992,1.882
LC_dv42_Tlc3p0_TTC03_CP3_S5p667_E15p667.mp4,1.0740000000000005,-1.1300000000000014,LC_dv42_Tlc3p0_TTC03,CP3,15.667,2.9560000000000004,1.882
LC_dv42_Tlc3p0_TTC03_CP4_S5p967_E15p967.mp4,0.7550000000000006,-1.0633333333333332,LC_dv42_Tlc3p0_TTC03,CP4,15.967,2.6370000000000005,1.882
LC_dv42_Tlc3p0_TTC03_CP5_S6p267_E16p267.mp4,0.42899999999999916,-1.206666666666667,LC_dv42_Tlc3p0_TTC03,CP5,16.267,2.310999999999999,1.882
LC_dv42_Tlc3p0_TTC04_CP1_S5p067_E15p067.mp4,1.655,-0.009999999999997419,LC_dv42_Tlc3p0_TTC04,CP1,15.067,3.537,1.882
LC_dv42_Tlc3p0_TTC04_CP2_S5p367_E15p367.mp4,1.3870000000000002,-0.8933333333333326,LC_dv42_Tlc3p0_TTC04,CP2,15.367,3.269,1.882
LC_dv42_Tlc3p0_TTC04_CP3_S5p667_E15p667.mp4,1.0770000000000006,-1.1466666666666647,LC_dv42_Tlc3p0_TTC04,CP3,15.667,2.9590000000000005,1.882
LC_dv42_Tlc3p0_TTC04_CP4_S5p967_E15p967.mp4,0.7590000000000001,-1.0600000000000018,LC_dv42_Tlc3p0_TTC04,CP4,15.967,2.641,1.882
LC_dv42_Tlc3p0_TTC04_CP5_S6p267_E16p267.mp4,0.44199999999999906,-1.1766666666666719,LC_dv42_Tlc3p0_TTC04,CP5,16.267,2.323999999999999,1.882
LC_dv42_Tlc3p0_TTC06_CP1_S5p067_E15p067.mp4,1.6719999999999995,-0.01000000000000334,LC_dv42_Tlc3p0_TTC06,CP1,15.067,3.5539999999999994,1.882
LC_dv42_Tlc3p0_TTC06_CP3_S5p667_E15p667.mp4,1.094,-1.1466666666666647,LC_dv42_Tlc3p0_TTC06,CP3,15.667,2.976,1.882
LC_dv42_Tlc3p0_TTC06_CP5_S6p267_E16p267.mp4,0.4539999999999995,-1.1933333333333351,LC_dv42_Tlc3p0_TTC06,CP5,16.267,2.3359999999999994,1.882
LC_dv42_Tlc3p0_TTC07_CP1_S5p033_E15p033.mp4,1.682000000000001,-0.0066666666666659324,LC_dv42_Tlc3p0_TTC07,CP1,15.033,3.564000000000001,1.882
LC_dv42_Tlc3p0_TTC07_CP2_S5p333_E15p333.mp4,1.4800000000000002,-0.6733333333333362,LC_dv42_Tlc3p0_TTC07,CP2,15.333,3.362,1.882
LC_dv42_Tlc3p0_TTC07_CP4_S5p933_E15p933.mp4,0.8559999999999997,-1.0533333333333388,LC_dv42_Tlc3p0_TTC07,CP4,15.933,2.7379999999999995,1.882
LC_dv42_Tlc4p0_TTC02_CP1_S5p067_E15p067.mp4,1.6380000000000006,-0.009999999999997419,LC_dv42_Tlc4p0_TTC02,CP1,15.067,3.5200000000000005,1.882
LC_dv42_Tlc4p0_TTC02_CP2_S5p367_E15p367.mp4,1.4399999999999993,-0.6600000000000044,LC_dv42_Tlc4p0_TTC02,CP2,15.367,3.321999999999999,1.882
LC_dv42_Tlc4p0_TTC02_CP3_S5p667_E15p667.mp4,1.2069999999999996,-0.8633333333333345,LC_dv42_Tlc4p0_TTC02,CP3,15.667,3.0889999999999995,1.882
LC_dv42_Tlc4p0_TTC02_CP4_S5p967_E15p967.mp4,0.9679999999999997,-0.7966666666666663,LC_dv42_Tlc4p0_TTC02,CP4,15.967,2.8499999999999996,1.882
LC_dv42_Tlc4p0_TTC02_CP5_S6p267_E16p267.mp4,0.7259999999999998,-0.8966666666666672,LC_dv42_Tlc4p0_TTC02,CP5,16.267,2.6079999999999997,1.882
LC_dv42_Tlc4p0_TTC03_CP1_S5p067_E15p067.mp4,1.6469999999999991,-0.006666666666671854,LC_dv42_Tlc4p0_TTC03,CP1,15.067,3.528999999999999,1.882
LC_dv42_Tlc4p0_TTC03_CP2_S5p367_E15p367.mp4,1.4440000000000006,-0.6766666666666618,LC_dv42_Tlc4p0_TTC03,CP2,15.367,3.3260000000000005,1.882
LC_dv42_Tlc4p0_TTC03_CP3_S5p667_E15p667.mp4,1.2109999999999992,-0.8633333333333345,LC_dv42_Tlc4p0_TTC03,CP3,15.667,3.092999999999999,1.882
LC_dv42_Tlc4p0_TTC03_CP4_S5p967_E15p967.mp4,0.9770000000000001,-0.779999999999997,LC_dv42_Tlc4p0_TTC03,CP4,15.967,2.859,1.882
LC_dv42_Tlc4p0_TTC03_CP5_S6p267_E16p267.mp4,0.7380000000000002,-0.8866666666666667,LC_dv42_Tlc4p0_TTC03,CP5,16.267,2.62,1.882
LC_dv42_Tlc4p0_TTC04_CP1_S5p067_E15p067.mp4,1.655,-0.009999999999997419,LC_dv42_Tlc4p0_TTC04,CP1,15.067,3.537,1.882
LC_dv42_Tlc4p0_TTC04_CP2_S5p367_E15p367.mp4,1.4529999999999992,-0.6733333333333362,LC_dv42_Tlc4p0_TTC04,CP2,15.367,3.334999999999999,1.882
LC_dv42_Tlc4p0_TTC04_CP3_S5p667_E15p667.mp4,1.2199999999999995,-0.860000000000003,LC_dv42_Tlc4p0_TTC04,CP3,15.667,3.1019999999999994,1.882
LC_dv42_Tlc4p0_TTC04_CP4_S5p967_E15p967.mp4,0.9849999999999992,-0.7833333333333344,LC_dv42_Tlc4p0_TTC04,CP4,15.967,2.866999999999999,1.882
LC_dv42_Tlc4p0_TTC04_CP5_S6p267_E16p267.mp4,0.7459999999999993,-0.8866666666666667,LC_dv42_Tlc4p0_TTC04,CP5,16.267,2.6279999999999992,1.882
LC_dv42_Tlc4p0_TTC05_CP1_S5p067_E15p067.mp4,1.6640000000000004,-0.0066666666666659324,LC_dv42_Tlc4p0_TTC05,CP1,15.067,3.5460000000000003,1.882
LC_dv42_Tlc4p0_TTC05_CP2_S5p367_E15p367.mp4,1.461,-0.6766666666666676,LC_dv42_Tlc4p0_TTC05,CP2,15.367,3.343,1.882
LC_dv42_Tlc4p0_TTC05_CP4_S5p967_E15p967.mp4,0.9979999999999991,-0.766666666666671,LC_dv42_Tlc4p0_TTC05,CP4,15.967,2.879999999999999,1.882
LC_dv42_Tlc4p0_TTC07_CP1_S5p067_E15p067.mp4,1.6809999999999998,-0.0066666666666659324,LC_dv42_Tlc4p0_TTC07,CP1,15.067,3.5629999999999997,1.882
LC_dv42_Tlc4p0_TTC07_CP3_S5p667_E15p667.mp4,1.2449999999999999,-0.8633333333333345,LC_dv42_Tlc4p0_TTC07,CP3,15.667,3.127,1.882
LC_dv42_Tlc4p0_TTC07_CP5_S6p267_E16p267.mp4,0.7649999999999995,-0.8966666666666672,LC_dv42_Tlc4p0_TTC07,CP5,16.267,2.6469999999999994,1.882
