video,cp,p,n,ttc_start,ttc_true,distance,dv_kph,theta_dot,l0,ldot,p_lead,expected_looming,pred_mixture,pred_expected
LC_dv07_Tlc2p0_TTC02_CP1_S5p033_E15p033.mp4,CP1,0.0,21,2.0,2.0,3.888888888888889,7.0,0.22858758603597668,1.6260000000000001,0.003333333333334447,0.049213760811714385,0.01124965478370174,0.08176284396787746,0.2436005471974605
LC_dv07_Tlc2p0_TTC02_CP2_S5p333_E15p333.mp4,CP2,0.9545454545454546,11,2.0,1.7,3.305555555555556,7.0,0.30980266975161547,1.3300000000000007,-0.9866666666666646,0.9501659335073478,0.2943639429076123,0.917556986139934,0.9444121972504734
LC_dv07_Tlc2p0_TTC02_CP3_S5p633_E15p633.mp4,CP3,0.85,10,2.0,1.4,2.722222222222222,7.0,0.44111084238872766,0.8720000000000006,-1.6933333333333334,0.9999893355486987,0.44110613818363054,0.9807704747618889,0.9697989087940905
LC_dv07_Tlc2p0_TTC02_CP4_S5p933_E15p933.mp4,CP4,1.0,11,2.0,1.1,2.138888888888889,7.0,0.6701878220052501,0.39800000000000035,-1.5800000000000007,0.9999942235418419,0.6701839506933381,0.9916895495836587,0.985090303915529
LC_dv07_Tlc2p0_TTC02_CP5_S6p233_E16p233.mp4,CP5,0.85,10,2.0,0.8,1.5555555555555556,7.0,1.107166496763433,-0.08100000000000063,-1.59666666666667,0.9999995677253504,1.1071660181634235,0.9973297898887223,0.9942332305694851
LC_dv07_Tlc2p0_TTC03_CP1_S5p033_E15p033.mp4,CP1,0.0238095238095238,21,3.0,3.0,5.833333333333333,7.0,0.10481532152975863,1.6269999999999996,-2.960594732333751e-15,0.05014654965977478,0.005256126726197302,0.07704066894152811,0.11298723107132072
LC_dv07_Tlc2p0_TTC03_CP2_S5p333_E15p333.mp4,CP2,0.8181818181818182,11,3.0,2.7,5.25,7.0,0.1286363501312956,1.3319999999999996,-0.9833333333333332,0.9489066208073087,0.1220638843160735,0.8193923123127796,0.814211478450208
LC_dv07_Tlc2p0_TTC03_CP3_S5p633_E15p633.mp4,CP3,0.75,10,3.0,2.4,4.666666666666666,7.0,0.16147035518266575,0.8739999999999994,-1.6933333333333394,0.9999892389400007,0.16146861759048553,0.8960781314076072,0.8595694015705856
LC_dv07_Tlc2p0_TTC03_CP4_S5p933_E15p933.mp4,CP4,0.9545454545454546,11,3.0,2.1,4.083333333333333,7.0,0.20840738355309427,0.39999999999999925,-1.5800000000000007,0.9999941696852653,0.20840616847245513,0.9266579343579918,0.8938017939375686
LC_dv07_Tlc2p0_TTC03_CP5_S6p233_E16p233.mp4,CP5,0.8,10,3.0,1.8,3.5,7.0,0.2785923442350108,-0.08399999999999985,-1.6133333333333304,0.9999996716286593,0.2785922527532692,0.9525222039615786,0.9248965095530485
LC_dv07_Tlc2p0_TTC04_CP1_S5p067_E15p067.mp4,CP1,0.0,21,4.0,4.0,7.777777777777778,7.0,0.059620164418858826,1.6289999999999993,0.0033333333333285253,0.04890592849595861,0.0029157794979860056,0.06967188026026902,0.05365604713625967
LC_dv07_Tlc2p0_TTC04_CP2_S5p367_E15p367.mp4,CP2,0.8636363636363636,11,4.0,3.7,7.194444444444445,7.0,0.06951104310438115,1.2409999999999994,-1.293333333333333,0.9961580928202879,0.06924398812880915,0.7347105067743026,0.7032658605618642
LC_dv07_Tlc2p0_TTC04_CP3_S5p667_E15p667.mp4,CP3,0.7,10,4.0,3.4,6.611111111111111,7.0,0.08206454509376793,0.7850000000000008,-1.6866666666666645,0.9999921340094402,0.08206389957483093,0.7761907788652408,0.7414944163480232
LC_dv07_Tlc2p0_TTC04_CP4_S5p967_E15p967.mp4,CP4,0.8181818181818182,11,4.0,3.1,6.027777777777778,7.0,0.09832039643089004,0.3050000000000004,-1.6000000000000014,0.9999971926735736,0.09832012041344287,0.8144556499539255,0.7791736962132055
LC_dv07_Tlc2p0_TTC04_CP5_S6p267_E16p267.mp4,CP5,0.85,10,4.0,2.8,5.444444444444444,7.0,0.11987387378254959,-0.19100000000000006,-1.83333333333333,0.9999999954976643,0.11987387324283716,0.8514595007214615,0.8166304434950635
LC_dv07_Tlc2p0_TTC05_CP1_S5p067_E15p067.mp4,CP1,0.0,11,5.0,5.0,9.72222222222222,7.0,0.038356107499312016,1.6300000000000006,2.960594732333751e-15,0.0498340664926506,0.0019114408115199692,0.06409265631847741,0.028929935928680282
LC_dv07_Tlc2p0_TTC05_CP2_S5p367_E15p367.mp4,CP2,0.8181818181818182,11,5.0,4.7,9.13888888888889,7.0,0.0433558955937676,1.2420000000000007,-1.293333333333333,0.9961465351299937,0.04318882517318936,0.6033607626297423,0.58248050393266
LC_dv07_Tlc2p0_TTC05_CP4_S5p967_E15p967.mp4,CP4,0.8636363636363636,11,5.0,4.1,7.972222222222221,7.0,0.05678680578500393,0.3010000000000008,-1.596666666666664,0.9999971108527652,0.05678664171956103,0.6815715389539491,0.6537031746086733
LC_dv07_Tlc2p0_TTC07_CP1_S5p067_E15p067.mp4,CP1,0.0,10,7.0,7.0,13.61111111111111,7.0,0.019658808323100543,1.6330000000000007,0.003333333333334447,0.0484978808546927,0.0009534105437989713,0.05392512174753275,0.008931390081756621
LC_dv07_Tlc2p0_TTC07_CP3_S5p667_E15p667.mp4,CP3,0.4,10,7.0,6.4,12.444444444444445,7.0,0.0234956789571753,0.7830000000000001,-1.6800000000000015,0.999991460094529,0.02349547830629803,0.4218931718893517,0.420789568176091
LC_dv07_Tlc2p0_TTC07_CP5_S6p267_E16p267.mp4,CP5,0.35,10,7.0,5.8,11.277777777777777,7.0,0.028572946212738235,-0.18100000000000027,-1.8399999999999987,0.999999995758924,0.028572946091558197,0.4788941791620361,0.4734448832918709
LC_dv07_Tlc3p0_TTC02_CP1_S5p067_E15p067.mp4,CP1,0.0625,24,2.0,2.0,3.888888888888889,7.0,0.22858758603597668,1.6259999999999992,0.0033333333333285253,0.04921376081171632,0.011249654783702183,0.08176284396787921,0.24360054719746888
LC_dv07_Tlc3p0_TTC02_CP2_S5p367_E15p367.mp4,CP2,0.75,12,2.0,1.7,3.305555555555556,7.0,0.30980266975161547,1.401999999999999,-0.7466666666666674,0.8013532059549333,0.2482613626188545,0.7796539286586041,0.9296169758363966
LC_dv07_Tlc3p0_TTC02_CP3_S5p667_E15p667.mp4,CP3,0.9166666666666666,12,2.0,1.4,2.722222222222222,7.0,0.44111084238872766,1.0950000000000013,-1.1166666666666607,0.9886300895118151,0.4360954515954,0.9700503966040845,0.9692441216740243
LC_dv07_Tlc3p0_TTC02_CP4_S5p967_E15p967.mp4,CP4,0.875,12,2.0,1.1,2.138888888888889,7.0,0.6701878220052501,0.7739999999999998,-1.0700000000000052,0.9930648715468257,0.6655399833718905,0.9850744713338816,0.9849047835051655
LC_dv07_Tlc3p0_TTC02_CP5_S6p267_E16p267.mp4,CP5,0.9583333333333334,12,2.0,0.8,1.5555555555555556,7.0,1.107166496763433,0.44999999999999996,-1.2033333333333296,0.9992933456682156,1.1063841127624885,0.9966516181572641,0.9942250563085226
LC_dv07_Tlc3p0_TTC03_CP1_S5p067_E15p067.mp4,CP1,0.0416666666666666,24,3.0,3.0,5.833333333333333,7.0,0.10481532152975863,1.6270000000000004,2.960594732333751e-15,0.05014654965977282,0.005256126726197096,0.07704066894152656,0.11298723107131572
LC_dv07_Tlc3p0_TTC03_CP2_S5p367_E15p367.mp4,CP2,0.75,12,3.0,2.7,5.25,7.0,0.1286363501312956,1.3719999999999997,-0.8500000000000026,0.8829569522283998,0.11358035965771407,0.7645230050314283,0.8012026333183349
LC_dv07_Tlc3p0_TTC03_CP3_S5p667_E15p667.mp4,CP3,0.875,12,3.0,2.4,4.666666666666666,7.0,0.16147035518266575,1.0630000000000013,-1.139999999999993,0.9913626453445586,0.16007567845861298,0.8886060029697168,0.8582885331044271
LC_dv07_Tlc3p0_TTC03_CP4_S5p967_E15p967.mp4,CP4,0.7916666666666666,12,3.0,2.1,4.083333333333333,7.0,0.20840738355309427,0.7500000000000007,-1.0433333333333354,0.991892509491078,0.20671772266894828,0.9193927754078421,0.892813025730972
LC_dv07_Tlc3p0_TTC03_CP5_S6p267_E16p267.mp4,CP5,0.8333333333333334,12,3.0,1.8,3.5,7.0,0.2785923442350108,0.42899999999999916,-1.1900000000000037,0.9992449284474114,0.27838198708110995,0.951825871299929,0.9248257869424762
LC_dv07_Tlc3p0_TTC04_CP1_S5p033_E15p033.mp4,CP1,0.0625,24,4.0,4.0,7.777777777777778,7.0,0.059620164418858826,1.6280000000000008,2.960594732333751e-15,0.050042215503594126,0.002983525116208248,0.07042090089910727,0.055376558525830136
LC_dv07_Tlc3p0_TTC04_CP2_S5p333_E15p333.mp4,CP2,0.375,12,4.0,3.7,7.194444444444445,7.0,0.06951104310438115,1.4300000000000004,-0.6600000000000014,0.7107426392460292,0.049404462232752355,0.5307230440956074,0.6205636972334939
LC_dv07_Tlc3p0_TTC04_CP3_S5p633_E15p633.mp4,CP3,0.5833333333333334,12,4.0,3.4,6.611111111111111,7.0,0.08206454509376793,1.123,-1.133333333333336,0.9892758899783244,0.0811844758833036,0.768116688985191,0.739147534227029
LC_dv07_Tlc3p0_TTC04_CP4_S5p933_E15p933.mp4,CP4,0.875,12,4.0,3.1,6.027777777777778,7.0,0.09832039643089004,0.8089999999999999,-1.0466666666666669,0.9907273123008085,0.09740870210032569,0.8071166376674763,0.7773122371960643
LC_dv07_Tlc3p0_TTC04_CP5_S6p233_E16p233.mp4,CP5,0.75,12,4.0,2.8,5.444444444444444,7.0,0.11987387378254959,0.4879999999999993,-1.070000000000002,0.997015640865949,0.11951612709239255,0.8489863457162544,0.8160968033927538
LC_dv07_Tlc3p0_TTC05_CP1_S5p067_E15p067.mp4,CP1,0.0416666666666666,12,5.0,5.0,9.72222222222222,7.0,0.038356107499312016,1.6300000000000006,2.960594732333751e-15,0.0498340664926506,0.0019114408115199692,0.06409265631847741,0.028929935928680282
LC_dv07_Tlc3p0_TTC05_CP3_S5p667_E15p667.mp4,CP3,0.75,12,5.0,4.4,8.555555555555555,7.0,0.04939653980527434,1.0559999999999998,-1.1366666666666674,0.9912913405384519,0.048966362161531406,0.6376480502602592,0.6156444660864254
LC_dv07_Tlc3p0_TTC05_CP5_S6p267_E16p267.mp4,CP5,0.6666666666666666,12,5.0,3.8,7.388888888888888,7.0,0.06595832609898829,0.4200000000000006,-1.183333333333329,0.9992155188675672,0.06590658303663678,0.7204628696479463,0.6904549336904205
LC_dv07_Tlc3p0_TTC06_CP1_S5p067_E15p067.mp4,CP1,0.0416666666666666,12,6.0,6.0,11.666666666666666,7.0,0.026711937779273016,1.631,-0.003333333333331486,0.05077620112144428,0.0013563307250238723,0.059160393576808204,0.016610149125564265
LC_dv07_Tlc3p0_TTC06_CP2_S5p367_E15p367.mp4,CP2,0.25,12,6.0,5.7,11.083333333333334,7.0,0.029577062049117225,1.365,-0.8866666666666667,0.9045770488888365,0.026754731503192464,0.45310537462685885,0.4593464925116096
LC_dv07_Tlc3p0_TTC06_CP4_S5p967_E15p967.mp4,CP4,0.375,12,6.0,5.1,9.916666666666666,7.0,0.03687998448709267,0.7419999999999998,-1.053333333333336,0.9927055043940641,0.03661096360230459,0.5576489468385298,0.5434485673393057
LC_dv07_Tlc4p0_TTC02_CP1_S5p067_E15p067.mp4,CP1,0.0,25,2.0,2.0,3.888888888888889,7.0,0.22858758603597668,1.6259999999999992,0.0033333333333285253,0.04921376081171632,0.011249654783702183,0.08176284396787921,0.24360054719746888
LC_dv07_Tlc4p0_TTC02_CP2_S5p367_E15p367.mp4,CP2,0.6538461538461539,13,2.0,1.7,3.305555555555556,7.0,0.30980266975161547,1.429,-0.656666666666664,0.7076267084570982,0.21922464346755707,0.6927986523354469,0.9170234731865105
LC_dv07_Tlc4p0_TTC02_CP3_S5p667_E15p667.mp4,CP3,1.0,12,2.0,1.4,2.722222222222222,7.0,0.44111084238872766,1.2020000000000006,-0.8399999999999993,0.9084570003744499,0.4007302327091103,0.8943885279453293,0.9648694947718859
LC_dv07_Tlc4p0_TTC02_CP4_S5p967_E15p967.mp4,CP4,0.8461538461538461,13,2.0,1.1,2.138888888888889,7.0,0.6701878220052501,0.9690000000000001,-0.7766666666666685,0.9153951263408932,0.6134866659966239,0.9109273587976675,0.9825800785135399
LC_dv07_Tlc4p0_TTC02_CP5_S6p267_E16p267.mp4,CP5,1.0,12,2.0,0.8,1.5555555555555556,7.0,1.107166496763433,0.7280000000000004,-0.8799999999999979,0.9732778297688099,1.0775806051626502,0.9716694085476444,0.9939123858925646
LC_dv07_Tlc4p0_TTC03_CP1_S5p067_E15p067.mp4,CP1,0.0,25,3.0,3.0,5.833333333333333,7.0,0.10481532152975863,1.6270000000000004,2.960594732333751e-15,0.05014654965977282,0.005256126726197096,0.07704066894152656,0.11298723107131572
LC_dv07_Tlc4p0_TTC03_CP2_S5p367_E15p367.mp4,CP2,0.6538461538461539,13,3.0,2.7,5.25,7.0,0.1286363501312956,1.430999999999999,-0.6533333333333384,0.7034480265859732,0.09048898664708217,0.6151738026311985,0.756704594526469
LC_dv07_Tlc4p0_TTC03_CP3_S5p667_E15p667.mp4,CP3,0.9583333333333334,12,3.0,2.4,4.666666666666666,7.0,0.16147035518266575,1.1990000000000005,-0.8566666666666627,0.9169505990704179,0.14806033891685852,0.8241522459988998,0.8463972393009224
LC_dv07_Tlc4p0_TTC03_CP4_S5p967_E15p967.mp4,CP4,0.8461538461538461,13,3.0,2.1,4.083333333333333,7.0,0.20840738355309427,0.9669999999999994,-0.773333333333337,0.9141350947426459,0.19051250330937478,0.8496638600794284,0.8825210662328518
LC_dv07_Tlc4p0_TTC03_CP5_S6p267_E16p267.mp4,CP5,0.9583333333333334,12,3.0,1.8,3.5,7.0,0.2785923442350108,0.7299999999999993,-0.8800000000000038,0.9731527464793174,0.2711129049404122,0.9277529959570239,0.9223152203544249
LC_dv07_Tlc4p0_TTC04_CP1_S5p033_E15p033.mp4,CP1,0.02,25,4.0,4.0,7.777777777777778,7.0,0.059620164418858826,1.6280000000000008,2.960594732333751e-15,0.050042215503594126,0.002983525116208248,0.07042090089910727,0.055376558525830136
LC_dv07_Tlc4p0_TTC04_CP2_S5p333_E15p333.mp4,CP2,0.5769230769230769,13,4.0,3.7,7.194444444444445,7.0,0.06951104310438115,1.4780000000000004,-0.5000000000000012,0.5088646544017325,0.03537171292641484,0.3864401141302826,0.5328501062506183
LC_dv07_Tlc4p0_TTC04_CP3_S5p633_E15p633.mp4,CP3,0.7083333333333334,12,4.0,3.4,6.611111111111111,7.0,0.08206454509376793,1.2519999999999996,-0.8400000000000052,0.8998694574994635,0.0738473776734692,0.7007539479359125,0.7180531795691357
LC_dv07_Tlc4p0_TTC04_CP4_S5p933_E15p933.mp4,CP4,0.7307692307692307,13,4.0,3.1,6.027777777777778,7.0,0.09832039643089004,1.0209999999999997,-0.7699999999999996,0.9035452601479527,0.08883692817099838,0.7380941555880439,0.758426426445369
LC_dv07_Tlc4p0_TTC04_CP5_S6p233_E16p233.mp4,CP5,0.8333333333333334,12,4.0,2.8,5.444444444444444,7.0,0.11987387378254959,0.7819999999999998,-0.7966666666666663,0.9478379600829765,0.113621007993296,0.8082324667769486,0.8069192746232015
LC_dv07_Tlc4p0_TTC06_CP1_S5p067_E15p067.mp4,CP1,0.0416666666666666,12,6.0,6.0,11.666666666666666,7.0,0.026711937779273016,1.631,2.960594732333751e-15,0.049730251275251006,0.0013283913778121175,0.05871284575642659,0.016035454078902337
LC_dv07_Tlc4p0_TTC06_CP3_S5p667_E15p667.mp4,CP3,0.4583333333333333,12,6.0,5.4,10.5,7.0,0.032927777983382686,1.2,-0.8499999999999996,0.9136589792906256,0.03008476002260576,0.4861908348526134,0.4907915204060715
LC_dv07_Tlc4p0_TTC06_CP5_S6p267_E16p267.mp4,CP5,0.7083333333333334,12,6.0,4.8,9.333333333333332,7.0,0.04158620642744615,0.7299999999999993,-0.8800000000000038,0.9731527464793174,0.04046973100052506,0.5816982836096114,0.5700909390430756
LC_dv07_Tlc4p0_TTC07_CP1_S5p067_E15p067.mp4,CP1,0.0384615384615384,13,7.0,7.0,13.61111111111111,7.0,0.019658808323100543,1.6330000000000007,0.003333333333334447,0.0484978808546927,0.0009534105437989713,0.05392512174753275,0.008931390081756621
LC_dv07_Tlc4p0_TTC07_CP2_S5p367_E15p367.mp4,CP2,0.3076923076923077,13,7.0,6.7,13.02777777777778,7.0,0.02144937083665827,1.4559999999999993,-0.5900000000000046,0.6244433453690214,0.013393916881303614,0.2729274900408079,0.28005998668709964
LC_dv07_Tlc4p0_TTC07_CP4_S5p967_E15p967.mp4,CP4,0.5769230769230769,13,7.0,6.1,11.86111111111111,7.0,0.025848748176658984,0.9859999999999995,-0.7933333333333378,0.9204464283743305,0.023792387937153252,0.4191001948758094,0.42413713472740205
LC_dv14_Tlc2p0_TTC02_CP1_S5p067_E15p067.mp4,CP1,0.0769230769230769,26,2.0,2.0,7.777777777777778,14.0,0.11924032883771761,1.628,0.0,0.050042215503595125,0.005967050232416613,0.07815815090856232,0.13034410812304664
LC_dv14_Tlc2p0_TTC02_CP2_S5p367_E15p367.mp4,CP2,0.9230769230769232,13,2.0,1.7,6.611111111111111,14.0,0.16412909018753583,1.2410000000000003,-1.2899999999999987,0.996041105481648,0.1634793204320903,0.9003892516357127,0.8807295229094515
LC_dv14_Tlc2p0_TTC02_CP3_S5p667_E15p667.mp4,CP3,1.0,13,2.0,1.4,5.444444444444444,14.0,0.2397477475650992,0.7790000000000006,-1.7066666666666623,0.9999941966731881,0.23974635623056767,0.9448644017365301,0.9262417655236067
LC_dv14_Tlc2p0_TTC02_CP4_S5p967_E15p967.mp4,CP4,0.9230769230769232,13,2.0,1.1,4.277777777777778,14.0,0.38149287882437044,0.29899999999999927,-1.6000000000000045,0.9999972722735722,0.38149183821616284,0.974845697695024,0.9620978945347576
LC_dv14_Tlc2p0_TTC02_CP5_S6p267_E16p267.mp4,CP5,1.0,13,2.0,0.8,3.111111111111111,14.0,0.692781816354912,-0.19100000000000006,-1.813333333333335,0.9999999935686468,0.6927818118993874,0.9922614077701685,0.9859483606168815
LC_dv14_Tlc2p0_TTC03_CP1_S5p067_E15p067.mp4,CP1,0.0576923076923076,26,3.0,3.0,11.666666666666666,14.0,0.05342387555854604,1.6300000000000006,-0.003333333333331486,0.0508817524756282,0.002718300412458703,0.06946916572566965,0.0486636571493299
LC_dv14_Tlc2p0_TTC03_CP2_S5p367_E15p367.mp4,CP2,0.9615384615384616,13,3.0,2.7,10.5,14.0,0.06585555596676537,1.235,-1.3166666666666682,0.9969506241891247,0.06565473762738858,0.7196113772993366,0.6857188716123396
LC_dv14_Tlc2p0_TTC03_CP3_S5p667_E15p667.mp4,CP3,0.8076923076923077,13,3.0,2.4,9.333333333333332,14.0,0.0831724128548923,0.7739999999999998,-1.7066666666666683,0.999994329833734,0.08317194125348266,0.7770493559801424,0.7389220808618773
LC_dv14_Tlc2p0_TTC03_CP4_S5p967_E15p967.mp4,CP4,0.9230769230769232,13,3.0,2.1,8.166666666666666,14.0,0.10829974790229006,0.2949999999999997,-1.5966666666666671,0.9999971926735736,0.1082994438695458,0.8314386142994272,0.79231060211733
LC_dv14_Tlc2p0_TTC03_CP5_S6p267_E16p267.mp4,CP5,0.8846153846153846,13,3.0,1.8,7.0,14.0,0.14671380814968765,-0.19900000000000007,-1.8266666666666698,0.9999999951634568,0.14671380744009999,0.8825028586608055,0.844962893865734
LC_dv14_Tlc2p0_TTC04_CP1_S5p067_E15p067.mp4,CP1,0.0192307692307692,26,4.0,4.0,15.555555555555555,14.0,0.03013614877757078,1.6330000000000007,-0.0066666666666659324,0.051625511135871986,0.0015557940843087753,0.06136379978947608,0.020856721453640193
LC_dv14_Tlc2p0_TTC04_CP2_S5p367_E15p367.mp4,CP2,0.6923076923076923,13,4.0,3.7,14.38888888888889,14.0,0.03519955566804595,1.2380000000000002,-1.3166666666666682,0.9969223714464196,0.03509122451044863,0.5500935896419421,0.5307226208349296
LC_dv14_Tlc2p0_TTC04_CP3_S5p667_E15p667.mp4,CP3,0.4615384615384615,13,4.0,3.4,13.22222222222222,14.0,0.04165260294687452,0.7830000000000001,-1.68333333333333,0.9999918410003159,0.04165226310330024,0.6004950176483514,0.5762329958923224
LC_dv14_Tlc2p0_TTC04_CP4_S5p967_E15p967.mp4,CP4,0.8076923076923077,13,4.0,3.1,12.055555555555555,14.0,0.05005330153140143,0.3099999999999994,-1.5766666666666693,0.9999959899465021,0.05005310081498454,0.6521070507024305,0.6238949896470627
LC_dv14_Tlc2p0_TTC04_CP5_S6p267_E16p267.mp4,CP5,0.6538461538461539,13,4.0,2.8,10.888888888888888,14.0,0.06126983390488646,-0.1869999999999996,-1.8366666666666642,0.9999999956562385,0.061269833638744914,0.7059077923796807,0.6742220427625497
LC_dv14_Tlc2p0_TTC05_CP1_S5p067_E15p067.mp4,CP1,0.0,13,5.0,5.0,19.444444444444443,14.0,0.019312484314390907,1.635999999999999,-0.003333333333337407,0.05025105715809491,0.0009704727531472688,0.05427490259709056,0.009225980386520661
LC_dv14_Tlc2p0_TTC05_CP3_S5p667_E15p667.mp4,CP3,0.3076923076923077,13,5.0,4.4,17.11111111111111,14.0,0.02492167812994405,0.7790000000000006,-1.7066666666666623,0.9999941966731881,0.024921533501301163,0.4414117142422376,0.433451560607692
LC_dv14_Tlc2p0_TTC05_CP5_S6p267_E16p267.mp4,CP5,0.4615384615384615,13,5.0,3.8,14.777777777777777,14.0,0.03337870693231704,-0.19299999999999984,-1.826666666666664,0.9999999949874311,0.03337870676500397,0.5282591103060827,0.5128131766626767
LC_dv14_Tlc2p0_TTC06_CP1_S5p067_E15p067.mp4,CP1,0.1153846153846153,13,6.0,6.0,23.33333333333333,14.0,0.013421029265767858,1.6389999999999991,-0.006666666666671854,0.05098747843911339,0.0006843044403190484,0.049748398439845076,0.004752290266839084
LC_dv14_Tlc2p0_TTC06_CP2_S5p367_E15p367.mp4,CP2,0.4230769230769231,13,6.0,5.7,22.166666666666668,14.0,0.014868338361673915,1.2440000000000004,-1.3166666666666624,0.9968651577392944,0.01482172846623127,0.3051001631673434,0.3086052779113067
LC_dv14_Tlc2p0_TTC06_CP4_S5p967_E15p967.mp4,CP4,0.5,13,6.0,5.1,19.83333333333333,14.0,0.018564241353863614,0.30400000000000005,-1.5966666666666671,0.9999970690912174,0.01856418694376559,0.36336972710040677,0.36384646584524605
LC_dv14_Tlc3p0_TTC02_CP1_S5p033_E15p033.mp4,CP1,0.0,24,2.0,2.0,7.777777777777778,14.0,0.11924032883771761,1.628,-0.003333333333331486,0.051093379192690754,0.0060923913363666446,0.07901358483954207,0.13335546554409344
LC_dv14_Tlc3p0_TTC02_CP2_S5p333_E15p333.mp4,CP2,0.6666666666666666,12,2.0,1.7,6.611111111111111,14.0,0.16412909018753583,1.4289999999999992,-0.6633333333333358,0.7145296640985588,0.11727510368050204,0.6563831130026212,0.8275835405251669
LC_dv14_Tlc3p0_TTC02_CP3_S5p633_E15p633.mp4,CP3,1.0,12,2.0,1.4,5.444444444444444,14.0,0.2397477475650992,1.1220000000000006,-1.1366666666666674,0.9895866407904483,0.2372511681500229,0.9354162079195786,0.9252062467014579
LC_dv14_Tlc3p0_TTC02_CP4_S5p933_E15p933.mp4,CP4,0.875,12,2.0,1.1,4.277777777777778,14.0,0.38149287882437044,0.8079999999999996,-1.04666666666667,0.9907524843906369,0.3779650174725812,0.9661759429773917,0.9615551583294489
LC_dv14_Tlc3p0_TTC02_CP5_S6p233_E16p233.mp4,CP5,1.0,12,2.0,0.8,3.111111111111111,14.0,0.692781816354912,0.48600000000000043,-1.0733333333333306,0.9971241973776559,0.6907895125907262,0.9895144116975263,0.9858755712222677
LC_dv14_Tlc3p0_TTC03_CP1_S5p067_E15p067.mp4,CP1,0.0833333333333333,24,3.0,3.0,11.666666666666666,14.0,0.05342387555854604,1.6300000000000006,-0.0066666666666659324,0.051946899341114953,0.0027752046860520423,0.07013978369616822,0.05009825245793481
LC_dv14_Tlc3p0_TTC03_CP2_S5p367_E15p367.mp4,CP2,0.7083333333333334,12,3.0,2.7,10.5,14.0,0.06585555596676537,1.3650000000000009,-0.8833333333333323,0.902852861471274,0.05945787714837575,0.6545138676697126,0.6621144672726482
LC_dv14_Tlc3p0_TTC03_CP3_S5p667_E15p667.mp4,CP3,0.8333333333333334,12,3.0,2.4,9.333333333333332,14.0,0.0831724128548923,1.062,-1.1233333333333326,0.9901315728443864,0.08235163195727717,0.7696804973638026,0.7367886720097959
LC_dv14_Tlc3p0_TTC03_CP4_S5p967_E15p967.mp4,CP4,0.875,12,3.0,2.1,8.166666666666666,14.0,0.10829974790229006,0.7529999999999999,-1.0300000000000007,0.9908774498397945,0.10731177801971381,0.8241288932210559,0.7905729576245999
LC_dv14_Tlc3p0_TTC03_CP5_S6p267_E16p267.mp4,CP5,1.0,12,3.0,1.8,7.0,14.0,0.14671380814968765,0.43700000000000006,-1.1733333333333344,0.9990775947637479,0.1465784785648199,0.8817164301304461,0.8448175219636411
LC_dv14_Tlc3p0_TTC04_CP1_S5p067_E15p067.mp4,CP1,0.0,24,4.0,4.0,15.555555555555555,14.0,0.03013614877757078,1.6330000000000007,-0.0066666666666659324,0.051625511135871986,0.0015557940843087753,0.06136379978947608,0.020856721453640193
LC_dv14_Tlc3p0_TTC04_CP2_S5p367_E15p367.mp4,CP2,0.4583333333333333,12,4.0,3.7,14.38888888888889,14.0,0.03519955566804595,1.3669999999999998,-0.8866666666666697,0.904234025900601,0.03182863593162951,0.5010643407600243,0.5045925831558729
LC_dv14_Tlc3p0_TTC04_CP3_S5p667_E15p667.mp4,CP3,0.7083333333333334,12,4.0,3.4,13.22222222222222,14.0,0.04165260294687452,1.059,-1.140000000000002,0.9914569215954817,0.0412967614941471,0.5955639932553215,0.5739759726141456
LC_dv14_Tlc3p0_TTC04_CP4_S5p967_E15p967.mp4,CP4,0.6666666666666666,12,4.0,3.1,12.055555555555555,14.0,0.05005330153140143,0.7419999999999989,-1.0566666666666702,0.9929071288965738,0.049698279915338275,0.6476456272329444,0.6220792048300522
LC_dv14_Tlc3p0_TTC04_CP5_S6p267_E16p267.mp4,CP5,0.7916666666666666,12,4.0,2.8,10.888888888888888,14.0,0.06126983390488646,0.4230000000000007,-1.183333333333329,0.9992073169858017,0.06122126634826731,0.7053662699030132,0.6740300442853893
LC_dv14_Tlc3p0_TTC06_CP1_S5p067_E15p067.mp4,CP1,0.0416666666666666,12,6.0,6.0,23.33333333333333,14.0,0.013421029265767858,1.6389999999999991,-0.003333333333337407,0.04993805450831958,0.0006702200910316677,0.04949494239278084,0.004560919092128678
LC_dv14_Tlc3p0_TTC06_CP3_S5p667_E15p667.mp4,CP3,0.2916666666666667,12,6.0,5.4,21.0,14.0,0.016562863464819035,1.0640000000000007,-1.1433333333333333,0.991573496416559,0.016423296436480692,0.33077795665572096,0.33333914657806685
LC_dv14_Tlc3p0_TTC06_CP5_S6p267_E16p267.mp4,CP5,0.4166666666666667,12,6.0,4.8,18.666666666666664,14.0,0.02095122219940715,0.4279999999999997,-1.183333333333335,0.9991934715554032,0.020934324442754258,0.39633124523982194,0.39462603942453733
LC_dv14_Tlc3p0_TTC07_CP1_S5p067_E15p067.mp4,CP1,0.0416666666666666,12,7.0,7.0,27.22222222222222,14.0,0.009864597617412874,1.6419999999999992,0.0,0.04859963665557528,0.0004794158599597193,0.04592486123425851,0.002293749292772778
LC_dv14_Tlc3p0_TTC07_CP2_S5p367_E15p367.mp4,CP2,0.2083333333333333,12,7.0,6.7,26.05555555555556,14.0,0.010766595480574254,1.3750000000000007,-0.8899999999999952,0.9045770488888338,0.009739215166397714,0.2155883033202522,0.21194447906032512
LC_dv14_Tlc3p0_TTC07_CP4_S5p967_E15p967.mp4,CP4,0.4583333333333333,12,7.0,6.1,23.72222222222222,14.0,0.012985287995004034,0.7549999999999988,-1.0600000000000076,0.9928471641982027,0.01289240636213672,0.2684819126478737,0.271376247433683
LC_dv14_Tlc4p0_TTC02_CP1_S5p067_E15p067.mp4,CP1,0.0416666666666666,24,2.0,2.0,7.777777777777778,14.0,0.11924032883771761,1.628,-0.003333333333334447,0.05109337919269168,0.006092391336366755,0.07901358483954282,0.13335546554409622
LC_dv14_Tlc4p0_TTC02_CP2_S5p367_E15p367.mp4,CP2,0.7916666666666666,12,2.0,1.7,6.611111111111111,14.0,0.16412909018753583,1.4309999999999998,-0.656666666666667,0.7069321656398838,0.11602813317077851,0.6497978166712746,0.8256539127712167
LC_dv14_Tlc4p0_TTC02_CP3_S5p667_E15p667.mp4,CP3,0.9583333333333334,12,2.0,1.4,5.444444444444444,14.0,0.2397477475650992,1.2,-0.8566666666666656,0.9167960264921207,0.21979978232811895,0.8693353874374012,0.9173051601240194
LC_dv14_Tlc4p0_TTC02_CP4_S5p967_E15p967.mp4,CP4,0.9583333333333334,12,2.0,1.1,4.277777777777778,14.0,0.38149287882437044,0.9669999999999994,-0.7766666666666685,0.9157079563560244,0.3493360644326407,0.8957992443230578,0.9566933815987742
LC_dv14_Tlc4p0_TTC02_CP5_S6p267_E16p267.mp4,CP5,0.9583333333333334,12,2.0,0.8,3.111111111111111,14.0,0.692781816354912,0.7289999999999999,-0.8799999999999979,0.9732153490959207,0.6742258972511517,0.9666763842541787,0.9852491471588397
LC_dv14_Tlc4p0_TTC03_CP1_S5p067_E15p067.mp4,CP1,0.0,24,3.0,3.0,11.666666666666666,14.0,0.05342387555854604,1.631,0.0,0.0497302512752519,0.002656782755624283,0.06874417894399223,0.0471169627369818
LC_dv14_Tlc4p0_TTC03_CP2_S5p367_E15p367.mp4,CP2,0.5,12,3.0,2.7,10.5,14.0,0.06585555596676537,1.4300000000000004,-0.6699999999999988,0.721014725098186,0.04748282558156554,0.5287169359289072,0.6062781915978875
LC_dv14_Tlc4p0_TTC03_CP3_S5p667_E15p667.mp4,CP3,0.7916666666666666,12,3.0,2.4,9.333333333333332,14.0,0.0831724128548923,1.203,-0.8400000000000023,0.9082907754163152,0.07554473536521603,0.7085339775877088,0.7178508137406062
LC_dv14_Tlc4p0_TTC03_CP4_S5p967_E15p967.mp4,CP4,0.875,12,3.0,2.1,8.166666666666666,14.0,0.10829974790229006,0.9659999999999991,-0.7900000000000034,0.9219311556160715,0.09984491173648749,0.7688665695625385,0.7765983924516886
LC_dv14_Tlc4p0_TTC03_CP5_S6p267_E16p267.mp4,CP5,0.9166666666666666,12,3.0,1.8,7.0,14.0,0.14671380814968765,0.7250000000000003,-0.8899999999999982,0.9752724149239371,0.1430859299768331,0.8614203931791687,0.840986718408088
LC_dv14_Tlc4p0_TTC04_CP1_S5p067_E15p067.mp4,CP1,0.0416666666666666,24,4.0,4.0,15.555555555555555,14.0,0.03013614877757078,1.6330000000000007,-0.003333333333331486,0.05056562151749423,0.0015238530930815407,0.06087251153432707,0.020160995546222808
LC_dv14_Tlc4p0_TTC04_CP2_S5p367_E15p367.mp4,CP2,0.5416666666666666,12,4.0,3.7,14.38888888888889,14.0,0.03519955566804595,1.4330000000000005,-0.6666666666666673,0.7165853157838987,0.02522348471383963,0.4018040156727167,0.44244121284897
LC_dv14_Tlc4p0_TTC04_CP3_S5p667_E15p667.mp4,CP3,0.6666666666666666,12,4.0,3.4,13.22222222222222,14.0,0.04165260294687452,1.2020000000000006,-0.8533333333333282,0.9149242496756804,0.03810897649820821,0.5513474688571485,0.5527148585737414
LC_dv14_Tlc4p0_TTC04_CP4_S5p967_E15p967.mp4,CP4,0.6666666666666666,12,4.0,3.1,12.055555555555555,14.0,0.05005330153140143,0.9719999999999993,-0.766666666666671,0.9101069856306734,0.04555385937760693,0.5955347874462003,0.59964720796262
LC_dv14_Tlc4p0_TTC04_CP5_S6p267_E16p267.mp4,CP5,0.6666666666666666,12,4.0,2.8,10.888888888888888,14.0,0.06126983390488646,0.7310000000000005,-0.8933333333333298,0.9755054699303033,0.0597690581159379,0.6891742321987406,0.6681959706161635
LC_dv14_Tlc4p0_TTC05_CP1_S5p033_E15p033.mp4,CP1,0.0,12,5.0,5.0,19.444444444444443,14.0,0.019312484314390907,1.6370000000000002,-0.003333333333331486,0.05014654965977316,0.0009684544537251938,0.054239878326829874,0.00919096948965647
LC_dv14_Tlc4p0_TTC05_CP2_S5p333_E15p333.mp4,CP2,0.2916666666666667,12,5.0,4.7,18.27777777777778,14.0,0.021849866170892858,1.4859999999999995,-0.5033333333333356,0.5096703807945036,0.011136229611627904,0.22069369906233038,0.23631897159793944
LC_dv14_Tlc4p0_TTC05_CP4_S5p933_E15p933.mp4,CP4,0.5833333333333334,12,5.0,4.1,15.944444444444445,14.0,0.028689060541736713,1.0250000000000001,-0.7833333333333344,0.9096143277283701,0.026095980517830353,0.44219171874116175,0.445864120616557
LC_dv14_Tlc4p0_TTC07_CP1_S5p067_E15p067.mp4,CP1,0.0,12,7.0,7.0,27.22222222222222,14.0,0.009864597617412874,1.6419999999999992,-0.003333333333334447,0.04962660867472554,0.0004895465256929786,0.04610428512576256,0.002397624435839642
LC_dv14_Tlc4p0_TTC07_CP3_S5p667_E15p667.mp4,CP3,0.375,12,7.0,6.4,24.88888888888889,14.0,0.01179814632917757,1.2099999999999997,-0.8566666666666656,0.9152383851469224,0.010798116394043569,0.23408002057885602,0.23288025427519896
LC_dv14_Tlc4p0_TTC07_CP5_S6p267_E16p267.mp4,CP5,0.375,12,7.0,5.8,22.55555555555556,14.0,0.014360940000957261,0.7330000000000012,-0.8899999999999982,0.9748007219482255,0.013999054680788289,0.2871252061860774,0.2902804530279742
LC_dv21_Tlc2p0_TTC02_CP1_S5p067_E15p067.mp4,CP1,0.0,21,2.0,2.0,11.666666666666666,21.0,0.08013581333781904,1.6309999999999991,-0.003333333333340368,0.050776201121447186,0.004068992175071849,0.07463304712039392,0.08311844962714274
LC_dv21_Tlc2p0_TTC02_CP2_S5p367_E15p367.mp4,CP2,0.9090909090909092,11,2.0,1.7,9.916666666666666,21.0,0.11063995346127804,1.2340000000000007,-1.3233333333333284,0.997141939887682,0.11032373782346164,0.8388213766844007,0.8163697750746283
LC_dv21_Tlc2p0_TTC02_CP3_S5p667_E15p667.mp4,CP3,0.85,10,2.0,1.4,8.166666666666666,21.0,0.16244962185343506,0.7730000000000004,-1.7066666666666652,0.9999943561135008,0.16244870500620748,0.9024520941238944,0.8798398585233044
LC_dv21_Tlc2p0_TTC02_CP4_S5p967_E15p967.mp4,CP4,0.9090909090909092,11,2.0,1.1,6.416666666666667,21.0,0.2610216431760088,0.29400000000000115,-1.596666666666664,0.9999972060928942,0.26102091390578513,0.9518336891832081,0.9342545544907292
LC_dv21_Tlc2p0_TTC02_CP5_S6p267_E16p267.mp4,CP5,0.85,10,2.0,0.8,4.666666666666667,21.0,0.484411065547997,-0.20099999999999985,-1.8299999999999983,0.9999999954976643,0.4844110633670158,0.9839390640920106,0.9740410566301427
LC_dv21_Tlc2p0_TTC03_CP1_S5p067_E15p067.mp4,CP1,0.0,21,3.0,3.0,17.5,21.0,0.03574426926380847,1.6350000000000005,-0.003333333333334447,0.05035573817974107,0.0017999290644745056,0.06332425167448028,0.026340834333719466
LC_dv21_Tlc2p0_TTC03_CP2_S5p367_E15p367.mp4,CP2,0.6818181818181818,11,3.0,2.7,15.75,21.0,0.0440989048765707,1.2459999999999993,-1.2966666666666704,0.9962154165340124,0.04393200889030667,0.6117882920751304,0.5863916983430664
LC_dv21_Tlc2p0_TTC03_CP3_S5p667_E15p667.mp4,CP3,0.4,10,3.0,2.4,13.999999999999998,21.0,0.05575999447787281,0.7899999999999998,-1.690000000000002,0.9999923120166859,0.05575956579596567,0.6786725452990376,0.6464695029453132
LC_dv21_Tlc2p0_TTC03_CP4_S5p967_E15p967.mp4,CP4,0.7727272727272727,11,3.0,2.1,12.25,21.0,0.07272924924602557,0.3159999999999996,-1.5800000000000007,0.9999960649379483,0.07272896305191681,0.7460241426827703,0.7093095911150864
LC_dv21_Tlc2p0_TTC03_CP5_S6p267_E16p267.mp4,CP5,0.6,10,3.0,1.8,10.5,21.0,0.09878333395014804,-0.17300000000000026,-1.8100000000000005,0.9999999924135105,0.09878333320072931,0.8135305746234842,0.7744829497193254
LC_dv21_Tlc2p0_TTC04_CP1_S5p067_E15p067.mp4,CP1,0.0,21,4.0,4.0,23.33333333333333,21.0,0.020131543898651776,1.639,-0.0066666666666659324,0.05098747843911141,0.0010264566604785324,0.055107906687918026,0.0102141129658
LC_dv21_Tlc2p0_TTC04_CP2_S5p367_E15p367.mp4,CP2,0.4090909090909091,11,4.0,3.7,21.58333333333333,21.0,0.023522021501625433,1.243000000000001,-1.3199999999999967,0.9969693293482271,0.023450734001390087,0.4325392493485963,0.4231850752505383
LC_dv21_Tlc2p0_TTC04_CP3_S5p667_E15p667.mp4,CP3,0.1,10,4.0,3.4,19.83333333333333,21.0,0.027846362030795428,0.7950000000000006,-1.6600000000000008,0.9999881729551208,0.027846032690621966,0.48290991056279037,0.46878895254092057
LC_dv21_Tlc2p0_TTC04_CP4_S5p967_E15p967.mp4,CP4,0.5909090909090909,11,4.0,3.1,18.08333333333333,21.0,0.03348150942630854,0.3140000000000007,-1.603333333333333,0.9999972060928942,0.033481415882081436,0.5370597628684866,0.5181576604102415
LC_dv21_Tlc2p0_TTC04_CP5_S6p267_E16p267.mp4,CP5,0.4,10,4.0,2.8,16.333333333333332,21.0,0.041015466162458554,-0.17300000000000026,-1.806666666666669,0.9999999919540044,0.04101546583244829,0.5960802653317059,0.5721745168272406
LC_dv21_Tlc2p0_TTC05_CP1_S5p067_E15p067.mp4,CP1,0.0454545454545454,11,5.0,5.0,29.166666666666664,21.0,0.012891723965432466,1.6429999999999996,-0.006666666666671854,0.050565621517496585,0.0006518780347440983,0.04916951402497882,0.0043162992061334254
LC_dv21_Tlc2p0_TTC05_CP2_S5p367_E15p367.mp4,CP2,0.4545454545454545,11,5.0,4.7,27.416666666666668,21.0,0.014588001724271823,1.2549999999999997,-1.293333333333333,0.9959934241183129,0.014529553788401347,0.2934990891619634,0.29584505111730514
LC_dv21_Tlc2p0_TTC05_CP4_S5p967_E15p967.mp4,CP4,0.4545454545454545,11,5.0,4.1,23.916666666666664,21.0,0.019162992641797362,0.31200000000000006,-1.6000000000000014,0.9999970969959394,0.01916293701155191,0.3663433249406385,0.3642231985982384
LC_dv21_Tlc2p0_TTC07_CP1_S5p033_E15p033.mp4,CP1,0.0,10,7.0,7.0,40.83333333333333,21.0,0.006580761732257228,1.6509999999999996,-0.0066666666666659324,0.04973025127525171,0.0003272629345277127,0.0427349680122607,0.000988807600222884
LC_dv21_Tlc2p0_TTC07_CP3_S5p633_E15p633.mp4,CP3,0.0,10,7.0,6.4,37.333333333333336,21.0,0.00787167315424532,0.9120000000000006,-1.6433333333333286,0.9999753146092443,0.007871478838917607,0.1777176917287442,0.17240323357702422
LC_dv21_Tlc2p0_TTC07_CP5_S6p233_E16p233.mp4,CP5,0.05,10,7.0,5.8,33.83333333333333,21.0,0.00958321029331422,-0.047999999999999376,-1.6066666666666645,0.9999995609823615,0.009583206086115868,0.20962635713520145,0.2087714733228279
LC_dv21_Tlc3p0_TTC02_CP1_S5p067_E15p067.mp4,CP1,0.0208333333333333,24,2.0,2.0,11.666666666666666,21.0,0.08013581333781904,1.6309999999999991,-0.003333333333340368,0.050776201121447186,0.004068992175071849,0.07463304712039392,0.08311844962714274
LC_dv21_Tlc3p0_TTC02_CP2_S5p367_E15p367.mp4,CP2,0.5,12,2.0,1.7,9.916666666666666,21.0,0.11063995346127804,1.3630000000000002,-0.8933333333333298,0.9082907754163122,0.10049324912136892,0.767378784752438,0.7983872445752251
LC_dv21_Tlc3p0_TTC02_CP3_S5p667_E15p667.mp4,CP3,0.75,12,2.0,1.4,8.166666666666666,21.0,0.16244962185343506,1.0550000000000004,-1.1399999999999988,0.9915502937877491,0.16107697027448228,0.8951445356543247,0.8786396077959758
LC_dv21_Tlc3p0_TTC02_CP4_S5p967_E15p967.mp4,CP4,0.875,12,2.0,1.1,6.416666666666667,21.0,0.2610216431760088,0.7470000000000006,-1.0266666666666662,0.990777596658479,0.2586143963017731,0.9433997085458885,0.9334158091822571
LC_dv21_Tlc3p0_TTC02_CP5_S6p267_E16p267.mp4,CP5,0.9166666666666666,12,2.0,0.8,4.666666666666667,21.0,0.484411065547997,0.42599999999999993,-1.176666666666669,0.999141764418317,0.48399532673538276,0.9831264136510528,0.9740045547909816
LC_dv21_Tlc3p0_TTC03_CP1_S5p067_E15p067.mp4,CP1,0.0208333333333333,24,3.0,3.0,17.5,21.0,0.03574426926380847,1.6360000000000008,0.0,0.04921376081171467,0.0017591099179385945,0.06273710613412758,0.02540522184208307
LC_dv21_Tlc3p0_TTC03_CP2_S5p367_E15p367.mp4,CP2,0.3333333333333333,12,3.0,2.7,15.75,21.0,0.0440989048765707,1.3690000000000013,-0.8899999999999982,0.9056006902166465,0.03993599869402066,0.5588615849450664,0.5616908711532568
LC_dv21_Tlc3p0_TTC03_CP3_S5p667_E15p667.mp4,CP3,0.625,12,3.0,2.4,13.999999999999998,21.0,0.05575999447787281,1.0650000000000002,-1.126666666666667,0.9903163273191343,0.055220032942662214,0.6723951169471106,0.6440782374615073
LC_dv21_Tlc3p0_TTC03_CP4_S5p967_E15p967.mp4,CP4,0.7083333333333334,12,3.0,2.1,12.25,21.0,0.07272924924602557,0.752999999999999,-1.040000000000004,0.9915966431008676,0.07211807940760526,0.7400092058169581,0.7073966648390031
LC_dv21_Tlc3p0_TTC03_CP5_S6p267_E16p267.mp4,CP5,0.7083333333333334,12,3.0,1.8,10.5,21.0,0.09878333395014804,0.42700000000000027,-1.2033333333333296,0.999348121562488,0.0987189392247604,0.8130197576589623,0.774353533486838
LC_dv21_Tlc3p0_TTC04_CP1_S5p067_E15p067.mp4,CP1,0.0208333333333333,24,4.0,4.0,23.33333333333333,21.0,0.020131543898651776,1.639,-0.0066666666666659324,0.05098747843911141,0.0010264566604785324,0.055107906687918026,0.0102141129658
LC_dv21_Tlc3p0_TTC04_CP2_S5p367_E15p367.mp4,CP2,0.2916666666666667,12,4.0,3.7,21.58333333333333,21.0,0.023522021501625433,1.3720000000000006,-0.8899999999999982,0.9050898862987458,0.021289543766422815,0.39477383442866915,0.3979248168897447
LC_dv21_Tlc3p0_TTC04_CP3_S5p667_E15p667.mp4,CP3,0.25,12,4.0,3.4,19.83333333333333,21.0,0.027846362030795428,1.0640000000000007,-1.1399999999999988,0.9913389341798508,0.027605182856395002,0.4789298538586739,0.4664678380005974
LC_dv21_Tlc3p0_TTC04_CP4_S5p967_E15p967.mp4,CP4,0.4583333333333333,12,4.0,3.1,18.08333333333333,21.0,0.03348150942630854,0.7470000000000006,-1.0566666666666673,0.9928069397053519,0.03324067491024927,0.533361747713405,0.5162249337743269
LC_dv21_Tlc3p0_TTC04_CP5_S6p267_E16p267.mp4,CP5,0.5833333333333334,12,4.0,2.8,16.333333333333332,21.0,0.041015466162458554,0.4229999999999998,-1.200000000000001,0.9993342230826431,0.040988159011832954,0.595698561679196,0.5719989016914595
LC_dv21_Tlc3p0_TTC05_CP1_S5p067_E15p067.mp4,CP1,0.0833333333333333,12,5.0,5.0,29.166666666666664,21.0,0.012891723965432466,1.6429999999999996,-0.006666666666671854,0.050565621517496585,0.0006518780347440983,0.04916951402497882,0.0043162992061334254
LC_dv21_Tlc3p0_TTC05_CP3_S5p667_E15p667.mp4,CP3,0.25,12,5.0,4.4,25.666666666666668,21.0,0.016642329532910408,1.0970000000000002,-1.1499999999999992,0.9912674578355382,0.0164969996885494,0.32568401860593954,0.3265049038052668
LC_dv21_Tlc3p0_TTC05_CP5_S6p267_E16p267.mp4,CP5,0.2916666666666667,12,5.0,3.8,22.166666666666664,21.0,0.02230250754251088,0.44999999999999907,-1.2100000000000015,0.9993412061431832,0.022287814787550264,0.40890320312422945,0.40363942533427044
LC_dv21_Tlc3p0_TTC06_CP1_S5p067_E15p067.mp4,CP1,0.0,12,6.0,6.0,35.0,21.0,0.008955431403248127,1.6480000000000004,-0.003333333333334447,0.049008367861558995,0.0004388910765693417,0.04509783847072714,0.0018985248165405472
LC_dv21_Tlc3p0_TTC06_CP2_S5p367_E15p367.mp4,CP2,0.1666666666666666,12,6.0,5.7,33.25,21.0,0.009922141412749644,1.3799999999999997,-0.8933333333333356,0.9054306479787282,0.008983810928682483,0.20003114858417087,0.20130646981301942
LC_dv21_Tlc3p0_TTC06_CP4_S5p967_E15p967.mp4,CP4,0.0416666666666666,12,6.0,5.1,29.75,21.0,0.012391622949399023,0.7549999999999997,-1.0566666666666673,0.992644039715823,0.012300470663126747,0.2613257015781661,0.2658643228442155
LC_dv21_Tlc4p0_TTC02_CP1_S5p067_E15p067.mp4,CP1,0.02,25,2.0,2.0,11.666666666666666,21.0,0.08013581333781904,1.6309999999999991,-0.003333333333340368,0.050776201121447186,0.004068992175071849,0.07463304712039392,0.08311844962714274
LC_dv21_Tlc4p0_TTC02_CP2_S5p367_E15p367.mp4,CP2,0.6153846153846154,13,2.0,1.7,9.916666666666666,21.0,0.11063995346127804,1.429000000000001,-0.6733333333333273,0.7247361937428096,0.08018477874740824,0.6197879776565139,0.7507485775595941
LC_dv21_Tlc4p0_TTC02_CP3_S5p667_E15p667.mp4,CP3,0.9166666666666666,12,2.0,1.4,8.166666666666666,21.0,0.16244962185343506,1.1979999999999993,-0.8566666666666686,0.9171049555780778,0.1489833532335701,0.8307189498678502,0.867196227281196
LC_dv21_Tlc4p0_TTC02_CP4_S5p967_E15p967.mp4,CP4,0.8846153846153846,13,2.0,1.1,6.416666666666667,21.0,0.2610216431760088,0.9680000000000006,-0.7666666666666622,0.9107607546271217,0.23772826871299305,0.8702013262117313,0.9254059417000688
LC_dv21_Tlc4p0_TTC02_CP5_S6p267_E16p267.mp4,CP5,0.9166666666666666,12,2.0,0.8,4.666666666666667,21.0,0.484411065547997,0.7339999999999998,-0.8700000000000004,0.9709504534840236,0.4703391437665068,0.9564323427728952,0.9727629795841783
LC_dv21_Tlc4p0_TTC03_CP1_S5p067_E15p067.mp4,CP1,0.0,25,3.0,3.0,17.5,21.0,0.03574426926380847,1.6350000000000005,-0.003333333333334447,0.05035573817974107,0.0017999290644745056,0.06332425167448028,0.026340834333719466
LC_dv21_Tlc4p0_TTC03_CP2_S5p367_E15p367.mp4,CP2,0.4230769230769231,13,3.0,2.7,15.75,21.0,0.0440989048765707,1.437,-0.6600000000000014,0.7083204849439337,0.03123615768766896,0.4436331659962723,0.49716876891205214
LC_dv21_Tlc4p0_TTC03_CP3_S5p667_E15p667.mp4,CP3,0.5833333333333334,12,3.0,2.4,13.999999999999998,21.0,0.05575999447787281,1.2099999999999997,-0.8433333333333367,0.9087887802741339,0.050674057369638474,0.6195029978212038,0.6227125353659063
LC_dv21_Tlc4p0_TTC03_CP4_S5p967_E15p967.mp4,CP4,0.6538461538461539,13,3.0,2.1,12.25,21.0,0.07272924924602557,0.9720000000000002,-0.7933333333333319,0.9225191252157889,0.06709412339204458,0.6905418833053686,0.6907867280170871
LC_dv21_Tlc4p0_TTC03_CP5_S6p267_E16p267.mp4,CP5,0.8333333333333334,12,3.0,1.8,10.5,21.0,0.09878333395014804,0.7309999999999997,-0.8933333333333326,0.9755054699303038,0.0963636826063213,0.7943362547629513,0.769531603702484
LC_dv21_Tlc4p0_TTC04_CP1_S5p067_E15p067.mp4,CP1,0.0,25,4.0,4.0,23.33333333333333,21.0,0.020131543898651776,1.639,-0.0066666666666659324,0.05098747843911141,0.0010264566604785324,0.055107906687918026,0.0102141129658
LC_dv21_Tlc4p0_TTC04_CP2_S5p367_E15p367.mp4,CP2,0.2307692307692307,13,4.0,3.7,21.58333333333333,21.0,0.023522021501625433,1.437,-0.6733333333333332,0.7220320941021676,0.016983654442334826,0.3195311767984257,0.34069599639105164
LC_dv21_Tlc4p0_TTC04_CP3_S5p667_E15p667.mp4,CP3,0.3333333333333333,12,4.0,3.4,19.83333333333333,21.0,0.027846362030795428,1.2060000000000002,-0.8566666666666686,0.9158640454621221,0.025503481780927133,0.4441991284574597,0.4453713537355311
LC_dv21_Tlc4p0_TTC04_CP4_S5p967_E15p967.mp4,CP4,0.5,13,4.0,3.1,18.08333333333333,21.0,0.03348150942630854,0.9690000000000001,-0.7900000000000004,0.9214879616444733,0.030852807874029272,0.49668179074115637,0.49624514274801046
LC_dv21_Tlc4p0_TTC04_CP5_S6p267_E16p267.mp4,CP5,0.625,12,4.0,2.8,16.333333333333332,21.0,0.041015466162458554,0.7279999999999995,-0.8933333333333326,0.9756790488687709,0.04001793101429682,0.5821363980116027,0.5656728302308826
LC_dv21_Tlc4p0_TTC06_CP1_S5p067_E15p067.mp4,CP1,0.0,12,6.0,6.0,35.0,21.0,0.008955431403248127,1.6480000000000004,-0.003333333333334447,0.049008367861558995,0.0004388910765693417,0.04509783847072714,0.0018985248165405472
LC_dv21_Tlc4p0_TTC06_CP3_S5p667_E15p667.mp4,CP3,0.125,12,6.0,5.4,31.5,21.0,0.011054215203628724,1.2150000000000005,-0.8533333333333312,0.9128610705970289,0.01009096272539447,0.22123907001653098,0.22401520711899123
LC_dv21_Tlc4p0_TTC06_CP5_S6p267_E16p267.mp4,CP5,0.3333333333333333,12,6.0,4.8,28.0,21.0,0.013987178510865244,0.74,-0.8933333333333326,0.9749784829975957,0.013637198085939965,0.2848775205818299,0.2891403094379215
LC_dv21_Tlc4p0_TTC07_CP1_S5p033_E15p033.mp4,CP1,0.0384615384615384,13,7.0,7.0,40.83333333333333,21.0,0.006580761732257228,1.6520000000000008,-0.0033333333333285253,0.04859963665557366,0.00031982262910460477,0.04261444947947741,0.0009380718270576934
LC_dv21_Tlc4p0_TTC07_CP2_S5p333_E15p333.mp4,CP2,0.0769230769230769,13,7.0,6.7,39.083333333333336,21.0,0.007182928383161095,1.5020000000000004,-0.5000000000000012,0.49919405654739524,0.0035856751574796096,0.11628701036740073,0.0694009313467448
LC_dv21_Tlc4p0_TTC07_CP4_S5p933_E15p933.mp4,CP4,0.2307692307692307,13,7.0,6.1,35.58333333333333,21.0,0.008664420942705819,1.034999999999999,-0.7866666666666718,0.9096143277283723,0.007881281430954982,0.18132119615416076,0.17261976286043798
LC_dv28_Tlc2p0_TTC02_CP1_S5p067_E15p067.mp4,CP1,0.0576923076923076,26,2.0,2.0,15.555555555555555,28.0,0.06027229755514157,1.6340000000000001,-0.003333333333334447,0.05046059290584868,0.0030413758704301774,0.07084154666511645,0.05684831663681934
LC_dv28_Tlc2p0_TTC02_CP2_S5p367_E15p367.mp4,CP2,0.7307692307692307,13,2.0,1.7,13.22222222222222,28.0,0.08330520589374905,1.2369999999999999,-1.3233333333333341,0.9971152889293061,0.08306489444406093,0.7803283389491005,0.7585684615432647
LC_dv28_Tlc2p0_TTC02_CP3_S5p667_E15p667.mp4,CP3,0.9230769230769232,13,2.0,1.4,10.888888888888888,28.0,0.12253966780977293,0.7739999999999998,-1.7100000000000026,0.9999945874560923,0.12253900455844048,0.859449237066013,0.8353656539313219
LC_dv28_Tlc2p0_TTC02_CP4_S5p967_E15p967.mp4,CP4,0.9615384615384616,13,2.0,1.1,8.555555555555555,28.0,0.19758615922109735,0.2949999999999997,-1.5966666666666671,0.9999971926735736,0.19758560453225107,0.9260765178938695,0.9052599223862071
LC_dv28_Tlc2p0_TTC02_CP5_S6p267_E16p267.mp4,CP5,0.9615384615384616,13,2.0,0.8,6.222222222222222,28.0,0.36962656837540764,-0.1999999999999995,-1.8300000000000014,0.9999999954706938,0.36962656670125577,0.9733720772877349,0.9602256508447286
LC_dv28_Tlc2p0_TTC03_CP1_S5p067_E15p067.mp4,CP1,0.0384615384615384,26,3.0,3.0,23.33333333333333,28.0,0.02684205853153571,1.6389999999999991,-0.006666666666671854,0.05098747843911339,0.0013686088806380966,0.059323661023482216,0.01686438387554209
LC_dv28_Tlc2p0_TTC03_CP2_S5p367_E15p367.mp4,CP2,0.5384615384615384,13,3.0,2.7,21.0,28.0,0.03312572692963807,1.251000000000001,-1.2933333333333272,0.9960411054816479,0.0329945856708799,0.5292289786031389,0.5116044138192748
LC_dv28_Tlc2p0_TTC03_CP3_S5p667_E15p667.mp4,CP3,0.5,13,3.0,2.4,18.666666666666664,28.0,0.041902444398814305,0.7929999999999999,-1.690000000000002,0.9999922056787863,0.041902117797703024,0.5994394821266495,0.5741749460933223
LC_dv28_Tlc2p0_TTC03_CP4_S5p967_E15p967.mp4,CP4,0.6923076923076923,13,3.0,2.1,16.333333333333332,28.0,0.054687288216611424,0.3109999999999997,-1.6066666666666674,0.999997375051376,0.05468714466528947,0.6734817211121102,0.6416877170634778
LC_dv28_Tlc2p0_TTC03_CP5_S6p267_E16p267.mp4,CP5,0.6538461538461539,13,3.0,1.8,14.0,28.0,0.07434665930383041,-0.18600000000000017,-1.8400000000000016,0.9999999958839659,0.07434665899781703,0.7512606620053867,0.7142709510972244
LC_dv28_Tlc2p0_TTC04_CP1_S5p067_E15p067.mp4,CP1,0.0769230769230769,26,4.0,4.0,31.11111111111111,28.0,0.015109391512658327,1.6449999999999994,-0.003333333333334447,0.0493167147596894,0.0007451455514222426,0.05077092039123028,0.005612921292680807
LC_dv28_Tlc2p0_TTC04_CP2_S5p367_E15p367.mp4,CP2,0.3846153846153846,13,4.0,3.7,28.77777777777778,28.0,0.017656171336974957,1.2490000000000003,-1.3199999999999967,0.9969129016142454,0.017601664998941974,0.35247885393039735,0.349545941286546
LC_dv28_Tlc2p0_TTC04_CP3_S5p667_E15p667.mp4,CP3,0.2692307692307692,13,4.0,3.4,26.444444444444443,28.0,0.020905313680123473,0.7850000000000008,-1.7099999999999969,0.9999943034371778,0.020905194591690775,0.4001393381167643,0.3932092044841255
LC_dv28_Tlc2p0_TTC04_CP4_S5p967_E15p967.mp4,CP4,0.4615384615384615,13,4.0,3.1,24.11111111111111,28.0,0.02514083543290159,0.30700000000000016,-1.5933333333333355,0.99999688135427,0.02514075702754252,0.45305394348922967,0.4415698491639166
LC_dv28_Tlc2p0_TTC04_CP5_S6p267_E16p267.mp4,CP5,0.3846153846153846,13,4.0,2.8,21.77777777777777,28.0,0.030806186440160553,-0.18799999999999994,-1.8299999999999983,0.9999999951345424,0.03080618629027436,0.5125924121285017,0.4958397636320033
LC_dv28_Tlc2p0_TTC05_CP1_S5p067_E15p067.mp4,CP1,0.0,13,5.0,5.0,38.888888888888886,28.0,0.009673193471418044,1.6500000000000001,-0.0066666666666659324,0.04983406649265127,0.00048205456665092696,0.045950184039323466,0.0023206132473392034
LC_dv28_Tlc2p0_TTC05_CP3_S5p667_E15p667.mp4,CP3,0.2692307692307692,13,5.0,4.4,34.22222222222222,28.0,0.012489081565197457,0.791000000000001,-1.7099999999999969,0.9999941425775719,0.01248900841137099,0.25739724816568493,0.26114139240557016
LC_dv28_Tlc2p0_TTC05_CP5_S6p267_E16p267.mp4,CP5,0.1538461538461538,13,5.0,3.8,29.55555555555556,28.0,0.01674005507579012,-0.18300000000000005,-1.8300000000000014,0.9999999949874311,0.01674005499187944,0.32982276175245484,0.3301178678487371
LC_dv28_Tlc2p0_TTC06_CP1_S5p033_E15p033.mp4,CP1,0.0769230769230769,13,6.0,6.0,46.66666666666666,28.0,0.006718696759952485,1.6559999999999995,-0.006666666666671854,0.04921376081171642,0.0003306523353107557,0.04282486326470053,0.0010123458000889395
LC_dv28_Tlc2p0_TTC06_CP2_S5p333_E15p333.mp4,CP2,0.2307692307692307,13,6.0,5.7,44.333333333333336,28.0,0.007444212483553206,1.3599999999999992,-0.9866666666666676,0.9469703123873792,0.007049448221028407,0.15964705237329335,0.15859508519248222
LC_dv28_Tlc2p0_TTC06_CP4_S5p933_E15p933.mp4,CP4,0.3846153846153846,13,6.0,5.1,39.66666666666666,28.0,0.009297782847928416,0.43200000000000016,-1.5866666666666638,0.9999938363425708,0.00929772553958009,0.20396126122451946,0.2078697202946438
LC_dv28_Tlc3p0_TTC02_CP1_S5p033_E15p033.mp4,CP1,0.0416666666666666,24,2.0,2.0,15.555555555555555,28.0,0.06027229755514157,1.6329999999999998,-0.0066666666666659324,0.051625511135872076,0.0031115881686175563,0.07161278467178038,0.05863727018597658
LC_dv28_Tlc3p0_TTC02_CP2_S5p333_E15p333.mp4,CP2,0.5416666666666666,12,2.0,1.7,13.22222222222222,28.0,0.08330520589374905,1.4329999999999996,-0.6666666666666673,0.716585315783899,0.05969528727181488,0.5712129830948746,0.6804606078379924
LC_dv28_Tlc3p0_TTC02_CP3_S5p633_E15p633.mp4,CP3,0.7916666666666666,12,2.0,1.4,10.888888888888888,28.0,0.12253966780977293,1.1259999999999992,-1.1366666666666674,0.9894745606700671,0.12124988397073104,0.8507975182600496,0.8335123152942081
LC_dv28_Tlc3p0_TTC02_CP4_S5p933_E15p933.mp4,CP4,0.9166666666666666,12,2.0,1.1,8.555555555555555,28.0,0.19758615922109735,0.8109999999999997,-1.0499999999999985,0.990927020522929,0.19579346405353104,0.9180128630921552,0.9041727238466305
LC_dv28_Tlc3p0_TTC02_CP5_S6p233_E16p233.mp4,CP5,1.0,12,2.0,0.8,6.222222222222222,28.0,0.36962656837540764,0.49199999999999977,-1.0633333333333332,0.9967873838141316,0.3684391000791178,0.9703640350080217,0.9600308331435838
LC_dv28_Tlc3p0_TTC03_CP1_S5p067_E15p067.mp4,CP1,0.0,24,3.0,3.0,23.33333333333333,28.0,0.02684205853153571,1.6389999999999991,-0.006666666666671854,0.05098747843911339,0.0013686088806380966,0.059323661023482216,0.01686438387554209
LC_dv28_Tlc3p0_TTC03_CP2_S5p367_E15p367.mp4,CP2,0.4166666666666667,12,3.0,2.7,21.0,28.0,0.03312572692963807,1.3719999999999997,-0.8899999999999982,0.9050898862987459,0.029981760420309426,0.48363514943951796,0.48636668488545026
LC_dv28_Tlc3p0_TTC03_CP3_S5p667_E15p667.mp4,CP3,0.6666666666666666,12,3.0,2.4,18.666666666666664,28.0,0.041902444398814305,1.0670000000000008,-1.126666666666667,0.9902638512611546,0.041494475967626246,0.5938988908544227,0.5716410156594689
LC_dv28_Tlc3p0_TTC03_CP4_S5p967_E15p967.mp4,CP4,0.8333333333333334,12,3.0,2.1,16.333333333333332,28.0,0.054687288216611424,0.7499999999999998,-1.0566666666666702,0.9927462288751324,0.054290599144448455,0.66881510349296,0.6398899996799651
LC_dv28_Tlc3p0_TTC03_CP5_S6p267_E16p267.mp4,CP5,0.8333333333333334,12,3.0,1.8,14.0,28.0,0.07434665930383041,0.4250000000000005,-1.2033333333333327,0.9993526945562494,0.07429853430653838,0.7507937331952358,0.714125497496565
LC_dv28_Tlc3p0_TTC04_CP1_S5p067_E15p067.mp4,CP1,0.0208333333333333,24,4.0,4.0,31.11111111111111,28.0,0.015109391512658327,1.6449999999999994,-0.003333333333334447,0.0493167147596894,0.0007451455514222426,0.05077092039123028,0.005612921292680807
LC_dv28_Tlc3p0_TTC04_CP2_S5p367_E15p367.mp4,CP2,0.2083333333333333,12,4.0,3.7,28.77777777777778,28.0,0.017656171336974957,1.378,-0.8899999999999982,0.9040621746196301,0.01596227665436236,0.3217687352040321,0.3255472287764031
LC_dv28_Tlc3p0_TTC04_CP3_S5p667_E15p667.mp4,CP3,0.4166666666666667,12,4.0,3.4,26.444444444444443,28.0,0.020905313680123473,1.0680000000000003,-1.1433333333333362,0.991480349118691,0.02072720770600457,0.3969262671731632,0.3910013648206256
LC_dv28_Tlc3p0_TTC04_CP4_S5p967_E15p967.mp4,CP4,0.4583333333333333,12,4.0,3.1,24.11111111111111,28.0,0.02514083543290159,0.7509999999999992,-1.0566666666666702,0.992725891762764,0.024957958274788125,0.44992521783266276,0.4396352513602031
LC_dv28_Tlc3p0_TTC04_CP5_S6p267_E16p267.mp4,CP5,0.6666666666666666,12,4.0,2.8,21.77777777777777,28.0,0.030806186440160553,0.4310000000000007,-1.1866666666666634,0.9992127936296441,0.030781935613948486,0.5122068095641211,0.4956286607445356
LC_dv28_Tlc3p0_TTC06_CP1_S5p033_E15p033.mp4,CP1,0.0,12,6.0,6.0,46.66666666666666,28.0,0.006718696759952485,1.6559999999999995,-0.006666666666671854,0.04921376081171642,0.0003306523353107557,0.04282486326470053,0.0010123458000889395
LC_dv28_Tlc3p0_TTC06_CP3_S5p633_E15p633.mp4,CP3,0.0833333333333333,12,6.0,5.4,42.0,28.0,0.008293896649591041,1.1929999999999994,-1.0933333333333344,0.98248799989194,0.008148653930567164,0.18121529766569783,0.18335071376539158
LC_dv28_Tlc3p0_TTC06_CP5_S6p233_E16p233.mp4,CP5,0.2083333333333333,12,6.0,4.8,37.33333333333333,28.0,0.010495564205660435,0.5499999999999996,-1.0933333333333344,0.9970884140880939,0.010465005468781728,0.22693916690140598,0.23141560228750285
LC_dv28_Tlc3p0_TTC07_CP1_S5p067_E15p067.mp4,CP1,0.0416666666666666,12,7.0,7.0,54.44444444444444,28.0,0.004936717697011378,1.6620000000000006,-0.003333333333334447,0.047589726436113255,0.00023493704469309051,0.040835356725269244,0.00045276974757217967
LC_dv28_Tlc3p0_TTC07_CP2_S5p367_E15p367.mp4,CP2,0.0,12,7.0,6.7,52.11111111111112,28.0,0.005388562113198003,1.3950000000000011,-0.8899999999999982,0.9011059197473588,0.004855665219129057,0.12503250438577823,0.10137506481695269
LC_dv28_Tlc3p0_TTC07_CP4_S5p967_E15p967.mp4,CP4,0.2083333333333333,12,7.0,6.1,47.44444444444444,28.0,0.006500303147116412,0.7680000000000005,-1.0566666666666644,0.9923723868424558,0.006450721349303441,0.15127469416606287,0.14000681076625748
LC_dv28_Tlc4p0_TTC02_CP1_S5p067_E15p067.mp4,CP1,0.0,24,2.0,2.0,15.555555555555555,28.0,0.06027229755514157,1.6340000000000001,-0.003333333333334447,0.05046059290584868,0.0030413758704301774,0.07084154666511645,0.05684831663681934
LC_dv28_Tlc4p0_TTC02_CP2_S5p367_E15p367.mp4,CP2,0.6666666666666666,12,2.0,1.7,13.22222222222222,28.0,0.08330520589374905,1.4320000000000002,-0.6733333333333332,0.7237236752478005,0.06028994977669879,0.5765341277938598,0.6829519938154264
LC_dv28_Tlc4p0_TTC02_CP3_S5p667_E15p667.mp4,CP3,0.7916666666666666,12,2.0,1.4,10.888888888888888,28.0,0.12253966780977293,1.1990000000000005,-0.8600000000000001,0.9184844649326092,0.11255078122127897,0.7924149343730201,0.8200865294249274
LC_dv28_Tlc4p0_TTC02_CP4_S5p967_E15p967.mp4,CP4,0.9166666666666666,12,2.0,1.1,8.555555555555555,28.0,0.19758615922109735,0.9689999999999992,-0.766666666666671,0.9105976449983298,0.17992149127099627,0.8465976414282973,0.8936451127264966
LC_dv28_Tlc4p0_TTC02_CP5_S6p267_E16p267.mp4,CP5,0.9166666666666666,12,2.0,0.8,6.222222222222222,28.0,0.36962656837540764,0.7279999999999995,-0.8800000000000008,0.9732778297688106,0.3597493442933096,0.9483514981360115,0.9585614470098281
LC_dv28_Tlc4p0_TTC03_CP1_S5p033_E15p033.mp4,CP1,0.0,24,3.0,3.0,23.33333333333333,28.0,0.02684205853153571,1.639,-0.0066666666666659324,0.05098747843911141,0.0013686088806380435,0.05932366102348137,0.016864383875540966
LC_dv28_Tlc4p0_TTC03_CP2_S5p333_E15p333.mp4,CP2,0.375,12,3.0,2.7,21.0,28.0,0.03312572692963807,1.4919999999999989,-0.49000000000000377,0.49113534559827376,0.016269215343781836,0.2761198156181267,0.33064826828996285
LC_dv28_Tlc4p0_TTC03_CP3_S5p633_E15p633.mp4,CP3,0.5,12,3.0,2.4,18.666666666666664,28.0,0.041902444398814305,1.2610000000000008,-0.8399999999999993,0.8982631864090054,0.03763942322400512,0.5415017372520592,0.5462221571023024
LC_dv28_Tlc4p0_TTC03_CP4_S5p933_E15p933.mp4,CP4,0.6666666666666666,12,3.0,2.1,16.333333333333332,28.0,0.054687288216611424,1.0250000000000001,-0.7866666666666688,0.9112487549168709,0.049833723297167225,0.616365802562319,0.6185074118487996
LC_dv28_Tlc4p0_TTC03_CP5_S6p233_E16p233.mp4,CP5,0.7916666666666666,12,3.0,1.8,14.0,28.0,0.07434665930383041,0.7879999999999991,-0.7900000000000034,0.9449762634148919,0.07025582830631368,0.7115694628192601,0.7014267134718589
LC_dv28_Tlc4p0_TTC04_CP1_S5p067_E15p067.mp4,CP1,0.0,24,4.0,4.0,31.11111111111111,28.0,0.015109391512658327,1.6449999999999994,-0.003333333333334447,0.0493167147596894,0.0007451455514222426,0.05077092039123028,0.005612921292680807
LC_dv28_Tlc4p0_TTC04_CP2_S5p367_E15p367.mp4,CP2,0.2916666666666667,12,4.0,3.7,28.77777777777778,28.0,0.017656171336974957,1.4470000000000007,-0.6599999999999955,0.7048439591603777,0.012444845708767407,0.2558778666321246,0.2677898863713006
LC_dv28_Tlc4p0_TTC04_CP3_S5p667_E15p667.mp4,CP3,0.4583333333333333,12,4.0,3.4,26.444444444444443,28.0,0.020905313680123473,1.214000000000001,-0.8466666666666622,0.9097787693110939,0.01901921055196511,0.3660930065863534,0.369001816520827
LC_dv28_Tlc4p0_TTC04_CP4_S5p967_E15p967.mp4,CP4,0.4583333333333333,12,4.0,3.1,24.11111111111111,28.0,0.02514083543290159,0.9770000000000001,-0.7900000000000034,0.9202967883807331,0.023137030106107872,0.41875878702134317,0.4196450332345616
LC_dv28_Tlc4p0_TTC04_CP5_S6p267_E16p267.mp4,CP5,0.625,12,4.0,2.8,21.77777777777777,28.0,0.030806186440160553,0.7349999999999992,-0.89666666666667,0.9758515937833113,0.03006226613601651,0.500763565983283,0.4892878609246015
LC_dv28_Tlc4p0_TTC05_CP1_S5p067_E15p067.mp4,CP1,0.0,12,5.0,5.0,38.888888888888886,28.0,0.009673193471418044,1.6500000000000001,-0.0066666666666659324,0.04983406649265127,0.00048205456665092696,0.045950184039323466,0.0023206132473392034
LC_dv28_Tlc4p0_TTC05_CP2_S5p367_E15p367.mp4,CP2,0.25,12,5.0,4.7,36.55555555555556,28.0,0.010946636338191613,1.4489999999999996,-0.6700000000000017,0.7145296640985579,0.00782169638573712,0.17194603659874252,0.16860687706867675
LC_dv28_Tlc4p0_TTC05_CP4_S5p967_E15p967.mp4,CP4,0.375,12,5.0,4.1,31.88888888888889,28.0,0.014381969772134668,0.978999999999999,-0.7900000000000034,0.9199968697477818,0.013231367171171115,0.2702210428874077,0.27413225064456326
LC_dv28_Tlc4p0_TTC07_CP1_S5p067_E15p067.mp4,CP1,0.0416666666666666,12,7.0,7.0,54.44444444444444,28.0,0.004936717697011378,1.6620000000000006,-0.003333333333334447,0.047589726436113255,0.00023493704469309051,0.040835356725269244,0.00045276974757217967
LC_dv28_Tlc4p0_TTC07_CP3_S5p667_E15p667.mp4,CP3,0.0833333333333333,12,7.0,6.4,49.77777777777778,28.0,0.0059053952171543925,1.227000000000001,-0.8600000000000001,0.914135094742644,0.005398329016326187,0.13455934065391417,0.11476000072326238
LC_dv28_Tlc4p0_TTC07_CP5_S6p267_E16p267.mp4,CP5,0.25,12,7.0,5.8,45.11111111111111,28.0,0.00718983909013506,0.7520000000000004,-0.8833333333333323,0.972391940045094,0.006991341581468484,0.16220548661366402,0.1525701204434411
LC_dv35_Tlc2p0_TTC02_CP1_S5p033_E15p033.mp4,CP1,0.0,21,2.0,2.0,19.444444444444443,35.0,0.04828121078597727,1.6360000000000008,-0.0066666666666659324,0.05130570579304207,0.002477101595917199,0.06829004085935479,0.042628818480191066
LC_dv35_Tlc2p0_TTC02_CP2_S5p333_E15p333.mp4,CP2,0.6363636363636364,11,2.0,1.7,16.527777777777775,35.0,0.06676528851016704,1.339000000000001,-0.9899999999999991,0.9502697487247477,0.06344503393609172,0.6948769049867004,0.69563982905891
LC_dv35_Tlc2p0_TTC02_CP3_S5p633_E15p633.mp4,CP3,0.8,10,2.0,1.4,13.611111111111107,35.0,0.09829404161550273,0.8960000000000006,-1.6433333333333315,0.9999769678476068,0.0982917776921569,0.8180153506353613,0.7939693292601318
LC_dv35_Tlc2p0_TTC02_CP4_S5p933_E15p933.mp4,CP4,0.8636363636363636,11,2.0,1.1,10.694444444444445,35.0,0.15875202439465907,0.4179999999999999,-1.5933333333333355,0.9999947366239218,0.1587511888230515,0.8993486601567121,0.8765614487979776
LC_dv35_Tlc2p0_TTC02_CP5_S6p233_E16p233.mp4,CP5,0.9,10,2.0,0.8,7.777777777777778,35.0,0.2981008220942941,-0.0750000000000004,-1.6433333333333344,0.9999997854301612,0.2981007581308488,0.9612967211511881,0.9454019891504825
LC_dv35_Tlc2p0_TTC03_CP1_S5p067_E15p067.mp4,CP1,0.0238095238095238,21,3.0,3.0,29.166666666666664,35.0,0.021486206609054107,1.6430000000000005,-0.0066666666666659324,0.05056562151749463,0.0010864633912401216,0.05588649335742185,0.011308005204460007
LC_dv35_Tlc2p0_TTC03_CP2_S5p367_E15p367.mp4,CP2,0.6363636363636364,11,3.0,2.7,26.25,35.0,0.02651971268283517,1.2539999999999993,-1.2966666666666704,0.9961233262268839,0.02641690440820705,0.4644470118463603,0.45310315482369895
LC_dv35_Tlc2p0_TTC03_CP3_S5p667_E15p667.mp4,CP3,0.3,10,3.0,2.4,23.33333333333333,35.0,0.03355257316441963,0.7890000000000004,-1.7200000000000002,0.9999949530366951,0.033552403825814085,0.5349606125623021,0.5160212138325544
LC_dv35_Tlc2p0_TTC03_CP4_S5p967_E15p967.mp4,CP4,0.6363636363636364,11,3.0,2.1,20.416666666666664,35.0,0.043801996495878064,0.30899999999999994,-1.6000000000000014,0.9999971383767287,0.04380187115106556,0.6120804860073501,0.5856278989484867
LC_dv35_Tlc2p0_TTC03_CP5_S6p267_E16p267.mp4,CP5,0.75,10,3.0,1.8,17.5,35.0,0.05957378210634747,-0.17799999999999927,-1.806666666666663,0.9999999921870378,0.05957378164089976,0.6961127813921568,0.6625847211135371
LC_dv35_Tlc2p0_TTC04_CP1_S5p067_E15p067.mp4,CP1,0.0,21,4.0,4.0,38.888888888888886,35.0,0.012091491839272554,1.6510000000000005,-0.0066666666666659324,0.049730251275251595,0.0006013129274596782,0.048249530403970974,0.003669843745049805
LC_dv35_Tlc2p0_TTC04_CP2_S5p367_E15p367.mp4,CP2,0.2272727272727272,11,4.0,3.7,35.97222222222222,35.0,0.014130370281878794,1.2700000000000002,-1.270000000000001,0.9948509632830503,0.014057612486473307,0.2943609945957742,0.29541763753004957
LC_dv35_Tlc2p0_TTC04_CP3_S5p667_E15p667.mp4,CP3,0.2,10,4.0,3.4,33.05555555555555,35.0,0.01673186836100523,0.804,-1.7166666666666657,0.999994329833734,0.016731773488529684,0.33912780086934413,0.33702180576776414
LC_dv35_Tlc2p0_TTC04_CP4_S5p967_E15p967.mp4,CP4,0.5454545454545454,11,4.0,3.1,30.13888888888889,35.0,0.02012368611976904,0.3229999999999993,-1.603333333333336,0.999997083075516,0.02012362742049629,0.3894408405441282,0.38339792742623885
LC_dv35_Tlc2p0_TTC04_CP5_S6p267_E16p267.mp4,CP5,0.2,10,4.0,2.8,27.22222222222221,35.0,0.024661494043532205,-0.17500000000000004,-1.8399999999999987,0.9999999956039936,0.024661493935120116,0.4474645671406523,0.43647050954429495
LC_dv35_Tlc2p0_TTC05_CP1_S5p033_E15p033.mp4,CP1,0.0454545454545454,11,5.0,5.0,48.61111111111111,35.0,0.007740185303516253,1.6569999999999998,-0.0066666666666659324,0.04911097857290002,0.00038012807459126234,0.043876722997912884,0.0013856638330942692
LC_dv35_Tlc2p0_TTC05_CP2_S5p333_E15p333.mp4,CP2,0.3181818181818182,11,5.0,4.7,45.69444444444444,35.0,0.00875939721967348,1.3609999999999995,-0.9866666666666676,0.9468610563514732,0.008293932104422188,0.17630525973369734,0.1788870294584223
LC_dv35_Tlc2p0_TTC05_CP4_S5p933_E15p933.mp4,CP4,0.4545454545454545,11,5.0,4.1,39.86111111111111,35.0,0.011509180519741244,0.4319999999999993,-1.590000000000004,0.9999941153496039,0.01150911279223754,0.2390832657157231,0.24331420786412591
LC_dv35_Tlc2p0_TTC07_CP1_S5p067_E15p067.mp4,CP1,0.0,10,7.0,7.0,68.05555555555554,35.0,0.003949798796595166,1.6709999999999992,-0.0066666666666659324,0.04768995486483257,0.00018836572633479346,0.03986282278360337,0.00026201396230827073
LC_dv35_Tlc2p0_TTC07_CP3_S5p667_E15p667.mp4,CP3,0.0,10,7.0,6.4,62.22222222222222,35.0,0.004724923819350298,0.8180000000000003,-1.7166666666666686,0.9999939494275705,0.004724895230856506,0.11934877733081853,0.09811795289415332
LC_dv35_Tlc2p0_TTC07_CP5_S6p267_E16p267.mp4,CP5,0.0,10,7.0,5.8,56.388888888888886,35.0,0.005752772019331868,-0.15900000000000003,-1.8366666666666673,0.9999999948666377,0.005752771989800805,0.1379871185433998,0.12337432240559101
LC_dv35_Tlc3p0_TTC02_CP1_S5p067_E15p067.mp4,CP1,0.0,24,2.0,2.0,19.444444444444443,35.0,0.04828121078597727,1.635999999999999,-0.006666666666671854,0.051305705793044144,0.0024771015959172992,0.06829004085935604,0.04262881848019354
LC_dv35_Tlc3p0_TTC02_CP2_S5p367_E15p367.mp4,CP2,0.7083333333333334,12,2.0,1.7,16.527777777777775,35.0,0.06676528851016704,1.3740000000000003,-0.873333333333329,0.8959100212524822,0.059815691048071856,0.6572461765829366,0.680967711682937
LC_dv35_Tlc3p0_TTC02_CP3_S5p667_E15p667.mp4,CP3,0.7083333333333334,12,2.0,1.4,13.611111111111107,35.0,0.09829404161550273,1.0680000000000003,-1.1166666666666696,0.9894181274926832,0.09725390659889858,0.8097690622332858,0.7918318996116815
LC_dv35_Tlc3p0_TTC02_CP4_S5p967_E15p967.mp4,CP4,0.9166666666666666,12,2.0,1.1,10.694444444444445,35.0,0.15875202439465907,0.7500000000000007,-1.0599999999999987,0.9929468585263101,0.1576323239073689,0.8932712456454599,0.8755418782022626
LC_dv35_Tlc3p0_TTC02_CP5_S6p267_E16p267.mp4,CP5,0.8333333333333334,12,2.0,0.8,7.777777777777778,35.0,0.2981008220942941,0.4280000000000006,-1.1933333333333322,0.9992733193369762,0.29788419799124666,0.9606252864136071,0.9453453480674163
LC_dv35_Tlc3p0_TTC03_CP1_S5p033_E15p033.mp4,CP1,0.0,24,3.0,3.0,29.166666666666664,35.0,0.021486206609054107,1.6430000000000005,-0.0066666666666659324,0.05056562151749463,0.0010864633912401216,0.05588649335742185,0.011308005204460007
LC_dv35_Tlc3p0_TTC03_CP2_S5p333_E15p333.mp4,CP2,0.1666666666666666,12,3.0,2.7,26.25,35.0,0.02651971268283517,1.4420000000000008,-0.6699999999999988,0.7169272332582516,0.019012704240508785,0.3426548769385066,0.3687548736704204
LC_dv35_Tlc3p0_TTC03_CP3_S5p633_E15p633.mp4,CP3,0.375,12,3.0,2.4,23.33333333333333,35.0,0.03355257316441963,1.1400000000000003,-1.119999999999998,0.9875330167670957,0.03313427379735802,0.5286667190917379,0.5127175879403356
LC_dv35_Tlc3p0_TTC03_CP4_S5p933_E15p933.mp4,CP4,0.5416666666666666,12,3.0,2.1,20.416666666666664,35.0,0.043801996495878064,0.8229999999999993,-1.0566666666666702,0.9911229521166008,0.04341316407559567,0.606914215251196,0.5833309911216211
LC_dv35_Tlc3p0_TTC03_CP5_S6p233_E16p233.mp4,CP5,0.6666666666666666,12,3.0,1.8,17.5,35.0,0.05957378210634747,0.5000000000000007,-1.0766666666666622,0.9970884140880938,0.05940032792164766,0.6941730908931056,0.6618805405376125
LC_dv35_Tlc3p0_TTC04_CP1_S5p067_E15p067.mp4,CP1,0.0208333333333333,24,4.0,4.0,38.888888888888886,35.0,0.012091491839272554,1.6500000000000001,-0.0066666666666659324,0.04983406649265127,0.0006025682083136587,0.04827210866526033,0.003685382214730424
LC_dv35_Tlc3p0_TTC04_CP2_S5p367_E15p367.mp4,CP2,0.2083333333333333,12,4.0,3.7,35.97222222222222,35.0,0.014130370281878794,1.3879999999999997,-0.8733333333333348,0.8933319829456446,0.01262311170366699,0.26664488570447126,0.2709462636281149
LC_dv35_Tlc3p0_TTC04_CP3_S5p667_E15p667.mp4,CP3,0.3333333333333333,12,4.0,3.4,33.05555555555555,35.0,0.01673186836100523,1.0770000000000006,-1.1500000000000021,0.9917343545958102,0.01659356867018358,0.33651453551108834,0.3349889022958662
LC_dv35_Tlc3p0_TTC04_CP4_S5p967_E15p967.mp4,CP4,0.3333333333333333,12,4.0,3.1,30.13888888888889,35.0,0.02012368611976904,0.764,-1.0433333333333354,0.9915734964165592,0.01995411380656877,0.38635200216318183,0.3812295797166127
LC_dv35_Tlc3p0_TTC04_CP5_S6p267_E16p267.mp4,CP5,0.4166666666666667,12,4.0,2.8,27.22222222222221,35.0,0.024661494043532205,0.4380000000000004,-1.2066666666666641,0.9993458239017564,0.024645361083581948,0.44718673265105413,0.43629731788501175
LC_dv35_Tlc3p0_TTC05_CP1_S5p067_E15p067.mp4,CP1,0.0416666666666666,12,5.0,5.0,48.61111111111111,35.0,0.007740185303516253,1.6569999999999998,-0.0066666666666659324,0.04911097857290002,0.00038012807459126234,0.043876722997912884,0.0013856638330942692
LC_dv35_Tlc3p0_TTC05_CP3_S5p667_E15p667.mp4,CP3,0.2083333333333333,12,5.0,4.4,42.77777777777778,35.0,0.009993983416584206,1.0840000000000003,-1.1300000000000014,0.9900782236482956,0.009894825348262215,0.20778473991005536,0.21215077367957672
LC_dv35_Tlc3p0_TTC05_CP5_S6p267_E16p267.mp4,CP5,0.2916666666666667,12,5.0,3.8,36.94444444444444,35.0,0.013396927982451163,0.44500000000000006,-1.1933333333333322,0.99922901521553,0.013386599154818053,0.2736266649380027,0.27679465678956444
LC_dv35_Tlc3p0_TTC06_CP1_S5p067_E15p067.mp4,CP1,0.0416666666666666,12,6.0,6.0,58.33333333333333,35.0,0.005375743964986883,1.6639999999999995,-0.0066666666666659324,0.04839629549020917,0.00026016609340921384,0.04134488346045563,0.0005787142726286292
LC_dv35_Tlc3p0_TTC06_CP2_S5p367_E15p367.mp4,CP2,0.0,12,6.0,5.7,55.41666666666666,35.0,0.005956335602987454,1.3960000000000006,-0.8933333333333298,0.9026791932420448,0.005376660216783584,0.12607846195198608,0.11847131542708948
LC_dv35_Tlc3p0_TTC06_CP4_S5p967_E15p967.mp4,CP4,0.0833333333333333,12,6.0,5.1,49.58333333333333,35.0,0.007439732688822802,0.7739999999999998,-1.0566666666666673,0.9922440566512617,0.007382030543558535,0.16507992938993293,0.16622148192088715
LC_dv35_Tlc4p0_TTC02_CP1_S5p067_E15p067.mp4,CP1,0.02,25,2.0,2.0,19.444444444444443,35.0,0.04828121078597727,1.635999999999999,-0.006666666666671854,0.051305705793044144,0.0024771015959172992,0.06829004085935604,0.04262881848019354
LC_dv35_Tlc4p0_TTC02_CP2_S5p367_E15p367.mp4,CP2,0.4615384615384615,13,2.0,1.7,16.527777777777775,35.0,0.06676528851016704,1.4340000000000008,-0.6733333333333273,0.7230476492194853,0.04827448490673699,0.5375815410947817,0.6252899585825837
LC_dv35_Tlc4p0_TTC02_CP3_S5p667_E15p667.mp4,CP3,0.8333333333333334,12,2.0,1.4,13.611111111111107,35.0,0.09829404161550273,1.2009999999999994,-0.8633333333333345,0.9196960985909515,0.09040064658851449,0.7553172532300912,0.77676687179466
LC_dv35_Tlc4p0_TTC02_CP4_S5p967_E15p967.mp4,CP4,0.8076923076923077,13,2.0,1.1,10.694444444444445,35.0,0.15875202439465907,0.9640000000000011,-0.7899999999999945,0.9222255621506527,0.1464051749399186,0.8322879784981971,0.8645382142649289
LC_dv35_Tlc4p0_TTC02_CP5_S6p267_E16p267.mp4,CP5,0.9583333333333334,12,2.0,0.8,7.777777777777778,35.0,0.2981008220942941,0.7220000000000011,-0.8966666666666642,0.9765874513643873,0.29112152209869535,0.9396579213130681,0.9435314940026184
LC_dv35_Tlc4p0_TTC03_CP1_S5p067_E15p067.mp4,CP1,0.0,25,3.0,3.0,29.166666666666664,35.0,0.021486206609054107,1.6430000000000005,-0.0066666666666659324,0.05056562151749463,0.0010864633912401216,0.05588649335742185,0.011308005204460007
LC_dv35_Tlc4p0_TTC03_CP2_S5p367_E15p367.mp4,CP2,0.3846153846153846,13,3.0,2.7,26.25,35.0,0.02651971268283517,1.4410000000000005,-0.6733333333333332,0.7206752000672838,0.01911209924342912,0.3442898313333988,0.37005507981017716
LC_dv35_Tlc4p0_TTC03_CP3_S5p667_E15p667.mp4,CP3,0.5,12,3.0,2.4,23.33333333333333,35.0,0.03355257316441963,1.2080000000000009,-0.8633333333333345,0.9186366687349572,0.030822624039248372,0.49387065966371657,0.4936557548307489
LC_dv35_Tlc4p0_TTC03_CP4_S5p967_E15p967.mp4,CP4,0.6538461538461539,13,3.0,2.1,20.416666666666664,35.0,0.043801996495878064,0.9780000000000004,-0.7666666666666682,0.9091196676934201,0.03982125649864102,0.5591744949201557,0.5609413588709653
LC_dv35_Tlc4p0_TTC03_CP5_S6p267_E16p267.mp4,CP5,0.7916666666666666,12,3.0,1.8,17.5,35.0,0.05957378210634747,0.7360000000000004,-0.8966666666666642,0.9757941934201593,0.05813175065945165,0.6799869017851186,0.6566495449393795
LC_dv35_Tlc4p0_TTC04_CP1_S5p067_E15p067.mp4,CP1,0.0,25,4.0,4.0,38.888888888888886,35.0,0.012091491839272554,1.6510000000000005,-0.0066666666666659324,0.049730251275251595,0.0006013129274596782,0.048249530403970974,0.003669843745049805
LC_dv35_Tlc4p0_TTC04_CP2_S5p367_E15p367.mp4,CP2,0.1538461538461538,13,4.0,3.7,35.97222222222222,35.0,0.014130370281878794,1.4490000000000005,-0.6733333333333332,0.7179517961775107,0.0101449247245282,0.21876362904007965,0.2245796572814324
LC_dv35_Tlc4p0_TTC04_CP3_S5p667_E15p667.mp4,CP3,0.0833333333333333,12,4.0,3.4,33.05555555555555,35.0,0.01673186836100523,1.2160000000000009,-0.8600000000000001,0.9158640454621212,0.01532411664524992,0.31251092231998406,0.31573492636712996
LC_dv35_Tlc4p0_TTC04_CP4_S5p967_E15p967.mp4,CP4,0.4230769230769231,13,4.0,3.1,30.13888888888889,35.0,0.02012368611976904,0.9789999999999999,-0.7900000000000034,0.9199968697477816,0.018513728237974397,0.36010562510500743,0.3621944747307597
LC_dv35_Tlc4p0_TTC04_CP5_S6p267_E16p267.mp4,CP5,0.5,12,4.0,2.8,27.22222222222221,35.0,0.024661494043532205,0.74,-0.8833333333333323,0.9731527464793165,0.02399940066074667,0.43606222165221076,0.42927858367026706
LC_dv35_Tlc4p0_TTC06_CP1_S5p067_E15p067.mp4,CP1,0.0416666666666666,12,6.0,6.0,58.33333333333333,35.0,0.005375743964986883,1.6639999999999995,-0.0066666666666659324,0.04839629549020917,0.00026016609340921384,0.04134488346045563,0.0005787142726286292
LC_dv35_Tlc4p0_TTC06_CP3_S5p667_E15p667.mp4,CP3,0.0416666666666666,12,6.0,5.4,52.5,35.0,0.006636315969350155,1.2589999999999992,-0.8566666666666716,0.9072887273305801,0.006021054669995307,0.13947371996237337,0.13426879375083256
LC_dv35_Tlc4p0_TTC06_CP5_S6p267_E16p267.mp4,CP5,0.2083333333333333,12,6.0,4.8,46.66666666666666,35.0,0.008398370949940606,0.7789999999999997,-0.9066666666666645,0.9750375025754882,0.008188726636732618,0.18225785262929906,0.1842289258013458
LC_dv35_Tlc4p0_TTC07_CP1_S5p067_E15p067.mp4,CP1,0.0,13,7.0,7.0,68.05555555555554,35.0,0.003949798796595166,1.6719999999999995,-0.0066666666666659324,0.04758972643611281,0.00018796984420765153,0.03985771808487039,0.00026062626584253095
LC_dv35_Tlc4p0_TTC07_CP2_S5p367_E15p367.mp4,CP2,0.0,13,7.0,6.7,65.13888888888889,35.0,0.004311355623943872,1.4740000000000009,-0.6599999999999955,0.6953633719646117,0.0029979587844042033,0.09868190269000338,0.054556078432405036
LC_dv35_Tlc4p0_TTC07_CP4_S5p967_E15p967.mp4,CP4,0.1923076923076923,13,7.0,6.1,59.30555555555555,35.0,0.005200978767662258,1.0070000000000003,-0.7933333333333348,0.9172590961598588,0.004770645083572498,0.12292409094063925,0.0992587237250822
LC_dv42_Tlc2p0_TTC02_CP1_S5p033_E15p033.mp4,CP1,0.0769230769230769,26,2.0,2.0,23.33333333333333,42.0,0.04026308779730355,1.6399999999999995,-0.0066666666666659324,0.050881752475628664,0.002048656467206904,0.0653768244413672,0.03217517566798402
LC_dv42_Tlc2p0_TTC02_CP2_S5p333_E15p333.mp4,CP2,0.6923076923076923,13,2.0,1.7,19.83333333333333,42.0,0.05569272406159086,1.3510000000000006,-0.9633333333333294,0.9399728184603882,0.052349646803910244,0.6428302784953466,0.6467242622608927
LC_dv42_Tlc2p0_TTC02_CP3_S5p633_E15p633.mp4,CP3,0.6923076923076923,13,2.0,1.4,16.333333333333332,42.0,0.08203093232491712,0.8899999999999995,-1.7033333333333367,0.9999898980864295,0.08203010365552867,0.7789697858645707,0.755805885276239
LC_dv42_Tlc2p0_TTC02_CP4_S5p933_E15p933.mp4,CP4,0.8846153846153846,13,2.0,1.1,12.833333333333334,42.0,0.13260464158158825,0.41300000000000003,-1.589999999999998,0.9999946125945988,0.13260392718662595,0.8726033037060394,0.8487748002630408
LC_dv42_Tlc2p0_TTC02_CP5_S6p233_E16p233.mp4,CP5,0.9230769230769232,13,2.0,0.8,9.333333333333334,42.0,0.2495172385646767,-0.08100000000000063,-1.646666666666669,0.9999998028789917,0.24951718937958706,0.9482352961292156,0.9300949592630486
LC_dv42_Tlc2p0_TTC03_CP1_S5p067_E15p067.mp4,CP1,0.0384615384615384,26,3.0,3.0,35.0,42.0,0.01791086280649624,1.6469999999999991,-0.006666666666671854,0.05014654965977552,0.0008981679711753901,0.05321274041999518,0.007999738097452976
LC_dv42_Tlc2p0_TTC03_CP2_S5p367_E15p367.mp4,CP2,0.5384615384615384,13,3.0,2.7,31.5,42.0,0.022108430407257462,1.2580000000000007,-1.2966666666666615,0.9960765323072226,0.02202168869481657,0.4123414080086662,0.4059129950223043
LC_dv42_Tlc2p0_TTC03_CP3_S5p667_E15p667.mp4,CP3,0.2692307692307692,13,3.0,2.4,28.0,42.0,0.02797435702173049,0.7939999999999994,-1.7133333333333371,0.999994329833734,0.027974198402474993,0.48170235588133253,0.46812792263821035
LC_dv42_Tlc2p0_TTC03_CP4_S5p967_E15p967.mp4,CP4,0.6153846153846154,13,3.0,2.1,24.5,42.0,0.03652532143027283,0.3190000000000006,-1.5833333333333293,0.999996192957921,0.0365251823768372,0.5597585071957633,0.5383452598608144
LC_dv42_Tlc2p0_TTC03_CP5_S6p267_E16p267.mp4,CP5,0.5,13,3.0,1.8,21.0,42.0,0.04968859039445712,-0.17800000000000016,-1.8399999999999987,0.9999999956821343,0.049688590179908454,0.6473973539509074,0.6177725243598463
LC_dv42_Tlc2p0_TTC04_CP1_S5p067_E15p067.mp4,CP1,0.0192307692307692,26,4.0,4.0,46.66666666666666,42.0,0.010078045139928729,1.655,-0.009999999999997419,0.05035573817973997,0.000507487402429852,0.046444859605909536,0.002586426438712424
LC_dv42_Tlc2p0_TTC04_CP2_S5p367_E15p367.mp4,CP2,0.3461538461538461,13,4.0,3.7,43.16666666666666,42.0,0.011777769507306699,1.2580000000000007,-1.3233333333333313,0.9969223714464195,0.011741521907573521,0.2518227727761636,0.255075329243363
LC_dv42_Tlc2p0_TTC04_CP3_S5p667_E15p667.mp4,CP3,0.2692307692307692,13,4.0,3.4,39.66666666666666,42.0,0.013946674271892626,0.7950000000000006,-1.7099999999999997,0.9999940329389858,0.0139465910512363,0.29253145653720414,0.2935807209155753
LC_dv42_Tlc2p0_TTC04_CP4_S5p967_E15p967.mp4,CP4,0.4615384615384615,13,4.0,3.1,36.16666666666666,42.0,0.01677473012013731,0.3209999999999995,-1.5800000000000036,0.9999959709862672,0.016774662534519293,0.3398062278669535,0.3376502289557841
LC_dv42_Tlc2p0_TTC04_CP5_S6p267_E16p267.mp4,CP5,0.3076923076923077,13,4.0,2.8,32.666666666666664,42.0,0.020558742255220946,-0.17600000000000038,-1.8366666666666702,0.9999999953612326,0.020558742159853725,0.3954360833115986,0.38889736821762605
LC_dv42_Tlc2p0_TTC05_CP1_S5p067_E15p067.mp4,CP1,0.0,13,5.0,5.0,58.33333333333333,42.0,0.006450892757984261,1.6629999999999991,-0.01000000000000334,0.04952313850962779,0.0003194684555644094,0.042575404561733206,0.0009356888360709531
LC_dv42_Tlc2p0_TTC05_CP3_S5p667_E15p667.mp4,CP3,0.0769230769230769,13,5.0,4.4,51.333333333333336,42.0,0.00832955047528421,0.8159999999999996,-1.6933333333333365,0.9999917284629487,0.008329481577098832,0.1755292599752235,0.17965219039101765
LC_dv42_Tlc2p0_TTC05_CP5_S6p267_E16p267.mp4,CP5,0.2692307692307692,13,5.0,3.8,44.33333333333333,42.0,0.01116631872532981,-0.15900000000000003,-1.8466666666666676,0.9999999957078798,0.011166318677402627,0.23253043457468198,0.23688786691366304
LC_dv42_Tlc2p0_TTC06_CP1_S5p067_E15p067.mp4,CP1,0.0769230769230769,13,6.0,6.0,70.0,42.0,0.004480142772523328,1.6719999999999995,-0.01000000000000334,0.04859963665557628,0.00021773331090973989,0.04044069851820258,0.0003759623225903933
LC_dv42_Tlc2p0_TTC06_CP2_S5p367_E15p367.mp4,CP2,0.1923076923076923,13,6.0,5.7,66.5,42.0,0.004964050222061616,1.2819999999999998,-1.299999999999999,0.9959087431188799,0.004943741017432381,0.11385060561714729,0.10763707275404935
LC_dv42_Tlc2p0_TTC06_CP4_S5p967_E15p967.mp4,CP4,0.3461538461538461,13,6.0,5.1,59.49999999999999,42.0,0.006200459368040392,0.3369999999999995,-1.603333333333336,0.99999688135427,0.00620044003100426,0.14005641699991112,0.1385920543804947
LC_dv42_Tlc3p0_TTC02_CP1_S5p067_E15p067.mp4,CP1,0.0,24,2.0,2.0,23.33333333333333,42.0,0.04026308779730355,1.6380000000000006,-0.009999999999997419,0.05216203991702254,0.002100204792865531,0.06607992366765515,0.03340928123455028
LC_dv42_Tlc3p0_TTC02_CP2_S5p367_E15p367.mp4,CP2,0.4583333333333333,12,2.0,1.7,19.83333333333333,42.0,0.05569272406159086,1.3759999999999992,-0.8733333333333378,0.8955445213662075,0.04987531391331766,0.6141977182909423,0.6339691698928679
LC_dv42_Tlc3p0_TTC02_CP3_S5p667_E15p667.mp4,CP3,0.7916666666666666,12,2.0,1.4,16.333333333333332,42.0,0.08203093232491712,1.0659999999999996,-1.1466666666666707,0.9917571127771729,0.08135476060097947,0.7728616500404166,0.7539747830332145
LC_dv42_Tlc3p0_TTC02_CP4_S5p967_E15p967.mp4,CP4,0.875,12,2.0,1.1,12.833333333333334,42.0,0.13260464158158825,0.7520000000000004,-1.046666666666664,0.9920699960871321,0.1315530862549818,0.8659818210156445,0.8474571637575272
LC_dv42_Tlc3p0_TTC02_CP5_S6p267_E16p267.mp4,CP5,1.0,12,2.0,0.8,9.333333333333334,42.0,0.2495172385646767,0.42599999999999905,-1.206666666666673,0.9993729089151748,0.2493607685288626,0.9476640788601144,0.9300356911404369
LC_dv42_Tlc3p0_TTC03_CP1_S5p067_E15p067.mp4,CP1,0.0208333333333333,24,3.0,3.0,35.0,42.0,0.01791086280649624,1.6469999999999991,-0.006666666666671854,0.05014654965977552,0.0008981679711753901,0.05321274041999518,0.007999738097452976
LC_dv42_Tlc3p0_TTC03_CP2_S5p367_E15p367.mp4,CP2,0.2083333333333333,12,3.0,2.7,31.5,42.0,0.022108430407257462,1.3789999999999993,-0.8933333333333326,0.9056006902166474,0.020021409836419073,0.3776046558774835,0.38170949888318617
LC_dv42_Tlc3p0_TTC03_CP3_S5p667_E15p667.mp4,CP3,0.4583333333333333,12,3.0,2.4,28.0,42.0,0.02797435702173049,1.0740000000000005,-1.1300000000000014,0.9903424725462506,0.02770419390079214,0.477341732092135,0.46558003364730455
LC_dv42_Tlc3p0_TTC03_CP4_S5p967_E15p967.mp4,CP4,0.7083333333333334,12,3.0,2.1,24.5,42.0,0.03652532143027283,0.7550000000000006,-1.0633333333333332,0.9930453246057694,0.03627129967605535,0.5560756120812208,0.5365146198860306
LC_dv42_Tlc3p0_TTC03_CP5_S6p267_E16p267.mp4,CP5,0.75,12,3.0,1.8,21.0,42.0,0.04968859039445712,0.42899999999999916,-1.206666666666667,0.9993662364803899,0.04965709957852426,0.6470060180388256,0.6176127307798136
LC_dv42_Tlc3p0_TTC04_CP1_S5p067_E15p067.mp4,CP1,0.0,24,4.0,4.0,46.66666666666666,42.0,0.010078045139928729,1.655,-0.009999999999997419,0.05035573817973997,0.000507487402429852,0.046444859605909536,0.002586426438712424
LC_dv42_Tlc3p0_TTC04_CP2_S5p367_E15p367.mp4,CP2,0.0833333333333333,12,4.0,3.7,43.16666666666666,42.0,0.011777769507306699,1.3870000000000002,-0.8933333333333326,0.904234025900599,0.01064985993772125,0.2305250999243603,0.23447840506620807
LC_dv42_Tlc3p0_TTC04_CP3_S5p667_E15p667.mp4,CP3,0.3333333333333333,12,4.0,3.4,39.66666666666666,42.0,0.013946674271892626,1.0770000000000006,-1.1466666666666647,0.9915037202505316,0.013828179425703913,0.2902409368271417,0.2916112660044935
LC_dv42_Tlc3p0_TTC04_CP4_S5p967_E15p967.mp4,CP4,0.4583333333333333,12,4.0,3.1,36.16666666666666,42.0,0.01677473012013731,0.7590000000000001,-1.0600000000000018,0.9927665158343555,0.016653390375430337,0.3375140943350976,0.33587032201634265
LC_dv42_Tlc3p0_TTC04_CP5_S6p267_E16p267.mp4,CP5,0.5,12,4.0,2.8,32.666666666666664,42.0,0.020558742255220946,0.44199999999999906,-1.1766666666666719,0.999093261013474,0.020540100842104198,0.3950981584809845,0.3886636946632261
LC_dv42_Tlc3p0_TTC06_CP1_S5p067_E15p067.mp4,CP1,0.0416666666666666,12,6.0,6.0,70.0,42.0,0.004480142772523328,1.6719999999999995,-0.01000000000000334,0.04859963665557628,0.00021773331090973989,0.04044069851820258,0.0003759623225903933
LC_dv42_Tlc3p0_TTC06_CP3_S5p667_E15p667.mp4,CP3,0.0,12,6.0,5.4,63.0,42.0,0.005530806057694101,1.094,-1.1466666666666647,0.9910986651835865,0.0054815745011699175,0.1252472689493193,0.12107099773902003
LC_dv42_Tlc3p0_TTC06_CP5_S6p267_E16p267.mp4,CP5,0.0416666666666666,12,6.0,4.8,55.99999999999999,42.0,0.00699951171302153,0.4539999999999995,-1.1933333333333351,0.9992045655296867,0.006993944060129631,0.15674832459955185,0.15731079751391971
LC_dv42_Tlc3p0_TTC07_CP1_S5p033_E15p033.mp4,CP1,0.0416666666666666,12,7.0,7.0,81.66666666666666,42.0,0.0032916912524688486,1.682000000000001,-0.0066666666666659324,0.04659669588042276,0.00015338193622353884,0.039199312493770525,0.00015458642080204784
LC_dv42_Tlc3p0_TTC07_CP2_S5p333_E15p333.mp4,CP2,0.0,12,7.0,6.7,78.16666666666667,42.0,0.0035930254181120776,1.4800000000000002,-0.6733333333333362,0.7072795327155393,0.0025412733387573656,0.09076499823689915,0.043194521588714015
LC_dv42_Tlc3p0_TTC07_CP4_S5p933_E15p933.mp4,CP4,0.0833333333333333,12,7.0,6.1,71.16666666666666,42.0,0.0043344823277544535,0.8559999999999997,-1.0533333333333388,0.9900246228184728,0.004291244231648439,0.11208599990864702,0.08724457437453906
LC_dv42_Tlc4p0_TTC02_CP1_S5p067_E15p067.mp4,CP1,0.0625,24,2.0,2.0,23.33333333333333,42.0,0.04026308779730355,1.6380000000000006,-0.009999999999997419,0.05216203991702254,0.002100204792865531,0.06607992366765515,0.03340928123455028
LC_dv42_Tlc4p0_TTC02_CP2_S5p367_E15p367.mp4,CP2,0.4583333333333333,12,2.0,1.7,19.83333333333333,42.0,0.05569272406159086,1.4399999999999993,-0.6600000000000044,0.7072795327155412,0.03939032384993756,0.49286719305170795,0.5699070625541116
LC_dv42_Tlc4p0_TTC02_CP3_S5p667_E15p667.mp4,CP3,0.7916666666666666,12,2.0,1.4,16.333333333333332,42.0,0.08203093232491712,1.2069999999999996,-0.8633333333333345,0.9187886580720395,0.07536909023120889,0.7187242936688772,0.7367043997711914
LC_dv42_Tlc4p0_TTC02_CP4_S5p967_E15p967.mp4,CP4,0.9166666666666666,12,2.0,1.1,12.833333333333334,42.0,0.13260464158158825,0.9679999999999997,-0.7966666666666663,0.9245505525840092,0.1225996946494619,0.8095653589698423,0.8354520965623962
LC_dv42_Tlc4p0_TTC02_CP5_S6p267_E16p267.mp4,CP5,0.9583333333333334,12,2.0,0.8,9.333333333333334,42.0,0.2495172385646767,0.7259999999999998,-0.8966666666666672,0.9763630701885472,0.2436194171099759,0.926697826194578,0.9278066557551792
LC_dv42_Tlc4p0_TTC03_CP1_S5p067_E15p067.mp4,CP1,0.0,24,3.0,3.0,35.0,42.0,0.01791086280649624,1.6469999999999991,-0.006666666666671854,0.05014654965977552,0.0008981679711753901,0.05321274041999518,0.007999738097452976
LC_dv42_Tlc4p0_TTC03_CP2_S5p367_E15p367.mp4,CP2,0.2916666666666667,12,3.0,2.7,31.5,42.0,0.022108430407257462,1.4440000000000006,-0.6766666666666618,0.7230476492194864,0.01598544863390012,0.3075163362842406,0.3264450814660771
LC_dv42_Tlc4p0_TTC03_CP3_S5p667_E15p667.mp4,CP3,0.5,12,3.0,2.4,28.0,42.0,0.02797435702173049,1.2109999999999992,-0.8633333333333345,0.9181794133439133,0.025685478718885685,0.4447390999472256,0.4457610088121596
LC_dv42_Tlc4p0_TTC03_CP4_S5p967_E15p967.mp4,CP4,0.5,12,3.0,2.1,24.5,42.0,0.03652532143027283,0.9770000000000001,-0.779999999999997,0.915707956356022,0.03344652744216195,0.5150986576535912,0.5151886930807129
LC_dv42_Tlc4p0_TTC03_CP5_S6p267_E16p267.mp4,CP5,0.625,12,3.0,1.8,21.0,42.0,0.04968859039445712,0.7380000000000002,-0.8866666666666667,0.9738959678082394,0.048391517831237005,0.6312785449002092,0.611088711217871
LC_dv42_Tlc4p0_TTC04_CP1_S5p067_E15p067.mp4,CP1,0.0,24,4.0,4.0,46.66666666666666,42.0,0.010078045139928729,1.655,-0.009999999999997419,0.05035573817973997,0.000507487402429852,0.046444859605909536,0.002586426438712424
LC_dv42_Tlc4p0_TTC04_CP2_S5p367_E15p367.mp4,CP2,0.2916666666666667,12,4.0,3.7,43.16666666666666,42.0,0.011777769507306699,1.4529999999999992,-0.6733333333333362,0.7165853157839014,0.008439776681623375,0.1874076959444538,0.18930175039539732
LC_dv42_Tlc4p0_TTC04_CP3_S5p667_E15p667.mp4,CP3,0.3333333333333333,12,4.0,3.4,39.66666666666666,42.0,0.013946674271892626,1.2199999999999995,-0.860000000000003,0.9152383851469243,0.012764531638777164,0.26966604640091735,0.27343159621353
LC_dv42_Tlc4p0_TTC04_CP4_S5p967_E15p967.mp4,CP4,0.375,12,4.0,3.1,36.16666666666666,42.0,0.01677473012013731,0.9849999999999992,-0.7833333333333344,0.9160199174909401,0.015365986900580969,0.3131812161551561,0.3163872012954954
LC_dv42_Tlc4p0_TTC04_CP5_S6p267_E16p267.mp4,CP5,0.5416666666666666,12,4.0,2.8,32.666666666666664,42.0,0.020558742255220946,0.7459999999999993,-0.8866666666666667,0.9734024259789904,0.02001192958630885,0.38552361098664834,0.3819707825299655
LC_dv42_Tlc4p0_TTC05_CP1_S5p067_E15p067.mp4,CP1,0.0,12,5.0,5.0,58.33333333333333,42.0,0.006450892757984261,1.6640000000000004,-0.0066666666666659324,0.048396295490209115,0.0003121993120910563,0.042458416406630395,0.0008874279066587232
LC_dv42_Tlc4p0_TTC05_CP2_S5p367_E15p367.mp4,CP2,0.0416666666666666,12,5.0,4.7,54.833333333333336,42.0,0.007300443283621802,1.461,-0.6766666666666676,0.7172689526376754,0.005236381307834162,0.11904931134611751,0.1086081081866838
LC_dv42_Tlc4p0_TTC05_CP4_S5p967_E15p967.mp4,CP4,0.3333333333333333,12,5.0,4.1,47.83333333333333,42.0,0.009592616313643523,0.9979999999999991,-0.766666666666671,0.9057705068876193,0.00868870894078734,0.18542297792288198,0.18731589996092105
LC_dv42_Tlc4p0_TTC07_CP1_S5p067_E15p067.mp4,CP1,0.0,12,7.0,7.0,81.66666666666666,42.0,0.0032916912524688486,1.6809999999999998,-0.0066666666666659324,0.04669524454994847,0.00015370632801695906,0.03920304612463548,0.0001554419547937008
LC_dv42_Tlc4p0_TTC07_CP3_S5p667_E15p667.mp4,CP3,0.0,12,7.0,6.4,74.66666666666667,42.0,0.0039377116366482055,1.2449999999999999,-0.8633333333333345,0.9128610705970306,0.0035945836603330666,0.10251708224892468,0.06962664306495664
LC_dv42_Tlc4p0_TTC07_CP5_S6p267_E16p267.mp4,CP5,0.2083333333333333,12,7.0,5.8,67.66666666666666,42.0,0.004794384526980805,0.7649999999999995,-0.8966666666666672,0.9740790606421571,0.0046701095763987555,0.11921696151300437,0.09675013628566992
