video,cp,p_change,share_in_path,eps_in_path,eps_none,eps_continuous,price,a_star,p,n,ttc_start,ttc_true,distance,dv_kph
LC_dv07_Tlc2p0_TTC02_CP1_S5p033_E15p033.mp4,CP1,0.07000000000000002,0.085,20.651894072614986,60176.87967289707,21.175854851177014,0.0,1.25,0.0,21,2.0,2.0,3.888888888888889,7.0
LC_dv07_Tlc2p0_TTC02_CP2_S5p333_E15p333.mp4,CP2,1.0,1.0,301.71801476056635,311.09463820170805,296.3940850868396,0.0,2.5,0.9545454545454546,11,2.0,1.7,3.305555555555556,7.0
LC_dv07_Tlc2p0_TTC02_CP3_S5p633_E15p633.mp4,CP3,1.0,1.0,291.94212178132955,297.36391190320865,294.82315407316554,0.0,3.0,0.85,10,2.0,1.4,2.722222222222222,7.0
LC_dv07_Tlc2p0_TTC02_CP4_S5p933_E15p933.mp4,CP4,1.0,1.0,290.7298634227986,292.53613998170556,292.212058391716,0.0,6.5,1.0,11,2.0,1.1,2.138888888888889,7.0
LC_dv07_Tlc2p0_TTC02_CP5_S6p233_E16p233.mp4,CP5,1.0,1.0,281.2180560690462,281.2180560690462,281.20826665191873,0.0,7.25,0.85,10,2.0,0.8,1.5555555555555556,7.0
LC_dv07_Tlc2p0_TTC03_CP1_S5p033_E15p033.mp4,CP1,0.07000000000000002,0.085,22.07628926908883,96645.42503739032,22.240382294999282,0.0,1.0,0.0238095238095238,21,3.0,3.0,5.833333333333333,7.0
LC_dv07_Tlc2p0_TTC03_CP2_S5p333_E15p333.mp4,CP2,1.0,1.0,317.7551223757979,319.62338770334577,319.0999785358664,0.0,2.25,0.8181818181818182,11,3.0,2.7,5.25,7.0
LC_dv07_Tlc2p0_TTC03_CP3_S5p633_E15p633.mp4,CP3,1.0,1.0,294.3081871671119,294.8873819078066,294.8559772776232,0.0,2.25,0.75,10,3.0,2.4,4.666666666666666,7.0
LC_dv07_Tlc2p0_TTC03_CP4_S5p933_E15p933.mp4,CP4,1.0,1.0,311.02042746579986,311.33544279285394,311.33544279285394,0.0,4.75,0.9545454545454546,11,3.0,2.1,4.083333333333333,7.0
LC_dv07_Tlc2p0_TTC03_CP5_S6p233_E16p233.mp4,CP5,1.0,1.0,301.8613370988651,301.8613370988651,301.8613370988651,0.0,5.25,0.8,10,3.0,1.8,3.5,7.0
LC_dv07_Tlc2p0_TTC04_CP1_S5p067_E15p067.mp4,CP1,0.07000000000000002,0.085,25.35618336352981,81681.26228478478,25.40502655682711,0.0,1.0,0.0,21,4.0,4.0,7.777777777777778,7.0
LC_dv07_Tlc2p0_TTC04_CP2_S5p367_E15p367.mp4,CP2,1.0,1.0,343.04435163243164,343.3689814792436,343.35241583009014,0.0,2.0,0.8636363636363636,11,4.0,3.7,7.194444444444445,7.0
LC_dv07_Tlc2p0_TTC04_CP3_S5p667_E15p667.mp4,CP3,1.0,1.0,324.68757757985134,324.76042316542885,324.76042316542885,0.0,2.0,0.7,10,4.0,3.4,6.611111111111111,7.0
LC_dv07_Tlc2p0_TTC04_CP4_S5p967_E15p967.mp4,CP4,1.0,1.0,340.1834558993392,340.2041007201257,340.2041007201257,0.0,3.0,0.8181818181818182,11,4.0,3.1,6.027777777777778,7.0
LC_dv07_Tlc2p0_TTC04_CP5_S6p267_E16p267.mp4,CP5,1.0,1.0,333.21589523373,333.21589523373,333.21589523373,0.0,3.75,0.85,10,4.0,2.8,5.444444444444444,7.0
LC_dv07_Tlc2p0_TTC05_CP1_S5p067_E15p067.mp4,CP1,0.07000000000000002,0.085,25.498339775673774,315895.84376337,25.50907247697747,0.0,0.75,0.0,11,5.0,5.0,9.72222222222222,7.0
LC_dv07_Tlc2p0_TTC05_CP2_S5p367_E15p367.mp4,CP2,1.0,1.0,371.9287084439128,371.97313495315234,371.97313495315234,0.0,1.75,0.8181818181818182,11,5.0,4.7,9.13888888888889,7.0
LC_dv07_Tlc2p0_TTC05_CP4_S5p967_E15p967.mp4,CP4,1.0,1.0,322.10812268690046,322.1082289612092,322.1082289612092,0.0,1.75,0.8636363636363636,11,5.0,4.1,7.972222222222221,7.0
LC_dv07_Tlc2p0_TTC07_CP1_S5p067_E15p067.mp4,CP1,0.07000000000000002,0.085,26.861725593814025,189039.85114775115,26.863017570590014,0.0,0.75,0.0,10,7.0,7.0,13.61111111111111,7.0
LC_dv07_Tlc2p0_TTC07_CP3_S5p667_E15p667.mp4,CP3,1.0,1.0,347.2986503011113,347.2986618931039,347.2986618931039,0.0,1.75,0.4,10,7.0,6.4,12.444444444444445,7.0
LC_dv07_Tlc2p0_TTC07_CP5_S6p267_E16p267.mp4,CP5,1.0,1.0,355.51087698977636,355.51087698977636,355.51087698977636,0.0,1.75,0.35,10,7.0,5.8,11.277777777777777,7.0
LC_dv07_Tlc3p0_TTC02_CP1_S5p067_E15p067.mp4,CP1,0.07000000000000002,0.085,21.326383385241485,2508985.748894994,21.784903389631154,0.0,1.25,0.0625,24,2.0,2.0,3.888888888888889,7.0
LC_dv07_Tlc3p0_TTC02_CP2_S5p367_E15p367.mp4,CP2,1.0,1.0,279.5362901206042,291.5412153097526,273.2101880933807,0.0,2.5,0.75,12,2.0,1.7,3.305555555555556,7.0
LC_dv07_Tlc3p0_TTC02_CP3_S5p667_E15p667.mp4,CP3,1.0,1.0,296.09502589960346,307.68119770589,292.6510497173449,0.0,2.75,0.9166666666666666,12,2.0,1.4,2.722222222222222,7.0
LC_dv07_Tlc3p0_TTC02_CP4_S5p967_E15p967.mp4,CP4,1.0,1.0,280.89158001425494,288.578453959476,283.2841611077666,0.0,3.75,0.875,12,2.0,1.1,2.138888888888889,7.0
LC_dv07_Tlc3p0_TTC02_CP5_S6p267_E16p267.mp4,CP5,1.0,1.0,288.7462702264271,293.32496501435804,289.86847112725707,0.0,7.0,0.9583333333333334,12,2.0,0.8,1.5555555555555556,7.0
LC_dv07_Tlc3p0_TTC03_CP1_S5p067_E15p067.mp4,CP1,0.07000000000000002,0.085,28.33221334599746,93782.13719989242,28.527461259868772,0.0,1.0,0.0416666666666666,24,3.0,3.0,5.833333333333333,7.0
LC_dv07_Tlc3p0_TTC03_CP2_S5p367_E15p367.mp4,CP2,1.0,1.0,303.75601209388964,305.9268061817626,304.9098885464208,0.0,2.25,0.75,12,3.0,2.7,5.25,7.0
LC_dv07_Tlc3p0_TTC03_CP3_S5p667_E15p667.mp4,CP3,1.0,1.0,311.41782391390416,313.44887726145146,313.20586855676186,0.0,2.5,0.875,12,3.0,2.4,4.666666666666666,7.0
LC_dv07_Tlc3p0_TTC03_CP4_S5p967_E15p967.mp4,CP4,1.0,1.0,312.3788788292428,313.6887725251455,313.58125555951744,0.0,2.75,0.7916666666666666,12,3.0,2.1,4.083333333333333,7.0
LC_dv07_Tlc3p0_TTC03_CP5_S6p267_E16p267.mp4,CP5,1.0,1.0,323.2358903286226,323.9492178098935,323.93569683431156,0.0,5.0,0.8333333333333334,12,3.0,1.8,3.5,7.0
LC_dv07_Tlc3p0_TTC04_CP1_S5p033_E15p033.mp4,CP1,0.07000000000000002,0.085,24.33984930203271,80110.84179853619,24.37893896565898,0.0,1.0,0.0625,24,4.0,4.0,7.777777777777778,7.0
LC_dv07_Tlc3p0_TTC04_CP2_S5p333_E15p333.mp4,CP2,1.0,1.0,303.70465134980265,303.9266688071285,303.91913974877485,0.0,1.75,0.375,12,4.0,3.7,7.194444444444445,7.0
LC_dv07_Tlc3p0_TTC04_CP3_S5p633_E15p633.mp4,CP3,1.0,1.0,324.85475097955833,325.1062242347737,325.1061667366609,0.0,2.0,0.5833333333333334,12,4.0,3.4,6.611111111111111,7.0
LC_dv07_Tlc3p0_TTC04_CP4_S5p933_E15p933.mp4,CP4,1.0,1.0,290.9940884431004,291.07901251168465,291.07901251168465,0.0,2.0,0.875,12,4.0,3.1,6.027777777777778,7.0
LC_dv07_Tlc3p0_TTC04_CP5_S6p233_E16p233.mp4,CP5,1.0,1.0,311.832394592211,311.94085203684887,311.94085203684887,0.0,2.75,0.75,12,4.0,2.8,5.444444444444444,7.0
LC_dv07_Tlc3p0_TTC05_CP1_S5p067_E15p067.mp4,CP1,0.07000000000000002,0.085,26.98131931968276,89035.69955023716,26.992269126986244,0.0,0.75,0.0416666666666666,12,5.0,5.0,9.72222222222222,7.0
LC_dv07_Tlc3p0_TTC05_CP3_S5p667_E15p667.mp4,CP3,1.0,1.0,346.23929639924023,346.2780669526656,346.2780669526656,0.0,1.75,0.75,12,5.0,4.4,8.555555555555555,7.0
LC_dv07_Tlc3p0_TTC05_CP5_S6p267_E16p267.mp4,CP5,1.0,1.0,332.9187112779733,332.92204443699046,332.92204443699046,0.0,2.0,0.6666666666666666,12,5.0,3.8,7.388888888888888,7.0
LC_dv07_Tlc3p0_TTC06_CP1_S5p067_E15p067.mp4,CP1,0.07000000000000002,0.085,23.17358734452904,3616041.9758629524,23.17574045732602,0.0,0.75,0.0416666666666666,12,6.0,6.0,11.666666666666666,7.0
LC_dv07_Tlc3p0_TTC06_CP2_S5p367_E15p367.mp4,CP2,1.0,1.0,327.5115716318884,327.51512126288907,327.51512126288907,0.0,1.75,0.25,12,6.0,5.7,11.083333333333334,7.0
LC_dv07_Tlc3p0_TTC06_CP4_S5p967_E15p967.mp4,CP4,1.0,1.0,325.97754930096113,325.97755790717605,325.97755790717605,0.0,1.75,0.375,12,6.0,5.1,9.916666666666666,7.0
LC_dv07_Tlc4p0_TTC02_CP1_S5p067_E15p067.mp4,CP1,0.07000000000000002,0.085,21.0816115902099,42754.453931873315,21.62615662796681,0.0,1.25,0.0,25,2.0,2.0,3.888888888888889,7.0
LC_dv07_Tlc4p0_TTC02_CP2_S5p367_E15p367.mp4,CP2,1.0,1.0,275.40005648617307,288.47593316173396,267.15516081489216,0.0,2.5,0.6538461538461539,13,2.0,1.7,3.305555555555556,7.0
LC_dv07_Tlc4p0_TTC02_CP3_S5p667_E15p667.mp4,CP3,1.0,1.0,288.1027891250351,303.11227615307655,279.70231121629774,0.0,2.75,1.0,12,2.0,1.4,2.722222222222222,7.0
LC_dv07_Tlc4p0_TTC02_CP4_S5p967_E15p967.mp4,CP4,1.0,1.0,270.34618878950744,283.48051337646825,267.8677557859355,0.0,3.0,0.8461538461538461,13,2.0,1.1,2.138888888888889,7.0
LC_dv07_Tlc4p0_TTC02_CP5_S6p267_E16p267.mp4,CP5,1.0,1.0,278.2033667923911,291.37633005362954,274.07916282051826,0.0,5.75,1.0,12,2.0,0.8,1.5555555555555556,7.0
LC_dv07_Tlc4p0_TTC03_CP1_S5p067_E15p067.mp4,CP1,0.07000000000000002,0.085,29.086950679756885,38856.49722372182,29.28355656351888,0.0,1.0,0.0,25,3.0,3.0,5.833333333333333,7.0
LC_dv07_Tlc4p0_TTC03_CP2_S5p367_E15p367.mp4,CP2,1.0,1.0,305.0711760627081,307.5681216537006,306.1463292119596,0.0,2.25,0.6538461538461539,13,3.0,2.7,5.25,7.0
LC_dv07_Tlc4p0_TTC03_CP3_S5p667_E15p667.mp4,CP3,1.0,1.0,304.2396636062908,307.00718012311876,306.38954652170304,0.0,2.25,0.9583333333333334,12,3.0,2.4,4.666666666666666,7.0
LC_dv07_Tlc4p0_TTC03_CP4_S5p967_E15p967.mp4,CP4,1.0,1.0,271.01721489725185,272.470033383319,272.26579538091045,0.0,2.25,0.8461538461538461,13,3.0,2.1,4.083333333333333,7.0
LC_dv07_Tlc4p0_TTC03_CP5_S6p267_E16p267.mp4,CP5,1.0,1.0,311.3208293682743,313.565062582293,313.28508946138635,0.0,3.75,0.9583333333333334,12,3.0,1.8,3.5,7.0
LC_dv07_Tlc4p0_TTC04_CP1_S5p033_E15p033.mp4,CP1,0.07000000000000002,0.085,24.123651470139418,41735.06579695256,24.144677373370676,0.0,0.75,0.02,25,4.0,4.0,7.777777777777778,7.0
LC_dv07_Tlc4p0_TTC04_CP2_S5p333_E15p333.mp4,CP2,1.0,1.0,330.67512941436036,331.1157071811284,331.0716361792583,0.0,1.75,0.5769230769230769,13,4.0,3.7,7.194444444444445,7.0
LC_dv07_Tlc4p0_TTC04_CP3_S5p633_E15p633.mp4,CP3,1.0,1.0,340.685095480227,341.02776813653844,341.0235957659333,0.0,2.0,0.7083333333333334,12,4.0,3.4,6.611111111111111,7.0
LC_dv07_Tlc4p0_TTC04_CP4_S5p933_E15p933.mp4,CP4,1.0,1.0,326.1478391421035,326.48452262317113,326.4824729048845,0.0,2.0,0.7307692307692307,13,4.0,3.1,6.027777777777778,7.0
LC_dv07_Tlc4p0_TTC04_CP5_S6p233_E16p233.mp4,CP5,1.0,1.0,310.75368488353706,311.04224054535683,311.04224054535683,0.0,2.25,0.8333333333333334,12,4.0,2.8,5.444444444444444,7.0
LC_dv07_Tlc4p0_TTC06_CP1_S5p067_E15p067.mp4,CP1,0.07000000000000002,0.085,25.445735287054234,190729.42845291362,25.449137976295948,0.0,0.75,0.0416666666666666,12,6.0,6.0,11.666666666666666,7.0
LC_dv07_Tlc4p0_TTC06_CP3_S5p667_E15p667.mp4,CP3,1.0,1.0,346.7714802487034,346.7754124761016,346.7754124761016,0.0,1.75,0.4583333333333333,12,6.0,5.4,10.5,7.0
LC_dv07_Tlc4p0_TTC06_CP5_S6p267_E16p267.mp4,CP5,1.0,1.0,330.34661516572635,330.3477732775507,330.3477732775507,0.0,1.75,0.7083333333333334,12,6.0,4.8,9.333333333333332,7.0
LC_dv07_Tlc4p0_TTC07_CP1_S5p067_E15p067.mp4,CP1,0.07000000000000002,0.085,27.779567470994444,2223332.553717451,27.780869911216172,0.0,0.75,0.0384615384615384,13,7.0,7.0,13.61111111111111,7.0
LC_dv07_Tlc4p0_TTC07_CP2_S5p367_E15p367.mp4,CP2,1.0,1.0,281.3107542091503,281.31290717898145,281.31290717898145,0.0,1.75,0.3076923076923077,13,7.0,6.7,13.02777777777778,7.0
LC_dv07_Tlc4p0_TTC07_CP4_S5p967_E15p967.mp4,CP4,1.0,1.0,334.9519080905235,334.95226316873993,334.95226316873993,0.0,1.75,0.5769230769230769,13,7.0,6.1,11.86111111111111,7.0
LC_dv14_Tlc2p0_TTC02_CP1_S5p067_E15p067.mp4,CP1,0.07000000000000002,0.085,59.55692345980287,54315.729383508544,56.566906488947325,0.0,2.5,0.0769230769230769,26,2.0,2.0,7.777777777777778,14.0
LC_dv14_Tlc2p0_TTC02_CP2_S5p367_E15p367.mp4,CP2,1.0,1.0,667.0631898881412,693.2109005328894,637.7439369622496,0.0,4.25,0.9230769230769232,13,2.0,1.7,6.611111111111111,14.0
LC_dv14_Tlc2p0_TTC02_CP3_S5p667_E15p667.mp4,CP3,1.0,1.0,766.9391694828197,783.2443323741215,753.2066083366906,0.0,7.0,1.0,13,2.0,1.4,5.444444444444444,14.0
LC_dv14_Tlc2p0_TTC02_CP4_S5p967_E15p967.mp4,CP4,1.0,1.0,713.0027792111629,715.7956954764494,707.0613740185273,0.9188117178615722,8.0,0.9230769230769232,13,2.0,1.1,4.277777777777778,14.0
LC_dv14_Tlc2p0_TTC02_CP5_S6p267_E16p267.mp4,CP5,1.0,1.0,726.4032867797471,726.4032867797471,723.7066743057496,3.469753975239323,8.0,1.0,13,2.0,0.8,3.111111111111111,14.0
LC_dv14_Tlc2p0_TTC03_CP1_S5p067_E15p067.mp4,CP1,0.07000000000000002,0.085,53.75691193662724,1356364.891808649,54.22898609702517,0.0,2.0,0.0576923076923076,26,3.0,3.0,11.666666666666666,14.0
LC_dv14_Tlc2p0_TTC03_CP2_S5p367_E15p367.mp4,CP2,1.0,1.0,736.5209515543839,741.0317749525052,740.8473234793396,0.0,3.25,0.9615384615384616,13,3.0,2.7,10.5,14.0
LC_dv14_Tlc2p0_TTC03_CP3_S5p667_E15p667.mp4,CP3,1.0,1.0,824.1010535015654,826.9376418996392,826.878209394261,0.0,5.75,0.8076923076923077,13,3.0,2.4,9.333333333333332,14.0
LC_dv14_Tlc2p0_TTC03_CP4_S5p967_E15p967.mp4,CP4,1.0,1.0,738.2930006671661,738.7396099066026,738.7396099066026,0.02888509589478871,8.0,0.9230769230769232,13,3.0,2.1,8.166666666666666,14.0
LC_dv14_Tlc2p0_TTC03_CP5_S6p267_E16p267.mp4,CP5,1.0,1.0,742.994690853066,742.994690853066,742.994690853066,0.18039753861236624,8.0,0.8846153846153846,13,3.0,1.8,7.0,14.0
LC_dv14_Tlc2p0_TTC04_CP1_S5p067_E15p067.mp4,CP1,0.07000000000000002,0.085,51.39580400840727,9895224.53684778,51.5069366156002,0.0,1.5,0.0192307692307692,26,4.0,4.0,15.555555555555555,14.0
LC_dv14_Tlc2p0_TTC04_CP2_S5p367_E15p367.mp4,CP2,1.0,1.0,776.2441971252177,777.0325908626867,777.0325908626867,0.0,2.75,0.6923076923076923,13,4.0,3.7,14.38888888888889,14.0
LC_dv14_Tlc2p0_TTC04_CP3_S5p667_E15p667.mp4,CP3,1.0,1.0,730.0038083709295,730.5177989135077,730.5177989135077,0.0,3.75,0.4615384615384615,13,4.0,3.4,13.22222222222222,14.0
LC_dv14_Tlc2p0_TTC04_CP4_S5p967_E15p967.mp4,CP4,1.0,1.0,779.7795252656202,779.8682460714256,779.8682460714256,0.0,7.25,0.8076923076923077,13,4.0,3.1,12.055555555555555,14.0
LC_dv14_Tlc2p0_TTC04_CP5_S6p267_E16p267.mp4,CP5,1.0,1.0,817.8564901138144,817.8564901138144,817.8564901138144,2.965203742266498e-05,8.0,0.6538461538461539,13,4.0,2.8,10.888888888888888,14.0
LC_dv14_Tlc2p0_TTC05_CP1_S5p067_E15p067.mp4,CP1,0.07000000000000002,0.085,49.288207141264145,290726.7359107203,49.30617495340791,0.0,1.0,0.0,13,5.0,5.0,19.444444444444443,14.0
LC_dv14_Tlc2p0_TTC05_CP3_S5p667_E15p667.mp4,CP3,1.0,1.0,683.4738040091066,683.4914754530034,683.4914754530034,0.0,2.25,0.3076923076923077,13,5.0,4.4,17.11111111111111,14.0
LC_dv14_Tlc2p0_TTC05_CP5_S6p267_E16p267.mp4,CP5,1.0,1.0,798.4949736310662,798.4949736310662,798.4949736310662,0.0,4.75,0.4615384615384615,13,5.0,3.8,14.777777777777777,14.0
LC_dv14_Tlc2p0_TTC06_CP1_S5p067_E15p067.mp4,CP1,0.07000000000000002,0.085,48.538765464448744,1450786.7157917276,48.5412025387404,0.0,1.0,0.1153846153846153,13,6.0,6.0,23.33333333333333,14.0
LC_dv14_Tlc2p0_TTC06_CP2_S5p367_E15p367.mp4,CP2,1.0,1.0,671.596085123993,671.5990858418062,671.5990858418062,0.0,2.0,0.4230769230769231,13,6.0,5.7,22.166666666666668,14.0
LC_dv14_Tlc2p0_TTC06_CP4_S5p967_E15p967.mp4,CP4,1.0,1.0,680.659259385571,680.659259385571,680.659259385571,0.0,2.0,0.5,13,6.0,5.1,19.83333333333333,14.0
LC_dv14_Tlc3p0_TTC02_CP1_S5p033_E15p033.mp4,CP1,0.07000000000000002,0.085,52.62211847728389,898531.2685985256,52.177068681756026,0.0,2.5,0.0,24,2.0,2.0,7.777777777777778,14.0
LC_dv14_Tlc3p0_TTC02_CP2_S5p333_E15p333.mp4,CP2,1.0,1.0,665.3249261389836,696.1829459141602,607.7165946170107,0.0,3.75,0.6666666666666666,12,2.0,1.7,6.611111111111111,14.0
LC_dv14_Tlc3p0_TTC02_CP3_S5p633_E15p633.mp4,CP3,1.0,1.0,666.3717004702806,695.6317699948062,611.8006881079161,0.0,4.75,1.0,12,2.0,1.4,5.444444444444444,14.0
LC_dv14_Tlc3p0_TTC02_CP4_S5p933_E15p933.mp4,CP4,1.0,1.0,699.2520344442825,724.5209239189766,636.0937780075328,0.0,7.0,0.875,12,2.0,1.1,4.277777777777778,14.0
LC_dv14_Tlc3p0_TTC02_CP5_S6p233_E16p233.mp4,CP5,1.0,1.0,697.6562300260771,714.074809019668,625.0082175437374,0.1622301003486501,8.0,1.0,12,2.0,0.8,3.111111111111111,14.0
LC_dv14_Tlc3p0_TTC03_CP1_S5p067_E15p067.mp4,CP1,0.07000000000000002,0.085,54.300208566631,591022.6161069921,54.77436260192022,0.0,2.0,0.0833333333333333,24,3.0,3.0,11.666666666666666,14.0
LC_dv14_Tlc3p0_TTC03_CP2_S5p367_E15p367.mp4,CP2,1.0,1.0,799.3060172460303,804.8634406237038,804.0278627094826,0.0,3.25,0.7083333333333334,12,3.0,2.7,10.5,14.0
LC_dv14_Tlc3p0_TTC03_CP3_S5p667_E15p667.mp4,CP3,1.0,1.0,821.9902521733711,827.254796841396,826.4421165537194,0.0,4.0,0.8333333333333334,12,3.0,2.4,9.333333333333332,14.0
LC_dv14_Tlc3p0_TTC03_CP4_S5p967_E15p967.mp4,CP4,1.0,1.0,711.6218988196019,714.9753524125863,714.9065011087673,0.0,5.5,0.875,12,3.0,2.1,8.166666666666666,14.0
LC_dv14_Tlc3p0_TTC03_CP5_S6p267_E16p267.mp4,CP5,1.0,1.0,707.3907098531861,709.5764961347772,709.5156715171645,0.02569222001335242,8.0,1.0,12,3.0,1.8,7.0,14.0
LC_dv14_Tlc3p0_TTC04_CP1_S5p067_E15p067.mp4,CP1,0.07000000000000002,0.085,51.0873074363528,8424248.340042891,51.19825692936075,0.0,1.5,0.0,24,4.0,4.0,15.555555555555555,14.0
LC_dv14_Tlc3p0_TTC04_CP2_S5p367_E15p367.mp4,CP2,1.0,1.0,779.05682238036,780.0356214849047,780.0356214849047,0.0,2.5,0.4583333333333333,12,4.0,3.7,14.38888888888889,14.0
LC_dv14_Tlc3p0_TTC04_CP3_S5p667_E15p667.mp4,CP3,1.0,1.0,694.307574889585,695.2810214731375,695.2810214731375,0.0,3.0,0.7083333333333334,12,4.0,3.4,13.22222222222222,14.0
LC_dv14_Tlc3p0_TTC04_CP4_S5p967_E15p967.mp4,CP4,1.0,1.0,737.2675266771433,737.9660435102112,737.9660435102112,0.0,4.0,0.6666666666666666,12,4.0,3.1,12.055555555555555,14.0
LC_dv14_Tlc3p0_TTC04_CP5_S6p267_E16p267.mp4,CP5,1.0,1.0,791.931780161776,792.3105228616083,792.3105228616083,3.6570092270205024e-06,8.0,0.7916666666666666,12,4.0,2.8,10.888888888888888,14.0
LC_dv14_Tlc3p0_TTC06_CP1_S5p067_E15p067.mp4,CP1,0.07000000000000002,0.085,59.46368574924588,155532.42416649035,59.46693102792028,0.0,1.0,0.0416666666666666,12,6.0,6.0,23.33333333333333,14.0
LC_dv14_Tlc3p0_TTC06_CP3_S5p667_E15p667.mp4,CP3,1.0,1.0,698.185547712798,698.1883478057601,698.1883478057601,0.0,2.0,0.2916666666666667,12,6.0,5.4,21.0,14.0
LC_dv14_Tlc3p0_TTC06_CP5_S6p267_E16p267.mp4,CP5,1.0,1.0,724.7158140489526,724.7158657255442,724.7158657255442,0.0,2.0,0.4166666666666667,12,6.0,4.8,18.666666666666664,14.0
LC_dv14_Tlc3p0_TTC07_CP1_S5p067_E15p067.mp4,CP1,0.07000000000000002,0.085,48.31744025458215,7052.835660584962,48.31845168439622,0.0,1.0,0.0416666666666666,12,7.0,7.0,27.22222222222222,14.0
LC_dv14_Tlc3p0_TTC07_CP2_S5p367_E15p367.mp4,CP2,1.0,1.0,505.2274391219293,505.2275663826293,505.2275663826293,0.0,1.75,0.2083333333333333,12,7.0,6.7,26.05555555555556,14.0
LC_dv14_Tlc3p0_TTC07_CP4_S5p967_E15p967.mp4,CP4,1.0,1.0,640.2885823909206,640.2885823909206,640.2885823909206,0.0,2.0,0.4583333333333333,12,7.0,6.1,23.72222222222222,14.0
LC_dv14_Tlc4p0_TTC02_CP1_S5p067_E15p067.mp4,CP1,0.07000000000000002,0.085,57.27897361648888,288684.1008839351,54.82656592673638,0.0,2.5,0.0416666666666666,24,2.0,2.0,7.777777777777778,14.0
LC_dv14_Tlc4p0_TTC02_CP2_S5p367_E15p367.mp4,CP2,1.0,1.0,634.4649288323665,665.3822662178225,578.411595543799,0.0,3.75,0.7916666666666666,12,2.0,1.7,6.611111111111111,14.0
LC_dv14_Tlc4p0_TTC02_CP3_S5p667_E15p667.mp4,CP3,1.0,1.0,699.4794559406998,744.1155738185446,550.1449274535842,0.0,4.5,0.9583333333333334,12,2.0,1.4,5.444444444444444,14.0
LC_dv14_Tlc4p0_TTC02_CP4_S5p967_E15p967.mp4,CP4,1.0,1.0,665.6736958064442,712.2892858634806,483.32566665701654,0.0,6.5,0.9583333333333334,12,2.0,1.1,4.277777777777778,14.0
LC_dv14_Tlc4p0_TTC02_CP5_S6p267_E16p267.mp4,CP5,1.0,1.0,646.3177125722855,698.007183497843,359.1570588279238,0.014653118401019731,8.0,0.9583333333333334,12,2.0,0.8,3.111111111111111,14.0
LC_dv14_Tlc4p0_TTC03_CP1_S5p067_E15p067.mp4,CP1,0.07000000000000002,0.085,57.00072547645365,3699317.230107082,57.477297117136196,0.0,2.0,0.0,24,3.0,3.0,11.666666666666666,14.0
LC_dv14_Tlc4p0_TTC03_CP2_S5p367_E15p367.mp4,CP2,1.0,1.0,760.8203717310556,766.8590721043603,765.6403845595142,0.0,3.25,0.5,12,3.0,2.7,10.5,14.0
LC_dv14_Tlc4p0_TTC03_CP3_S5p667_E15p667.mp4,CP3,1.0,1.0,789.2328405966243,796.2742934110588,794.2325058164548,0.0,3.75,0.7916666666666666,12,3.0,2.4,9.333333333333332,14.0
LC_dv14_Tlc4p0_TTC03_CP4_S5p967_E15p967.mp4,CP4,1.0,1.0,748.3198970724203,754.9393739168785,753.8540047774203,0.0,4.75,0.875,12,3.0,2.1,8.166666666666666,14.0
LC_dv14_Tlc4p0_TTC03_CP5_S6p267_E16p267.mp4,CP5,1.0,1.0,772.2449310550315,778.6004988978528,777.3456060498722,0.0005818800740013274,8.0,0.9166666666666666,12,3.0,1.8,7.0,14.0
LC_dv14_Tlc4p0_TTC04_CP1_S5p067_E15p067.mp4,CP1,0.07000000000000002,0.085,51.151293984121025,193151.23970644164,51.26444483505053,0.0,1.5,0.0416666666666666,24,4.0,4.0,15.555555555555555,14.0
LC_dv14_Tlc4p0_TTC04_CP2_S5p367_E15p367.mp4,CP2,1.0,1.0,776.7531386651619,777.8613311096842,777.8613311096842,0.0,2.5,0.5416666666666666,12,4.0,3.7,14.38888888888889,14.0
LC_dv14_Tlc4p0_TTC04_CP3_S5p667_E15p667.mp4,CP3,1.0,1.0,702.6155116478773,703.938985364324,703.938985364324,0.0,3.0,0.6666666666666666,12,4.0,3.4,13.22222222222222,14.0
LC_dv14_Tlc4p0_TTC04_CP4_S5p967_E15p967.mp4,CP4,1.0,1.0,736.6738047956111,737.9237920718432,737.9237920718432,0.0,3.25,0.6666666666666666,12,4.0,3.1,12.055555555555555,14.0
LC_dv14_Tlc4p0_TTC04_CP5_S6p267_E16p267.mp4,CP5,1.0,1.0,785.8206602141119,787.0542373706708,787.0542373706708,0.0,6.75,0.6666666666666666,12,4.0,2.8,10.888888888888888,14.0
LC_dv14_Tlc4p0_TTC05_CP1_S5p033_E15p033.mp4,CP1,0.07000000000000002,0.085,49.816149485639684,420371.9432525842,49.83083836037372,0.0,1.0,0.0,12,5.0,5.0,19.444444444444443,14.0
LC_dv14_Tlc4p0_TTC05_CP2_S5p333_E15p333.mp4,CP2,1.0,1.0,750.3245693332531,750.4412333617424,750.4412333617424,0.0,2.0,0.2916666666666667,12,5.0,4.7,18.27777777777778,14.0
LC_dv14_Tlc4p0_TTC05_CP4_S5p933_E15p933.mp4,CP4,1.0,1.0,760.3214572832155,760.4551602582777,760.4551602582777,0.0,2.25,0.5833333333333334,12,5.0,4.1,15.944444444444445,14.0
LC_dv14_Tlc4p0_TTC07_CP1_S5p067_E15p067.mp4,CP1,0.07000000000000002,0.085,42.64645015197217,96684.16221036126,42.64742250145741,0.0,1.0,0.0,12,7.0,7.0,27.22222222222222,14.0
LC_dv14_Tlc4p0_TTC07_CP3_S5p667_E15p667.mp4,CP3,1.0,1.0,632.5371869725956,632.537258858443,632.537258858443,0.0,2.0,0.375,12,7.0,6.4,24.88888888888889,14.0
LC_dv14_Tlc4p0_TTC07_CP5_S6p267_E16p267.mp4,CP5,1.0,1.0,751.4508494955166,751.4508494955166,751.4508494955166,0.0,2.0,0.375,12,7.0,5.8,22.55555555555556,14.0
LC_dv21_Tlc2p0_TTC02_CP1_S5p067_E15p067.mp4,CP1,0.07000000000000002,0.085,110.58967564672422,458331.0026949645,90.63533874217121,0.0,3.5,0.0,21,2.0,2.0,11.666666666666666,21.0
LC_dv21_Tlc2p0_TTC02_CP2_S5p367_E15p367.mp4,CP2,1.0,1.0,1152.3792805848755,1190.1884106243826,1007.0498374054976,0.0,6.0,0.9090909090909092,11,2.0,1.7,9.916666666666666,21.0
LC_dv21_Tlc2p0_TTC02_CP3_S5p667_E15p667.mp4,CP3,1.0,1.0,1175.9584808076806,1199.5815087168844,1075.5183897661568,0.017877584608617113,8.0,0.85,10,2.0,1.4,8.166666666666666,21.0
LC_dv21_Tlc2p0_TTC02_CP4_S5p967_E15p967.mp4,CP4,1.0,1.0,1336.8008156280746,1340.9122832208245,1286.6024896383956,4.888673140669466,8.0,0.9090909090909092,11,2.0,1.1,6.416666666666667,21.0
LC_dv21_Tlc2p0_TTC02_CP5_S6p267_E16p267.mp4,CP5,1.0,1.0,845.8454187029358,845.8454187029358,832.6409852127599,16.638593117426236,8.0,0.85,10,2.0,0.8,4.666666666666667,21.0
LC_dv21_Tlc2p0_TTC03_CP1_S5p067_E15p067.mp4,CP1,0.07000000000000002,0.085,93.18959392387677,3656014.1616108515,93.77748768581344,0.0,2.75,0.0,21,3.0,3.0,17.5,21.0
LC_dv21_Tlc2p0_TTC03_CP2_S5p367_E15p367.mp4,CP2,1.0,1.0,1266.8392111613086,1273.2482771260793,1272.9464758895938,0.0,4.75,0.6818181818181818,11,3.0,2.7,15.75,21.0
LC_dv21_Tlc2p0_TTC03_CP3_S5p667_E15p667.mp4,CP3,1.0,1.0,1267.7237981970961,1271.8024793067775,1271.7820771478553,0.0,8.0,0.4,10,3.0,2.4,13.999999999999998,21.0
LC_dv21_Tlc2p0_TTC03_CP4_S5p967_E15p967.mp4,CP4,1.0,1.0,1256.491544277972,1257.30005104378,1257.30005104378,0.3189627242413504,8.0,0.7727272727272727,11,3.0,2.1,12.25,21.0
LC_dv21_Tlc2p0_TTC03_CP5_S6p267_E16p267.mp4,CP5,1.0,1.0,1250.7209168902154,1250.7209168902154,1250.7209168902154,1.1505081155488135,8.0,0.6,10,3.0,1.8,10.5,21.0
LC_dv21_Tlc2p0_TTC04_CP1_S5p067_E15p067.mp4,CP1,0.07000000000000002,0.085,96.47868610047443,1326893.7410366961,96.63647566222285,0.0,2.0,0.0,21,4.0,4.0,23.33333333333333,21.0
LC_dv21_Tlc2p0_TTC04_CP2_S5p367_E15p367.mp4,CP2,1.0,1.0,1196.869551024226,1198.0266291672576,1198.0266291672576,0.0,3.5,0.4090909090909091,11,4.0,3.7,21.58333333333333,21.0
LC_dv21_Tlc2p0_TTC04_CP3_S5p667_E15p667.mp4,CP3,1.0,1.0,1189.220228047582,1189.9909586776807,1189.9909586776807,0.0,5.25,0.1,10,4.0,3.4,19.83333333333333,21.0
LC_dv21_Tlc2p0_TTC04_CP4_S5p967_E15p967.mp4,CP4,1.0,1.0,1174.402816636772,1174.5396227609667,1174.5396227609667,0.011046842832417414,8.0,0.5909090909090909,11,4.0,3.1,18.08333333333333,21.0
LC_dv21_Tlc2p0_TTC04_CP5_S6p267_E16p267.mp4,CP5,1.0,1.0,1148.772368117498,1148.772368117498,1148.772368117498,0.07579209983276423,8.0,0.4,10,4.0,2.8,16.333333333333332,21.0
LC_dv21_Tlc2p0_TTC05_CP1_S5p067_E15p067.mp4,CP1,0.07000000000000002,0.085,82.72433219597845,16945.363801422227,82.75011771367052,0.0,1.5,0.0454545454545454,11,5.0,5.0,29.166666666666664,21.0
LC_dv21_Tlc2p0_TTC05_CP2_S5p367_E15p367.mp4,CP2,1.0,1.0,1203.0074779773352,1203.1231730971888,1203.1231730971888,0.0,2.5,0.4545454545454545,11,5.0,4.7,27.416666666666668,21.0
LC_dv21_Tlc2p0_TTC05_CP4_S5p967_E15p967.mp4,CP4,1.0,1.0,1156.5594951124522,1156.5728611822542,1156.5728611822542,0.0,5.75,0.4545454545454545,11,5.0,4.1,23.916666666666664,21.0
LC_dv21_Tlc2p0_TTC07_CP1_S5p033_E15p033.mp4,CP1,0.07000000000000002,0.085,36.47000452063904,77755.06509686187,36.470861825208424,0.0,1.0,0.0,10,7.0,7.0,40.83333333333333,21.0
LC_dv21_Tlc2p0_TTC07_CP3_S5p633_E15p633.mp4,CP3,1.0,1.0,887.5539679032536,887.5539679032536,887.5539679032536,0.0,2.0,0.0,10,7.0,6.4,37.333333333333336,21.0
LC_dv21_Tlc2p0_TTC07_CP5_S6p233_E16p233.mp4,CP5,1.0,1.0,1082.7831664130904,1082.7831664130904,1082.7831664130904,0.0,2.25,0.05,10,7.0,5.8,33.83333333333333,21.0
LC_dv21_Tlc3p0_TTC02_CP1_S5p067_E15p067.mp4,CP1,0.07000000000000002,0.085,118.58119798018606,116413.62820981989,96.13247576034588,0.0,3.5,0.0208333333333333,24,2.0,2.0,11.666666666666666,21.0
LC_dv21_Tlc3p0_TTC02_CP2_S5p367_E15p367.mp4,CP2,1.0,1.0,1164.7490275089986,1214.3403134958792,889.2650016681804,0.0,5.5,0.5,12,2.0,1.7,9.916666666666666,21.0
LC_dv21_Tlc3p0_TTC02_CP3_S5p667_E15p667.mp4,CP3,1.0,1.0,1046.0679454443145,1090.6609160087448,801.4099066673753,0.0,7.25,0.75,12,2.0,1.4,8.166666666666666,21.0
LC_dv21_Tlc3p0_TTC02_CP4_S5p967_E15p967.mp4,CP4,1.0,1.0,1254.103138896161,1296.4657235974546,828.0342847954593,0.06865955358500321,8.0,0.875,12,2.0,1.1,6.416666666666667,21.0
LC_dv21_Tlc3p0_TTC02_CP5_S6p267_E16p267.mp4,CP5,1.0,1.0,841.0543873161173,866.3858532584873,521.5102431468077,6.639629353554547,8.0,0.9166666666666666,12,2.0,0.8,4.666666666666667,21.0
LC_dv21_Tlc3p0_TTC03_CP1_S5p067_E15p067.mp4,CP1,0.07000000000000002,0.085,97.67009613207158,37553.98678770612,98.18168395251395,0.0,2.75,0.0208333333333333,24,3.0,3.0,17.5,21.0
LC_dv21_Tlc3p0_TTC03_CP2_S5p367_E15p367.mp4,CP2,1.0,1.0,1186.0689121217704,1191.1308049476988,1190.9362471159711,0.0,4.25,0.3333333333333333,12,3.0,2.7,15.75,21.0
LC_dv21_Tlc3p0_TTC03_CP3_S5p667_E15p667.mp4,CP3,1.0,1.0,1219.163581882991,1224.639379555996,1224.5873946634938,0.0,5.25,0.625,12,3.0,2.4,13.999999999999998,21.0
LC_dv21_Tlc3p0_TTC03_CP4_S5p967_E15p967.mp4,CP4,1.0,1.0,1314.9409609855297,1319.2236294256165,1319.202235452171,5.751066619848144e-05,8.0,0.7083333333333334,12,3.0,2.1,12.25,21.0
LC_dv21_Tlc3p0_TTC03_CP5_S6p267_E16p267.mp4,CP5,1.0,1.0,1200.8813932102505,1203.0758179227362,1203.073733578937,0.16188060884273264,8.0,0.7083333333333334,12,3.0,1.8,10.5,21.0
LC_dv21_Tlc3p0_TTC04_CP1_S5p067_E15p067.mp4,CP1,0.07000000000000002,0.085,99.44452603189993,46274.321102739326,99.57783797866743,0.0,2.0,0.0208333333333333,24,4.0,4.0,23.33333333333333,21.0
LC_dv21_Tlc3p0_TTC04_CP2_S5p367_E15p367.mp4,CP2,1.0,1.0,1196.4530751290927,1197.8890576610602,1197.8890576610602,0.0,3.5,0.2916666666666667,12,4.0,3.7,21.58333333333333,21.0
LC_dv21_Tlc3p0_TTC04_CP3_S5p667_E15p667.mp4,CP3,1.0,1.0,1235.1194712615195,1236.5268381896665,1236.5268381896665,0.0,4.25,0.25,12,4.0,3.4,19.83333333333333,21.0
LC_dv21_Tlc3p0_TTC04_CP4_S5p967_E15p967.mp4,CP4,1.0,1.0,1186.7691193997005,1187.8266396743122,1187.8266396743122,0.0,6.5,0.4583333333333333,12,4.0,3.1,18.08333333333333,21.0
LC_dv21_Tlc3p0_TTC04_CP5_S6p267_E16p267.mp4,CP5,1.0,1.0,1194.8269221785633,1195.3652183368529,1195.3652183368529,0.017495473684709474,8.0,0.5833333333333334,12,4.0,2.8,16.333333333333332,21.0
LC_dv21_Tlc3p0_TTC05_CP1_S5p067_E15p067.mp4,CP1,0.07000000000000002,0.085,83.18462825349093,18570.345181260767,83.21044152673113,0.0,1.5,0.0833333333333333,12,5.0,5.0,29.166666666666664,21.0
LC_dv21_Tlc3p0_TTC05_CP3_S5p667_E15p667.mp4,CP3,1.0,1.0,1186.0631453126086,1186.2482334971323,1186.2482334971323,0.0,3.0,0.25,12,5.0,4.4,25.666666666666668,21.0
LC_dv21_Tlc3p0_TTC05_CP5_S6p267_E16p267.mp4,CP5,1.0,1.0,1162.860478717545,1162.9303274472632,1162.9303274472632,0.0,6.25,0.2916666666666667,12,5.0,3.8,22.166666666666664,21.0
LC_dv21_Tlc3p0_TTC06_CP1_S5p067_E15p067.mp4,CP1,0.07000000000000002,0.085,64.92120355435308,3256054.9275002494,64.92457656275965,0.0,1.25,0.0,12,6.0,6.0,35.0,21.0
LC_dv21_Tlc3p0_TTC06_CP2_S5p367_E15p367.mp4,CP2,1.0,1.0,1090.8069647958594,1090.8106147580463,1090.8106147580463,0.0,2.25,0.1666666666666666,12,6.0,5.7,33.25,21.0
LC_dv21_Tlc3p0_TTC06_CP4_S5p967_E15p967.mp4,CP4,1.0,1.0,1160.0789488826524,1160.0800167675682,1160.0800167675682,0.0,2.25,0.0416666666666666,12,6.0,5.1,29.75,21.0
LC_dv21_Tlc4p0_TTC02_CP1_S5p067_E15p067.mp4,CP1,0.07000000000000002,0.085,108.84180385615261,34443.31916441893,89.42563383158272,0.0,3.5,0.02,25,2.0,2.0,11.666666666666666,21.0
LC_dv21_Tlc4p0_TTC02_CP2_S5p367_E15p367.mp4,CP2,1.0,1.0,1137.5487428538231,1186.653759885175,867.4611837538117,0.0,5.0,0.6153846153846154,13,2.0,1.7,9.916666666666666,21.0
LC_dv21_Tlc4p0_TTC02_CP3_S5p667_E15p667.mp4,CP3,1.0,1.0,1109.8658462653414,1179.9362582898705,606.6288683893079,0.0,6.75,0.9166666666666666,12,2.0,1.4,8.166666666666666,21.0
LC_dv21_Tlc4p0_TTC02_CP4_S5p967_E15p967.mp4,CP4,1.0,1.0,1023.7002982145241,1096.7181423933328,446.8093486497561,0.0035670850037143377,8.0,0.8846153846153846,13,2.0,1.1,6.416666666666667,21.0
LC_dv21_Tlc4p0_TTC02_CP5_S6p267_E16p267.mp4,CP5,1.0,1.0,774.8289399053781,873.521844972732,204.16711776099373,0.4268273540594118,8.0,0.9166666666666666,12,2.0,0.8,4.666666666666667,21.0
LC_dv21_Tlc4p0_TTC03_CP1_S5p067_E15p067.mp4,CP1,0.07000000000000002,0.085,97.45159577349787,465122.2402995321,98.11246555982954,0.0,2.75,0.0,25,3.0,3.0,17.5,21.0
LC_dv21_Tlc4p0_TTC03_CP2_S5p367_E15p367.mp4,CP2,1.0,1.0,1256.70341170745,1265.214089564849,1263.8141146657163,0.0,4.25,0.4230769230769231,13,3.0,2.7,15.75,21.0
LC_dv21_Tlc4p0_TTC03_CP3_S5p667_E15p667.mp4,CP3,1.0,1.0,1178.5163397898314,1188.3510711199833,1186.3667461864586,0.0,5.25,0.5833333333333334,12,3.0,2.4,13.999999999999998,21.0
LC_dv21_Tlc4p0_TTC03_CP4_S5p967_E15p967.mp4,CP4,1.0,1.0,1196.4712364872794,1206.1010443052817,1203.5208877940292,0.0,8.0,0.6538461538461539,13,3.0,2.1,12.25,21.0
LC_dv21_Tlc4p0_TTC03_CP5_S6p267_E16p267.mp4,CP5,1.0,1.0,1132.228584921442,1141.4913095241984,1137.6358253456415,0.009720619289710082,8.0,0.8333333333333334,12,3.0,1.8,10.5,21.0
LC_dv21_Tlc4p0_TTC04_CP1_S5p067_E15p067.mp4,CP1,0.07000000000000002,0.085,96.65125763075426,2653930.5594326714,96.80909000083395,0.0,2.0,0.0,25,4.0,4.0,23.33333333333333,21.0
LC_dv21_Tlc4p0_TTC04_CP2_S5p367_E15p367.mp4,CP2,1.0,1.0,1219.9194399352969,1221.5000308704437,1221.5000308704437,0.0,3.25,0.2307692307692307,13,4.0,3.7,21.58333333333333,21.0
LC_dv21_Tlc4p0_TTC04_CP3_S5p667_E15p667.mp4,CP3,1.0,1.0,1187.0214889626625,1188.8828700983274,1188.8828700983274,0.0,4.0,0.3333333333333333,12,4.0,3.4,19.83333333333333,21.0
LC_dv21_Tlc4p0_TTC04_CP4_S5p967_E15p967.mp4,CP4,1.0,1.0,1128.9018091933995,1130.7175879147267,1130.7175879147267,0.0,5.25,0.5,13,4.0,3.1,18.08333333333333,21.0
LC_dv21_Tlc4p0_TTC04_CP5_S6p267_E16p267.mp4,CP5,1.0,1.0,1133.0985365997033,1134.8470888086958,1134.8470888086958,0.000278331279894346,8.0,0.625,12,4.0,2.8,16.333333333333332,21.0
LC_dv21_Tlc4p0_TTC06_CP1_S5p067_E15p067.mp4,CP1,0.07000000000000002,0.085,63.63066663571418,90375.73994632713,63.63402674475819,0.0,1.25,0.0,12,6.0,6.0,35.0,21.0
LC_dv21_Tlc4p0_TTC06_CP3_S5p667_E15p667.mp4,CP3,1.0,1.0,1093.5542837047667,1093.5616167611247,1093.5616167611247,0.0,2.25,0.125,12,6.0,5.4,31.5,21.0
LC_dv21_Tlc4p0_TTC06_CP5_S6p267_E16p267.mp4,CP5,1.0,1.0,1223.6819237375155,1223.690571810435,1223.690571810435,0.0,2.5,0.3333333333333333,12,6.0,4.8,28.0,21.0
LC_dv21_Tlc4p0_TTC07_CP1_S5p033_E15p033.mp4,CP1,0.07000000000000002,0.085,41.00450245103935,14567654.121198261,41.0052286589393,0.0,1.0,0.0384615384615384,13,7.0,7.0,40.83333333333333,21.0
LC_dv21_Tlc4p0_TTC07_CP2_S5p333_E15p333.mp4,CP2,1.0,1.0,669.3344003375738,669.3344973669094,669.3344973669094,0.0,2.0,0.0769230769230769,13,7.0,6.7,39.083333333333336,21.0
LC_dv21_Tlc4p0_TTC07_CP4_S5p933_E15p933.mp4,CP4,1.0,1.0,832.2198523726468,832.2198666034906,832.2198666034906,0.0,2.0,0.2307692307692307,13,7.0,6.1,35.58333333333333,21.0
LC_dv28_Tlc2p0_TTC02_CP1_S5p067_E15p067.mp4,CP1,0.07000000000000002,0.085,163.50467075902503,3351175.704501939,118.78831603925222,0.0,4.75,0.0576923076923076,26,2.0,2.0,15.555555555555555,28.0
LC_dv28_Tlc2p0_TTC02_CP2_S5p367_E15p367.mp4,CP2,1.0,1.0,1550.0560265245294,1596.9741200556537,1215.6638646779716,0.0,8.0,0.7307692307692307,13,2.0,1.7,13.22222222222222,28.0
LC_dv28_Tlc2p0_TTC02_CP3_S5p667_E15p667.mp4,CP3,1.0,1.0,1679.9943249795394,1709.0473543371224,1432.4810448024957,0.490113364416932,8.0,0.9230769230769232,13,2.0,1.4,10.888888888888888,28.0
LC_dv28_Tlc2p0_TTC02_CP4_S5p967_E15p967.mp4,CP4,1.0,1.0,1622.7528997443517,1627.9502952029377,1518.256513039047,13.276440752857043,8.0,0.9615384615384616,13,2.0,1.1,8.555555555555555,28.0
LC_dv28_Tlc2p0_TTC02_CP5_S6p267_E16p267.mp4,CP5,1.0,1.0,1503.3721294925967,1503.3721294925967,1449.3957663658796,45.32817272757137,8.0,0.9615384615384616,13,2.0,0.8,6.222222222222222,28.0
LC_dv28_Tlc2p0_TTC03_CP1_S5p067_E15p067.mp4,CP1,0.07000000000000002,0.085,152.03466071666514,9636204.583346572,152.81519531928606,0.0,3.75,0.0384615384615384,26,3.0,3.0,23.33333333333333,28.0
LC_dv28_Tlc2p0_TTC03_CP2_S5p367_E15p367.mp4,CP2,1.0,1.0,1649.3453255682232,1656.8186074994062,1656.6419064835452,0.0,6.25,0.5384615384615384,13,3.0,2.7,21.0,28.0
LC_dv28_Tlc2p0_TTC03_CP3_S5p667_E15p667.mp4,CP3,1.0,1.0,1781.4603446119575,1786.1975175780822,1786.1903930487854,0.0018811463247173032,8.0,0.5,13,3.0,2.4,18.666666666666664,28.0
LC_dv28_Tlc2p0_TTC03_CP4_S5p967_E15p967.mp4,CP4,1.0,1.0,1590.0951156529413,1590.9558580764847,1590.9558580764847,0.9466697964030321,8.0,0.6923076923076923,13,3.0,2.1,16.333333333333332,28.0
LC_dv28_Tlc2p0_TTC03_CP5_S6p267_E16p267.mp4,CP5,1.0,1.0,1699.7014117734147,1699.7014117734147,1699.7014117734147,2.718199284899986,8.0,0.6538461538461539,13,3.0,1.8,14.0,28.0
LC_dv28_Tlc2p0_TTC04_CP1_S5p067_E15p067.mp4,CP1,0.07000000000000002,0.085,132.59007230599443,138547.86212645078,132.75438793665148,0.0,2.5,0.0769230769230769,26,4.0,4.0,31.11111111111111,28.0
LC_dv28_Tlc2p0_TTC04_CP2_S5p367_E15p367.mp4,CP2,1.0,1.0,1740.5588246276563,1741.9546633761508,1741.9546633761508,0.0,4.25,0.3846153846153846,13,4.0,3.7,28.77777777777778,28.0
LC_dv28_Tlc2p0_TTC04_CP3_S5p667_E15p667.mp4,CP3,1.0,1.0,1819.8030756819196,1820.687905467668,1820.687905467668,0.0,7.75,0.2692307692307692,13,4.0,3.4,26.444444444444443,28.0
LC_dv28_Tlc2p0_TTC04_CP4_S5p967_E15p967.mp4,CP4,1.0,1.0,1705.261686087052,1705.4095465076798,1705.4095465076798,0.06435023778757208,8.0,0.4615384615384615,13,4.0,3.1,24.11111111111111,28.0
LC_dv28_Tlc2p0_TTC04_CP5_S6p267_E16p267.mp4,CP5,1.0,1.0,1761.26798211501,1761.26798211501,1761.26798211501,0.23694924906560152,8.0,0.3846153846153846,13,4.0,2.8,21.77777777777777,28.0
LC_dv28_Tlc2p0_TTC05_CP1_S5p067_E15p067.mp4,CP1,0.07000000000000002,0.085,115.28341912912506,492921.72287838627,115.31490944937681,0.0,1.75,0.0,13,5.0,5.0,38.888888888888886,28.0
LC_dv28_Tlc2p0_TTC05_CP3_S5p667_E15p667.mp4,CP3,1.0,1.0,1763.882895230799,1763.9828831590748,1763.9828831590748,0.0,4.0,0.2692307692307692,13,5.0,4.4,34.22222222222222,28.0
LC_dv28_Tlc2p0_TTC05_CP5_S6p267_E16p267.mp4,CP5,1.0,1.0,1685.5245938720345,1685.5245938720345,1685.5245938720345,0.0024994368103721685,8.0,0.1538461538461538,13,5.0,3.8,29.55555555555556,28.0
LC_dv28_Tlc2p0_TTC06_CP1_S5p033_E15p033.mp4,CP1,0.07000000000000002,0.085,97.77208442440724,335563.7054709276,97.77510308716933,0.0,1.5,0.0769230769230769,13,6.0,6.0,46.66666666666666,28.0
LC_dv28_Tlc2p0_TTC06_CP2_S5p333_E15p333.mp4,CP2,1.0,1.0,1409.075865322678,1409.0780928719971,1409.0780928719971,0.0,2.5,0.2307692307692307,13,6.0,5.7,44.333333333333336,28.0
LC_dv28_Tlc2p0_TTC06_CP4_S5p933_E15p933.mp4,CP4,1.0,1.0,1603.7632125728312,1603.7632181686502,1603.7632181686502,0.0,2.5,0.3846153846153846,13,6.0,5.1,39.66666666666666,28.0
LC_dv28_Tlc3p0_TTC02_CP1_S5p033_E15p033.mp4,CP1,0.07000000000000002,0.085,148.35773157928,425056.5495870256,125.38209572311034,0.0,4.75,0.0416666666666666,24,2.0,2.0,15.555555555555555,28.0
LC_dv28_Tlc3p0_TTC02_CP2_S5p333_E15p333.mp4,CP2,1.0,1.0,1760.998878393872,1822.6481133691811,1137.7134716886883,0.0,6.75,0.5416666666666666,12,2.0,1.7,13.22222222222222,28.0
LC_dv28_Tlc3p0_TTC02_CP3_S5p633_E15p633.mp4,CP3,1.0,1.0,1536.403073484677,1593.6231029942505,1007.1824891024324,0.0007803999312130539,8.0,0.7916666666666666,12,2.0,1.4,10.888888888888888,28.0
LC_dv28_Tlc3p0_TTC02_CP4_S5p933_E15p933.mp4,CP4,1.0,1.0,1910.477025896186,1966.4709134237996,982.8276944885431,0.8730876136190421,8.0,0.9166666666666666,12,2.0,1.1,8.555555555555555,28.0
LC_dv28_Tlc3p0_TTC02_CP5_S6p233_E16p233.mp4,CP5,1.0,1.0,938.370931881324,978.9006332588137,457.08371710047777,16.012837406689123,8.0,1.0,12,2.0,0.8,6.222222222222222,28.0
LC_dv28_Tlc3p0_TTC03_CP1_S5p067_E15p067.mp4,CP1,0.07000000000000002,0.085,154.83257097978984,6055030.803231211,155.61455971285346,0.0,3.75,0.0,24,3.0,3.0,23.33333333333333,28.0
LC_dv28_Tlc3p0_TTC03_CP2_S5p367_E15p367.mp4,CP2,1.0,1.0,1643.0424410747496,1652.1753188834741,1651.6171033652643,0.0,5.75,0.4166666666666667,12,3.0,2.7,21.0,28.0
LC_dv28_Tlc3p0_TTC03_CP3_S5p667_E15p667.mp4,CP3,1.0,1.0,1788.8488874662003,1797.4384625481625,1796.4067107056117,0.0,7.75,0.6666666666666666,12,3.0,2.4,18.666666666666664,28.0
LC_dv28_Tlc3p0_TTC03_CP4_S5p967_E15p967.mp4,CP4,1.0,1.0,1643.2922954147548,1649.9879510718042,1649.3956913576449,0.017150099732399116,8.0,0.8333333333333334,12,3.0,2.1,16.333333333333332,28.0
LC_dv28_Tlc3p0_TTC03_CP5_S6p267_E16p267.mp4,CP5,1.0,1.0,1695.932363152656,1699.3716474016462,1699.0750166989174,1.1629128633318273,8.0,0.8333333333333334,12,3.0,1.8,14.0,28.0
LC_dv28_Tlc3p0_TTC04_CP1_S5p067_E15p067.mp4,CP1,0.07000000000000002,0.085,172.39155949879998,205351.06558092966,172.57622538914103,0.0,2.75,0.0208333333333333,24,4.0,4.0,31.11111111111111,28.0
LC_dv28_Tlc3p0_TTC04_CP2_S5p367_E15p367.mp4,CP2,1.0,1.0,1928.908912191156,1930.6377196605702,1930.6377196605702,0.0,4.25,0.2083333333333333,12,4.0,3.7,28.77777777777778,28.0
LC_dv28_Tlc3p0_TTC04_CP3_S5p667_E15p667.mp4,CP3,1.0,1.0,1848.010880843653,1849.6616932614402,1849.6616932614402,0.0,5.25,0.4166666666666667,12,4.0,3.4,26.444444444444443,28.0
LC_dv28_Tlc3p0_TTC04_CP4_S5p967_E15p967.mp4,CP4,1.0,1.0,1779.4000814950602,1780.6724486885234,1780.6724486885234,1.3486809153275825e-05,8.0,0.4583333333333333,12,4.0,3.1,24.11111111111111,28.0
LC_dv28_Tlc3p0_TTC04_CP5_S6p267_E16p267.mp4,CP5,1.0,1.0,1734.6734091986273,1735.3328920591382,1735.3328920591382,0.059340325627952176,8.0,0.6666666666666666,12,4.0,2.8,21.77777777777777,28.0
LC_dv28_Tlc3p0_TTC06_CP1_S5p033_E15p033.mp4,CP1,0.07000000000000002,0.085,61.93319974632633,11701074.83569566,61.93624000398264,0.0,1.5,0.0,12,6.0,6.0,46.66666666666666,28.0
LC_dv28_Tlc3p0_TTC06_CP3_S5p633_E15p633.mp4,CP3,1.0,1.0,1382.3181010893854,1382.3199047024011,1382.3199047024011,0.0,2.5,0.0833333333333333,12,6.0,5.4,42.0,28.0
LC_dv28_Tlc3p0_TTC06_CP5_S6p233_E16p233.mp4,CP5,1.0,1.0,1711.8206835165013,1711.822704897696,1711.822704897696,0.0,2.75,0.2083333333333333,12,6.0,4.8,37.33333333333333,28.0
LC_dv28_Tlc3p0_TTC07_CP1_S5p067_E15p067.mp4,CP1,0.07000000000000002,0.085,23.242940646090013,1220.0057739099273,23.24364433564608,0.0,1.25,0.0416666666666666,12,7.0,7.0,54.44444444444444,28.0
LC_dv28_Tlc3p0_TTC07_CP2_S5p367_E15p367.mp4,CP2,1.0,1.0,773.4488317751222,773.4488320220308,773.4488320220308,0.0,2.25,0.0,12,7.0,6.7,52.11111111111112,28.0
LC_dv28_Tlc3p0_TTC07_CP4_S5p967_E15p967.mp4,CP4,1.0,1.0,1298.1477994551724,1298.1477994551724,1298.1477994551724,0.0,2.25,0.2083333333333333,12,7.0,6.1,47.44444444444444,28.0
LC_dv28_Tlc4p0_TTC02_CP1_S5p067_E15p067.mp4,CP1,0.07000000000000002,0.085,153.73353360193119,4177865.44484835,112.93684353880182,0.0,4.75,0.0,24,2.0,2.0,15.555555555555555,28.0
LC_dv28_Tlc4p0_TTC02_CP2_S5p367_E15p367.mp4,CP2,1.0,1.0,1487.695519304411,1557.6057946987676,861.8228272722793,0.0,6.75,0.6666666666666666,12,2.0,1.7,13.22222222222222,28.0
LC_dv28_Tlc4p0_TTC02_CP3_S5p667_E15p667.mp4,CP3,1.0,1.0,1372.6370866406971,1454.400416028711,579.1435956529151,0.0010203193884948014,8.0,0.7916666666666666,12,2.0,1.4,10.888888888888888,28.0
LC_dv28_Tlc4p0_TTC02_CP4_S5p967_E15p967.mp4,CP4,1.0,1.0,1897.2640799077005,2007.5972264958561,489.5976380622105,0.19272680268450867,8.0,0.9166666666666666,12,2.0,1.1,8.555555555555555,28.0
LC_dv28_Tlc4p0_TTC02_CP5_S6p267_E16p267.mp4,CP5,1.0,1.0,1102.8381602712882,1241.6632122441472,150.2847869810131,7.715824606329233,8.0,0.9166666666666666,12,2.0,0.8,6.222222222222222,28.0
LC_dv28_Tlc4p0_TTC03_CP1_S5p033_E15p033.mp4,CP1,0.07000000000000002,0.085,100.84906989129722,255432.61228448874,101.54983994436432,0.0,3.5,0.0,24,3.0,3.0,23.33333333333333,28.0
LC_dv28_Tlc4p0_TTC03_CP2_S5p333_E15p333.mp4,CP2,1.0,1.0,1687.2022406840058,1696.360190001599,1694.7083786165574,0.0,5.0,0.375,12,3.0,2.7,21.0,28.0
LC_dv28_Tlc4p0_TTC03_CP3_S5p633_E15p633.mp4,CP3,1.0,1.0,1547.9913438091094,1558.818387372743,1557.3170086775992,0.0,6.5,0.5,12,3.0,2.4,18.666666666666664,28.0
LC_dv28_Tlc4p0_TTC03_CP4_S5p933_E15p933.mp4,CP4,1.0,1.0,1624.7678194373225,1635.2645167491942,1633.010528873453,3.946874465239558e-05,8.0,0.6666666666666666,12,3.0,2.1,16.333333333333332,28.0
LC_dv28_Tlc4p0_TTC03_CP5_S6p233_E16p233.mp4,CP5,1.0,1.0,1631.274686608283,1642.4823080869962,1632.787443635314,0.03368615329221034,8.0,0.7916666666666666,12,3.0,1.8,14.0,28.0
LC_dv28_Tlc4p0_TTC04_CP1_S5p067_E15p067.mp4,CP1,0.07000000000000002,0.085,126.38443452859319,101259.17229233115,126.57080899643941,0.0,2.75,0.0,24,4.0,4.0,31.11111111111111,28.0
LC_dv28_Tlc4p0_TTC04_CP2_S5p367_E15p367.mp4,CP2,1.0,1.0,1824.0681371682267,1826.0264384404586,1826.0264384404586,0.0,4.25,0.2916666666666667,12,4.0,3.7,28.77777777777778,28.0
LC_dv28_Tlc4p0_TTC04_CP3_S5p667_E15p667.mp4,CP3,1.0,1.0,1861.488202161863,1863.7384325921312,1863.7384325921312,0.0,5.0,0.4583333333333333,12,4.0,3.4,26.444444444444443,28.0
LC_dv28_Tlc4p0_TTC04_CP4_S5p967_E15p967.mp4,CP4,1.0,1.0,1736.118022867834,1738.3264056557352,1738.3264056557352,0.0,7.5,0.4583333333333333,12,4.0,3.1,24.11111111111111,28.0
LC_dv28_Tlc4p0_TTC04_CP5_S6p267_E16p267.mp4,CP5,1.0,1.0,1696.7634088601396,1698.8530218520473,1698.8530218520473,0.0017856923446573992,8.0,0.625,12,4.0,2.8,21.77777777777777,28.0
LC_dv28_Tlc4p0_TTC05_CP1_S5p067_E15p067.mp4,CP1,0.07000000000000002,0.085,114.41754282606453,177062.512589767,114.44899053813745,0.0,1.75,0.0,12,5.0,5.0,38.888888888888886,28.0
LC_dv28_Tlc4p0_TTC05_CP2_S5p367_E15p367.mp4,CP2,1.0,1.0,1720.1635105209346,1720.3901728893427,1720.3901728893427,0.0,3.0,0.25,12,5.0,4.7,36.55555555555556,28.0
LC_dv28_Tlc4p0_TTC05_CP4_S5p967_E15p967.mp4,CP4,1.0,1.0,1496.5516988557265,1496.8219030477758,1496.8219030477758,0.0,4.0,0.375,12,5.0,4.1,31.88888888888889,28.0
LC_dv28_Tlc4p0_TTC07_CP1_S5p067_E15p067.mp4,CP1,0.07000000000000002,0.085,23.975179851474834,1364.0714624486095,23.97588941393743,0.0,1.25,0.0416666666666666,12,7.0,7.0,54.44444444444444,28.0
LC_dv28_Tlc4p0_TTC07_CP3_S5p667_E15p667.mp4,CP3,1.0,1.0,937.8854792376362,937.8854792376362,937.8854792376362,0.0,2.25,0.0833333333333333,12,7.0,6.4,49.77777777777778,28.0
LC_dv28_Tlc4p0_TTC07_CP5_S6p267_E16p267.mp4,CP5,1.0,1.0,1430.6913745674697,1430.6913745674697,1430.6913745674697,0.0,2.5,0.25,12,7.0,5.8,45.11111111111111,28.0
LC_dv35_Tlc2p0_TTC02_CP1_S5p033_E15p033.mp4,CP1,0.07000000000000002,0.085,184.36638429571468,252450.63570347102,138.51329893270156,0.0,6.0,0.0,21,2.0,2.0,19.444444444444443,35.0
LC_dv35_Tlc2p0_TTC02_CP2_S5p333_E15p333.mp4,CP2,1.0,1.0,2396.986116726249,2453.8958949443586,1689.1161446437418,0.0010755402712440843,8.0,0.6363636363636364,11,2.0,1.7,16.527777777777775,35.0
LC_dv35_Tlc2p0_TTC02_CP3_S5p633_E15p633.mp4,CP3,1.0,1.0,1695.2763403966333,1734.513904879849,1304.4291956712018,1.0327190196069647,8.0,0.8,10,2.0,1.4,13.611111111111107,35.0
LC_dv35_Tlc2p0_TTC02_CP4_S5p933_E15p933.mp4,CP4,1.0,1.0,3338.1083664418775,3351.922070418491,2918.1481251697946,18.06418889979767,8.0,0.8636363636363636,11,2.0,1.1,10.694444444444445,35.0
LC_dv35_Tlc2p0_TTC02_CP5_S6p233_E16p233.mp4,CP5,1.0,1.0,1306.4884090317605,1306.4884090317605,1217.5297538174686,77.18400534361275,8.0,0.9,10,2.0,0.8,7.777777777777778,35.0
LC_dv35_Tlc2p0_TTC03_CP1_S5p067_E15p067.mp4,CP1,0.07000000000000002,0.085,129.75742354760047,2341450.6156204008,130.556661531474,0.0,4.5,0.0238095238095238,21,3.0,3.0,29.166666666666664,35.0
LC_dv35_Tlc2p0_TTC03_CP2_S5p367_E15p367.mp4,CP2,1.0,1.0,2083.4029621687764,2091.63221405177,2091.5169658427085,0.0,7.5,0.6363636363636364,11,3.0,2.7,26.25,35.0
LC_dv35_Tlc2p0_TTC03_CP3_S5p667_E15p667.mp4,CP3,1.0,1.0,2299.614081676824,2304.681143787222,2304.678905416232,0.05808297543831536,8.0,0.3,10,3.0,2.4,23.33333333333333,35.0
LC_dv35_Tlc2p0_TTC03_CP4_S5p967_E15p967.mp4,CP4,1.0,1.0,2024.466479708511,2025.3118450407537,2025.3118450407537,1.6910568041102148,8.0,0.6363636363636364,11,3.0,2.1,20.416666666666664,35.0
LC_dv35_Tlc2p0_TTC03_CP5_S6p267_E16p267.mp4,CP5,1.0,1.0,2557.4988814361227,2557.4988814361227,2557.4988814361227,4.92170661669645,8.0,0.75,10,3.0,1.8,17.5,35.0
LC_dv35_Tlc2p0_TTC04_CP1_S5p067_E15p067.mp4,CP1,0.07000000000000002,0.085,186.42670403048118,2053531.0570959786,186.59910101050855,0.0,3.25,0.0,21,4.0,4.0,38.888888888888886,35.0
LC_dv35_Tlc2p0_TTC04_CP2_S5p367_E15p367.mp4,CP2,1.0,1.0,2363.803538927395,2365.0826215341344,2365.0826215341344,0.0,5.0,0.2272727272727272,11,4.0,3.7,35.97222222222222,35.0
LC_dv35_Tlc2p0_TTC04_CP3_S5p667_E15p667.mp4,CP3,1.0,1.0,2018.0767740238189,2018.898787316541,2018.898787316541,5.017193060943281e-06,8.0,0.2,10,4.0,3.4,33.05555555555555,35.0
LC_dv35_Tlc2p0_TTC04_CP4_S5p967_E15p967.mp4,CP4,1.0,1.0,2310.4556286054485,2310.606702712204,2310.606702712204,0.09724202915143164,8.0,0.5454545454545454,11,4.0,3.1,30.13888888888889,35.0
LC_dv35_Tlc2p0_TTC04_CP5_S6p267_E16p267.mp4,CP5,1.0,1.0,2150.939072865309,2150.939072865309,2150.939072865309,0.3466075668840817,8.0,0.2,10,4.0,2.8,27.22222222222221,35.0
LC_dv35_Tlc2p0_TTC05_CP1_S5p033_E15p033.mp4,CP1,0.07000000000000002,0.085,214.38344574311895,461271.6429262155,214.41363155931901,0.0,2.0,0.0454545454545454,11,5.0,5.0,48.61111111111111,35.0
LC_dv35_Tlc2p0_TTC05_CP2_S5p333_E15p333.mp4,CP2,1.0,1.0,2242.7979729414815,2242.977919902127,2242.977919902127,0.0,3.25,0.3181818181818182,11,5.0,4.7,45.69444444444444,35.0
LC_dv35_Tlc2p0_TTC05_CP4_S5p933_E15p933.mp4,CP4,1.0,1.0,2551.3544204620157,2551.401742343891,2551.401742343891,6.91901531595751e-05,8.0,0.4545454545454545,11,5.0,4.1,39.86111111111111,35.0
LC_dv35_Tlc2p0_TTC07_CP1_S5p067_E15p067.mp4,CP1,0.07000000000000002,0.085,19.552852058094043,550643.159927536,19.553433138752016,0.0,1.5,0.0,10,7.0,7.0,68.05555555555554,35.0
LC_dv35_Tlc2p0_TTC07_CP3_S5p667_E15p667.mp4,CP3,1.0,1.0,1349.9976328250486,1349.9976328250486,1349.9976328250486,0.0,2.5,0.0,10,7.0,6.4,62.22222222222222,35.0
LC_dv35_Tlc2p0_TTC07_CP5_S6p267_E16p267.mp4,CP5,1.0,1.0,1802.9650435981914,1802.9650435981914,1802.9650435981914,0.0,2.5,0.0,10,7.0,5.8,56.388888888888886,35.0
LC_dv35_Tlc3p0_TTC02_CP1_S5p067_E15p067.mp4,CP1,0.07000000000000002,0.085,157.10636886843363,4754107.478353839,111.81565898572418,0.0,6.0,0.0,24,2.0,2.0,19.444444444444443,35.0
LC_dv35_Tlc3p0_TTC02_CP2_S5p367_E15p367.mp4,CP2,1.0,1.0,1815.8286030135346,1887.399150251823,1031.4057096654715,0.0007076308401881703,8.0,0.7083333333333334,12,2.0,1.7,16.527777777777775,35.0
LC_dv35_Tlc3p0_TTC02_CP3_S5p667_E15p667.mp4,CP3,1.0,1.0,2754.234412914224,2826.8560391987617,1232.8724229682355,0.4556157582164315,8.0,0.7083333333333334,12,2.0,1.4,13.611111111111107,35.0
LC_dv35_Tlc3p0_TTC02_CP4_S5p967_E15p967.mp4,CP4,1.0,1.0,1180.979463517998,1246.4449138040236,529.0678247512658,8.345489821202532,8.0,0.9166666666666666,12,2.0,1.1,10.694444444444445,35.0
LC_dv35_Tlc3p0_TTC02_CP5_S6p267_E16p267.mp4,CP5,1.0,1.0,2659.1144886694424,2699.3507106245183,903.8788769751379,77.12547681768145,8.0,0.8333333333333334,12,2.0,0.8,7.777777777777778,35.0
LC_dv35_Tlc3p0_TTC03_CP1_S5p033_E15p033.mp4,CP1,0.07000000000000002,0.085,114.32891770781438,337870.8163777466,115.09781948976023,0.0,4.5,0.0,24,3.0,3.0,29.166666666666664,35.0
LC_dv35_Tlc3p0_TTC03_CP2_S5p333_E15p333.mp4,CP2,1.0,1.0,2245.0396251488482,2255.0305812123397,2253.655970343984,0.0,6.5,0.1666666666666666,12,3.0,2.7,26.25,35.0
LC_dv35_Tlc3p0_TTC03_CP3_S5p633_E15p633.mp4,CP3,1.0,1.0,2136.7297669562763,2146.2513424979315,2145.455621082867,9.597299046237628e-05,8.0,0.375,12,3.0,2.4,23.33333333333333,35.0
LC_dv35_Tlc3p0_TTC03_CP4_S5p933_E15p933.mp4,CP4,1.0,1.0,2346.973013593031,2354.874659683036,2354.251801720165,0.10322167105994273,8.0,0.5416666666666666,12,3.0,2.1,20.416666666666664,35.0
LC_dv35_Tlc3p0_TTC03_CP5_S6p233_E16p233.mp4,CP5,1.0,1.0,2033.3675164782082,2038.0031160755818,2037.2973084007408,1.465018945551876,8.0,0.6666666666666666,12,3.0,1.8,17.5,35.0
LC_dv35_Tlc3p0_TTC04_CP1_S5p067_E15p067.mp4,CP1,0.07000000000000002,0.085,159.45208932981905,1029685.2518477537,159.65717327920083,0.0,3.25,0.0208333333333333,24,4.0,4.0,38.888888888888886,35.0
LC_dv35_Tlc3p0_TTC04_CP2_S5p367_E15p367.mp4,CP2,1.0,1.0,2153.6173059105386,2155.5587829340407,2155.5587829340407,0.0,5.25,0.2083333333333333,12,4.0,3.7,35.97222222222222,35.0
LC_dv35_Tlc3p0_TTC04_CP3_S5p667_E15p667.mp4,CP3,1.0,1.0,2176.738520238661,2178.5788594420605,2178.5788594420605,0.0,6.75,0.3333333333333333,12,4.0,3.4,33.05555555555555,35.0
LC_dv35_Tlc3p0_TTC04_CP4_S5p967_E15p967.mp4,CP4,1.0,1.0,2061.0155872260134,2062.4874587966,2062.4874587966,0.0013585679236894754,8.0,0.3333333333333333,12,4.0,3.1,30.13888888888889,35.0
LC_dv35_Tlc3p0_TTC04_CP5_S6p267_E16p267.mp4,CP5,1.0,1.0,2318.322715827947,2319.0667641871055,2319.0667641871055,0.17819230880555484,8.0,0.4166666666666667,12,4.0,2.8,27.22222222222221,35.0
LC_dv35_Tlc3p0_TTC05_CP1_S5p067_E15p067.mp4,CP1,0.07000000000000002,0.085,180.26939664470083,644744.0550709036,180.30470574120903,0.0,2.0,0.0416666666666666,12,5.0,5.0,48.61111111111111,35.0
LC_dv35_Tlc3p0_TTC05_CP3_S5p667_E15p667.mp4,CP3,1.0,1.0,2060.8807453218587,2061.1312637798533,2061.1312637798533,0.0,4.25,0.2083333333333333,12,5.0,4.4,42.77777777777778,35.0
LC_dv35_Tlc3p0_TTC05_CP5_S6p267_E16p267.mp4,CP5,1.0,1.0,2119.3190547910494,2119.440099374897,2119.440099374897,0.003350624099659769,8.0,0.2916666666666667,12,5.0,3.8,36.94444444444444,35.0
LC_dv35_Tlc3p0_TTC06_CP1_S5p067_E15p067.mp4,CP1,0.07000000000000002,0.085,114.34260445937258,875739.9857688601,114.34639462110714,0.0,1.75,0.0416666666666666,12,6.0,6.0,58.33333333333333,35.0
LC_dv35_Tlc3p0_TTC06_CP2_S5p367_E15p367.mp4,CP2,1.0,1.0,1853.5491006973361,1853.5528848286722,1853.5528848286722,0.0,2.75,0.0,12,6.0,5.7,55.41666666666666,35.0
LC_dv35_Tlc3p0_TTC06_CP4_S5p967_E15p967.mp4,CP4,1.0,1.0,2460.459807301509,2460.4629161718944,2460.4629161718944,0.0,3.0,0.0833333333333333,12,6.0,5.1,49.58333333333333,35.0
LC_dv35_Tlc4p0_TTC02_CP1_S5p067_E15p067.mp4,CP1,0.07000000000000002,0.085,174.1643555061528,266736.62805014616,122.08964637614531,0.0,6.0,0.02,25,2.0,2.0,19.444444444444443,35.0
LC_dv35_Tlc4p0_TTC02_CP2_S5p367_E15p367.mp4,CP2,1.0,1.0,1920.8942032561329,2004.2028195364699,922.6325506607341,0.00020851397910874201,8.0,0.4615384615384615,13,2.0,1.7,16.527777777777775,35.0
LC_dv35_Tlc4p0_TTC02_CP3_S5p667_E15p667.mp4,CP3,1.0,1.0,2687.0872638756255,2795.058029249696,739.3049503337623,0.09735417910460661,8.0,0.8333333333333334,12,2.0,1.4,13.611111111111107,35.0
LC_dv35_Tlc4p0_TTC02_CP4_S5p967_E15p967.mp4,CP4,1.0,1.0,1054.9720832413698,1194.444038060299,203.46954504231672,3.1351925779399945,8.0,0.8076923076923077,13,2.0,1.1,10.694444444444445,35.0
LC_dv35_Tlc4p0_TTC02_CP5_S6p267_E16p267.mp4,CP5,1.0,1.0,2731.119949266995,2918.5339517980383,235.23198402321995,43.89498063234197,8.0,0.9583333333333334,12,2.0,0.8,7.777777777777778,35.0
LC_dv35_Tlc4p0_TTC03_CP1_S5p067_E15p067.mp4,CP1,0.07000000000000002,0.085,187.5672581680495,4144582.9363581855,188.42986314535847,0.0,4.5,0.0,25,3.0,3.0,29.166666666666664,35.0
LC_dv35_Tlc4p0_TTC03_CP2_S5p367_E15p367.mp4,CP2,1.0,1.0,1996.8278937609903,2008.0602740524364,2006.9189688515457,0.0,6.5,0.3846153846153846,13,3.0,2.7,26.25,35.0
LC_dv35_Tlc4p0_TTC03_CP3_S5p667_E15p667.mp4,CP3,1.0,1.0,2300.0264562393804,2312.50623069996,2308.063565158291,0.00016055005246485844,8.0,0.5,12,3.0,2.4,23.33333333333333,35.0
LC_dv35_Tlc4p0_TTC03_CP4_S5p967_E15p967.mp4,CP4,1.0,1.0,2058.191012507866,2070.48769302147,2063.0190427814996,0.01609493868777887,8.0,0.6538461538461539,13,3.0,2.1,20.416666666666664,35.0
LC_dv35_Tlc4p0_TTC03_CP5_S6p267_E16p267.mp4,CP5,1.0,1.0,2375.224532081667,2387.77350907849,2365.1207415816048,0.7360366195657134,8.0,0.7916666666666666,12,3.0,1.8,17.5,35.0
LC_dv35_Tlc4p0_TTC04_CP1_S5p067_E15p067.mp4,CP1,0.07000000000000002,0.085,186.7410451811352,4790765.930329432,186.9134686995986,0.0,3.25,0.0,25,4.0,4.0,38.888888888888886,35.0
LC_dv35_Tlc4p0_TTC04_CP2_S5p367_E15p367.mp4,CP2,1.0,1.0,2303.1949163642075,2304.926306140076,2304.926306140076,0.0,4.75,0.1538461538461538,13,4.0,3.7,35.97222222222222,35.0
LC_dv35_Tlc4p0_TTC04_CP3_S5p667_E15p667.mp4,CP3,1.0,1.0,2039.3122226512023,2041.3181458785734,2041.3181458785734,0.0,5.75,0.0833333333333333,12,4.0,3.4,33.05555555555555,35.0
LC_dv35_Tlc4p0_TTC04_CP4_S5p967_E15p967.mp4,CP4,1.0,1.0,2068.532647892869,2070.541596766215,2070.541596766215,3.24684961304933e-05,8.0,0.4230769230769231,13,4.0,3.1,30.13888888888889,35.0
LC_dv35_Tlc4p0_TTC04_CP5_S6p267_E16p267.mp4,CP5,1.0,1.0,2066.3280845367776,2068.236950673903,2068.236950673903,0.006605043955299141,8.0,0.5,12,4.0,2.8,27.22222222222221,35.0
LC_dv35_Tlc4p0_TTC06_CP1_S5p067_E15p067.mp4,CP1,0.07000000000000002,0.085,113.37903231327576,200433.8292493737,113.3828173657327,0.0,1.75,0.0416666666666666,12,6.0,6.0,58.33333333333333,35.0
LC_dv35_Tlc4p0_TTC06_CP3_S5p667_E15p667.mp4,CP3,1.0,1.0,2141.502335859524,2141.513187815459,2141.513187815459,0.0,2.75,0.0416666666666666,12,6.0,5.4,52.5,35.0
LC_dv35_Tlc4p0_TTC06_CP5_S6p267_E16p267.mp4,CP5,1.0,1.0,2343.7717891792413,2343.794591403238,2343.794591403238,0.0,3.5,0.2083333333333333,12,6.0,4.8,46.66666666666666,35.0
LC_dv35_Tlc4p0_TTC07_CP1_S5p067_E15p067.mp4,CP1,0.07000000000000002,0.085,11.281760287146152,1771.3253720455723,11.282226640030853,0.0,1.5,0.0,13,7.0,7.0,68.05555555555554,35.0
LC_dv35_Tlc4p0_TTC07_CP2_S5p367_E15p367.mp4,CP2,1.0,1.0,620.1707931344104,620.1707931344104,620.1707931344104,0.0,2.5,0.0,13,7.0,6.7,65.13888888888889,35.0
LC_dv35_Tlc4p0_TTC07_CP4_S5p967_E15p967.mp4,CP4,1.0,1.0,1415.1091658315322,1415.1091658315322,1415.1091658315322,0.0,2.5,0.1923076923076923,13,7.0,6.1,59.30555555555555,35.0
LC_dv42_Tlc2p0_TTC02_CP1_S5p033_E15p033.mp4,CP1,0.07000000000000002,0.085,159.67890787852426,5528752.447800829,137.54688022014687,0.0,7.0,0.0769230769230769,26,2.0,2.0,23.33333333333333,42.0
LC_dv42_Tlc2p0_TTC02_CP2_S5p333_E15p333.mp4,CP2,1.0,1.0,2512.88858966508,2563.726736844774,1849.740330371845,0.03759581144482021,8.0,0.6923076923076923,13,2.0,1.7,19.83333333333333,42.0
LC_dv42_Tlc2p0_TTC02_CP3_S5p633_E15p633.mp4,CP3,1.0,1.0,2679.063517449425,2712.5969694528408,2319.896072700611,2.812179072263298,8.0,0.6923076923076923,13,2.0,1.4,16.333333333333332,42.0
LC_dv42_Tlc2p0_TTC02_CP4_S5p933_E15p933.mp4,CP4,1.0,1.0,2277.744890754432,2289.370810380637,2070.811379592311,25.559734261534988,8.0,0.8846153846153846,13,2.0,1.1,12.833333333333334,42.0
LC_dv42_Tlc2p0_TTC02_CP5_S6p233_E16p233.mp4,CP5,1.0,1.0,2654.192116028985,2654.192116028985,2555.0917348251373,102.26822315218438,8.0,0.9230769230769232,13,2.0,0.8,9.333333333333334,42.0
LC_dv42_Tlc2p0_TTC03_CP1_S5p067_E15p067.mp4,CP1,0.07000000000000002,0.085,225.14720910509874,3391343.8801763565,226.0724311029202,0.0,5.5,0.0384615384615384,26,3.0,3.0,35.0,42.0
LC_dv42_Tlc2p0_TTC03_CP2_S5p367_E15p367.mp4,CP2,1.0,1.0,2660.3261454014914,2669.1600994719324,2669.059223882673,0.0002164075684145028,8.0,0.5384615384615384,13,3.0,2.7,31.5,42.0
LC_dv42_Tlc2p0_TTC03_CP3_S5p667_E15p667.mp4,CP3,1.0,1.0,2656.2743407852304,2661.715566525586,2661.71453060591,0.2726039220598457,8.0,0.2692307692307692,13,3.0,2.4,28.0,42.0
LC_dv42_Tlc2p0_TTC03_CP4_S5p967_E15p967.mp4,CP4,1.0,1.0,2355.7849157885366,2356.8106149677346,2356.8106149677346,3.209399164940535,8.0,0.6153846153846154,13,3.0,2.1,24.5,42.0
LC_dv42_Tlc2p0_TTC03_CP5_S6p267_E16p267.mp4,CP5,1.0,1.0,3264.4633154619355,3264.4633154619355,3264.4633154619355,7.9622544182285555,8.0,0.5,13,3.0,1.8,21.0,42.0
LC_dv42_Tlc2p0_TTC04_CP1_S5p067_E15p067.mp4,CP1,0.07000000000000002,0.085,219.73734166147523,670472.8758313134,219.9589504892595,0.0,4.0,0.0192307692307692,26,4.0,4.0,46.66666666666666,42.0
LC_dv42_Tlc2p0_TTC04_CP2_S5p367_E15p367.mp4,CP2,1.0,1.0,2718.3426565990976,2720.0175582710644,2720.0175582710644,0.0,6.5,0.3461538461538461,13,4.0,3.7,43.16666666666666,42.0
LC_dv42_Tlc2p0_TTC04_CP3_S5p667_E15p667.mp4,CP3,1.0,1.0,2679.8829306695166,2680.937799147452,2680.937799147452,0.001419384470870908,8.0,0.2692307692307692,13,4.0,3.4,39.66666666666666,42.0
LC_dv42_Tlc2p0_TTC04_CP4_S5p967_E15p967.mp4,CP4,1.0,1.0,2742.1102112375047,2742.2971080907155,2742.2971080907155,0.27117059336118954,8.0,0.4615384615384615,13,4.0,3.1,36.16666666666666,42.0
LC_dv42_Tlc2p0_TTC04_CP5_S6p267_E16p267.mp4,CP5,1.0,1.0,2660.971478650967,2660.971478650967,2660.971478650967,0.7777206046306789,8.0,0.3076923076923077,13,4.0,2.8,32.666666666666664,42.0
LC_dv42_Tlc2p0_TTC05_CP1_S5p067_E15p067.mp4,CP1,0.07000000000000002,0.085,210.43360192886735,269452.24627186276,210.4789420787581,0.0,2.5,0.0,13,5.0,5.0,58.33333333333333,42.0
LC_dv42_Tlc2p0_TTC05_CP3_S5p667_E15p667.mp4,CP3,1.0,1.0,2539.7197825228654,2539.884404814706,2539.884404814706,0.0,5.75,0.0769230769230769,13,5.0,4.4,51.333333333333336,42.0
LC_dv42_Tlc2p0_TTC05_CP5_S6p267_E16p267.mp4,CP5,1.0,1.0,2605.681981702168,2605.681981702168,2605.681981702168,0.04827423379593439,8.0,0.2692307692307692,13,5.0,3.8,44.33333333333333,42.0
LC_dv42_Tlc2p0_TTC06_CP1_S5p067_E15p067.mp4,CP1,0.07000000000000002,0.085,217.60139706542674,248393.3137499864,217.60548820496092,0.0,1.75,0.0769230769230769,13,6.0,6.0,70.0,42.0
LC_dv42_Tlc2p0_TTC06_CP2_S5p367_E15p367.mp4,CP2,1.0,1.0,2219.907695754722,2219.9088546062844,2219.9088546062844,0.0,2.75,0.1923076923076923,13,6.0,5.7,66.5,42.0
LC_dv42_Tlc2p0_TTC06_CP4_S5p967_E15p967.mp4,CP4,1.0,1.0,2652.015720914433,2652.0157280276044,2652.0157280276044,0.0,3.25,0.3461538461538461,13,6.0,5.1,59.49999999999999,42.0
LC_dv42_Tlc3p0_TTC02_CP1_S5p067_E15p067.mp4,CP1,0.07000000000000002,0.085,218.7543809785246,114559.42818114736,142.45119179848373,0.0,7.25,0.0,24,2.0,2.0,23.33333333333333,42.0
LC_dv42_Tlc3p0_TTC02_CP2_S5p367_E15p367.mp4,CP2,1.0,1.0,1896.9801942877525,1976.8897194006659,900.2921376154773,0.07551092401143925,8.0,0.4583333333333333,12,2.0,1.7,19.83333333333333,42.0
LC_dv42_Tlc3p0_TTC02_CP3_S5p667_E15p667.mp4,CP3,1.0,1.0,3991.1932921045077,4072.015278052317,1613.1425171391395,2.959643766638713,8.0,0.7916666666666666,12,2.0,1.4,16.333333333333332,42.0
LC_dv42_Tlc3p0_TTC02_CP4_S5p967_E15p967.mp4,CP4,1.0,1.0,1307.0793914379915,1381.1087798524554,454.92213496785587,26.439008172702213,8.0,0.875,12,2.0,1.1,12.833333333333334,42.0
LC_dv42_Tlc3p0_TTC02_CP5_S6p267_E16p267.mp4,CP5,1.0,1.0,5415.108299159733,5461.341073632259,1536.7020909962419,,,1.0,12,2.0,0.8,9.333333333333334,42.0
LC_dv42_Tlc3p0_TTC03_CP1_S5p067_E15p067.mp4,CP1,0.07000000000000002,0.085,212.5935903159022,543569.441139753,213.51464795190637,0.0,5.5,0.0208333333333333,24,3.0,3.0,35.0,42.0
LC_dv42_Tlc3p0_TTC03_CP2_S5p367_E15p367.mp4,CP2,1.0,1.0,2730.3633066314114,2741.249989058886,2740.0957045056575,1.551663733693198e-05,8.0,0.2083333333333333,12,3.0,2.7,31.5,42.0
LC_dv42_Tlc3p0_TTC03_CP3_S5p667_E15p667.mp4,CP3,1.0,1.0,2743.0905985000845,2753.290652002158,2752.014517998789,0.03294488391333307,8.0,0.4583333333333333,12,3.0,2.4,28.0,42.0
LC_dv42_Tlc3p0_TTC03_CP4_S5p967_E15p967.mp4,CP4,1.0,1.0,2407.1080277578903,2415.1651192465715,2413.8967216659657,0.7853018950610586,8.0,0.7083333333333334,12,3.0,2.1,24.5,42.0
LC_dv42_Tlc3p0_TTC03_CP5_S6p267_E16p267.mp4,CP5,1.0,1.0,3338.8368536850953,3342.9788492762973,3341.480510243468,5.302650412971567,8.0,0.75,12,3.0,1.8,21.0,42.0
LC_dv42_Tlc3p0_TTC04_CP1_S5p067_E15p067.mp4,CP1,0.07000000000000002,0.085,210.09579916092218,1194544.7054009154,210.3167405550318,0.0,4.0,0.0,24,4.0,4.0,46.66666666666666,42.0
LC_dv42_Tlc3p0_TTC04_CP2_S5p367_E15p367.mp4,CP2,1.0,1.0,2564.9340748827126,2567.014818577985,2567.014818577985,0.0,6.0,0.0833333333333333,12,4.0,3.7,43.16666666666666,42.0
LC_dv42_Tlc3p0_TTC04_CP3_S5p667_E15p667.mp4,CP3,1.0,1.0,2828.1854444087962,2830.1487607623594,2830.1487607623594,0.0,8.0,0.3333333333333333,12,4.0,3.4,39.66666666666666,42.0
LC_dv42_Tlc3p0_TTC04_CP4_S5p967_E15p967.mp4,CP4,1.0,1.0,2676.536631212908,2678.0731772966965,2678.0731772966965,0.012324622934126367,8.0,0.4583333333333333,12,4.0,3.1,36.16666666666666,42.0
LC_dv42_Tlc3p0_TTC04_CP5_S6p267_E16p267.mp4,CP5,1.0,1.0,2767.0911260271464,2767.895699029708,2767.895699029708,0.3804231560304946,8.0,0.5,12,4.0,2.8,32.666666666666664,42.0
LC_dv42_Tlc3p0_TTC06_CP1_S5p067_E15p067.mp4,CP1,0.07000000000000002,0.085,204.86851127610046,57078.19128112227,204.8725796169303,0.0,1.75,0.0416666666666666,12,6.0,6.0,70.0,42.0
LC_dv42_Tlc3p0_TTC06_CP3_S5p667_E15p667.mp4,CP3,1.0,1.0,2479.9265494479823,2479.9312216297685,2479.9312216297685,0.0,3.0,0.0,12,6.0,5.4,63.0,42.0
LC_dv42_Tlc3p0_TTC06_CP5_S6p267_E16p267.mp4,CP5,1.0,1.0,3015.455471813444,3015.4599554145916,3015.4599554145916,0.0,4.75,0.0416666666666666,12,6.0,4.8,55.99999999999999,42.0
LC_dv42_Tlc3p0_TTC07_CP1_S5p033_E15p033.mp4,CP1,0.07000000000000002,0.085,9.317292862227939,4417.929958964493,9.31774825725158,0.0,1.5,0.0416666666666666,12,7.0,7.0,81.66666666666666,42.0
LC_dv42_Tlc3p0_TTC07_CP2_S5p333_E15p333.mp4,CP2,1.0,1.0,813.9965191901015,813.9965191901015,813.9965191901015,0.0,2.5,0.0,12,7.0,6.7,78.16666666666667,42.0
LC_dv42_Tlc3p0_TTC07_CP4_S5p933_E15p933.mp4,CP4,1.0,1.0,1792.994251969861,1792.994251969861,1792.994251969861,0.0,2.75,0.0833333333333333,12,7.0,6.1,71.16666666666666,42.0
LC_dv42_Tlc4p0_TTC02_CP1_S5p067_E15p067.mp4,CP1,0.07000000000000002,0.085,199.74908521612568,57935.37297580263,124.38887446250489,0.0,7.25,0.0625,24,2.0,2.0,23.33333333333333,42.0
LC_dv42_Tlc4p0_TTC02_CP2_S5p367_E15p367.mp4,CP2,1.0,1.0,1962.1238414617217,2058.214444563542,743.0321207598639,0.03124330084159286,8.0,0.4583333333333333,12,2.0,1.7,19.83333333333333,42.0
LC_dv42_Tlc4p0_TTC02_CP3_S5p667_E15p667.mp4,CP3,1.0,1.0,4050.5177572117877,4179.604564588897,916.1251355413242,1.365412994506165,8.0,0.7916666666666666,12,2.0,1.4,16.333333333333332,42.0
LC_dv42_Tlc4p0_TTC02_CP4_S5p967_E15p967.mp4,CP4,1.0,1.0,1147.140354634138,1303.0943765723086,174.94349592392203,13.19433592293207,8.0,0.9166666666666666,12,2.0,1.1,12.833333333333334,42.0
LC_dv42_Tlc4p0_TTC02_CP5_S6p267_E16p267.mp4,CP5,1.0,1.0,5558.651258873913,5793.084088691214,357.6958026609887,,,0.9583333333333334,12,2.0,0.8,9.333333333333334,42.0
LC_dv42_Tlc4p0_TTC03_CP1_S5p067_E15p067.mp4,CP1,0.07000000000000002,0.085,225.5250848252146,7708862.472649146,226.4504279038661,0.0,5.5,0.0,24,3.0,3.0,35.0,42.0
LC_dv42_Tlc4p0_TTC03_CP2_S5p367_E15p367.mp4,CP2,1.0,1.0,2662.9149980346433,2674.9394268564083,2672.6573286582516,0.0,7.75,0.2916666666666667,12,3.0,2.7,31.5,42.0
LC_dv42_Tlc4p0_TTC03_CP3_S5p667_E15p667.mp4,CP3,1.0,1.0,2807.4840344295762,2820.94768270437,2815.6316692591745,0.005650719708864409,8.0,0.5,12,3.0,2.4,28.0,42.0
LC_dv42_Tlc4p0_TTC03_CP4_S5p967_E15p967.mp4,CP4,1.0,1.0,2487.89646927708,2501.946302251445,2487.6639232000243,0.23050948236545185,8.0,0.5,12,3.0,2.1,24.5,42.0
LC_dv42_Tlc4p0_TTC03_CP5_S6p267_E16p267.mp4,CP5,1.0,1.0,3385.648459254529,3399.2506503228115,3360.1159738459764,2.2399763085512006,8.0,0.625,12,3.0,1.8,21.0,42.0
LC_dv42_Tlc4p0_TTC04_CP1_S5p067_E15p067.mp4,CP1,0.07000000000000002,0.085,203.25151870521202,296472.20350453415,203.47195094247743,0.0,4.0,0.0,24,4.0,4.0,46.66666666666666,42.0
LC_dv42_Tlc4p0_TTC04_CP2_S5p367_E15p367.mp4,CP2,1.0,1.0,2713.2607596256894,2715.5542560620306,2715.5542560620306,0.0,5.75,0.2916666666666667,12,4.0,3.7,43.16666666666666,42.0
LC_dv42_Tlc4p0_TTC04_CP3_S5p667_E15p667.mp4,CP3,1.0,1.0,2703.3864200415583,2705.965914668337,2705.965914668337,0.0,7.5,0.3333333333333333,12,4.0,3.4,39.66666666666666,42.0
LC_dv42_Tlc4p0_TTC04_CP4_S5p967_E15p967.mp4,CP4,1.0,1.0,2565.572488875782,2568.2143997670682,2568.2143997670682,0.0009724014572713191,8.0,0.375,12,4.0,3.1,36.16666666666666,42.0
LC_dv42_Tlc4p0_TTC04_CP5_S6p267_E16p267.mp4,CP5,1.0,1.0,2678.258363322483,2680.587187395517,2680.587187395517,0.05454850627894109,8.0,0.5416666666666666,12,4.0,2.8,32.666666666666664,42.0
LC_dv42_Tlc4p0_TTC05_CP1_S5p067_E15p067.mp4,CP1,0.07000000000000002,0.085,147.86451594958962,2168514.9289402775,147.90362595598256,0.0,2.5,0.0,12,5.0,5.0,58.33333333333333,42.0
LC_dv42_Tlc4p0_TTC05_CP2_S5p367_E15p367.mp4,CP2,1.0,1.0,2468.180814558962,2468.477171300836,2468.477171300836,0.0,4.0,0.0416666666666666,12,5.0,4.7,54.833333333333336,42.0
LC_dv42_Tlc4p0_TTC05_CP4_S5p967_E15p967.mp4,CP4,1.0,1.0,2543.272551841359,2543.7028688090295,2543.7028688090295,0.0,6.25,0.3333333333333333,12,5.0,4.1,47.83333333333333,42.0
LC_dv42_Tlc4p0_TTC07_CP1_S5p067_E15p067.mp4,CP1,0.07000000000000002,0.085,12.219124290729253,1243.0046235643945,12.219663853110625,0.0,1.5,0.0,12,7.0,7.0,81.66666666666666,42.0
LC_dv42_Tlc4p0_TTC07_CP3_S5p667_E15p667.mp4,CP3,1.0,1.0,1312.5456670453802,1312.5456670453802,1312.5456670453802,0.0,2.75,0.0,12,7.0,6.4,74.66666666666667,42.0
LC_dv42_Tlc4p0_TTC07_CP5_S6p267_E16p267.mp4,CP5,1.0,1.0,2455.5042859994237,2455.5042859994237,2455.5042859994237,0.0,2.75,0.2083333333333333,12,7.0,5.8,67.66666666666666,42.0
