video,cp,n_pre,sum,rate,max,first,t_max,p,n,ttc_start,ttc_true,distance,dv_kph
LC_dv07_Tlc2p0_TTC02_CP1_S5p033_E15p033.mp4,CP1,30,20.651894072614986,0.6883964690871662,5.977487723038486,0.0,2.2,0.0,21,2.0,2.0,3.888888888888889,7.0
LC_dv07_Tlc2p0_TTC02_CP2_S5p333_E15p333.mp4,CP2,12,301.71801476056635,25.143167896713862,59.62177128539381,0.0,2.0,0.9545454545454546,11,2.0,1.7,3.305555555555556,7.0
LC_dv07_Tlc2p0_TTC02_CP3_S5p633_E15p633.mp4,CP3,11,291.94212178132955,26.540192889211777,61.91863654165443,0.0,1.8,0.85,10,2.0,1.4,2.722222222222222,7.0
LC_dv07_Tlc2p0_TTC02_CP4_S5p933_E15p933.mp4,CP4,9,290.7298634227986,32.30331815808873,77.57745240594753,0.6159960348102149,1.6,1.0,11,2.0,1.1,2.138888888888889,7.0
LC_dv07_Tlc2p0_TTC02_CP5_S6p233_E16p233.mp4,CP5,8,281.2180560690462,35.15225700863078,85.39664357033838,3.954217674928431,1.4000000000000001,0.85,10,2.0,0.8,1.5555555555555556,7.0
LC_dv07_Tlc2p0_TTC03_CP1_S5p033_E15p033.mp4,CP1,30,22.07628926908883,0.7358763089696276,5.88259053314305,0.0,3.0,0.0238095238095238,21,3.0,3.0,5.833333333333333,7.0
LC_dv07_Tlc2p0_TTC03_CP2_S5p333_E15p333.mp4,CP2,17,317.7551223757979,18.691477786811642,47.77026094919056,0.0,2.4000000000000004,0.8181818181818182,11,3.0,2.7,5.25,7.0
LC_dv07_Tlc2p0_TTC03_CP3_S5p633_E15p633.mp4,CP3,17,294.3081871671119,17.31224630394776,46.333851113418696,0.0,2.6,0.75,10,3.0,2.4,4.666666666666666,7.0
LC_dv07_Tlc2p0_TTC03_CP4_S5p933_E15p933.mp4,CP4,14,311.02042746579986,22.215744818985705,53.33662724225853,0.10877187478143878,2.2,0.9545454545454546,11,3.0,2.1,4.083333333333333,7.0
LC_dv07_Tlc2p0_TTC03_CP5_S6p233_E16p233.mp4,CP5,12,301.8613370988651,25.155111424905424,56.660363797889744,0.6998567159878226,2.0,0.8,10,3.0,1.8,3.5,7.0
LC_dv07_Tlc2p0_TTC04_CP1_S5p067_E15p067.mp4,CP1,30,25.35618336352981,0.8452061121176603,4.835442746521984,0.0,3.6,0.0,21,4.0,4.0,7.777777777777778,7.0
LC_dv07_Tlc2p0_TTC04_CP2_S5p367_E15p367.mp4,CP2,21,343.04435163243164,16.33544531583008,38.93014967794798,0.0,3.0,0.8636363636363636,11,4.0,3.7,7.194444444444445,7.0
LC_dv07_Tlc2p0_TTC04_CP3_S5p667_E15p667.mp4,CP3,20,324.68757757985134,16.234378878992565,42.94745399742549,0.0,3.2,0.7,10,4.0,3.4,6.611111111111111,7.0
LC_dv07_Tlc2p0_TTC04_CP4_S5p967_E15p967.mp4,CP4,18,340.1834558993392,18.899080883296623,45.30682490290484,0.04184082132041275,2.8000000000000003,0.8181818181818182,11,4.0,3.1,6.027777777777778,7.0
LC_dv07_Tlc2p0_TTC04_CP5_S6p267_E16p267.mp4,CP5,16,333.21589523373,20.825993452108126,53.01025468736432,0.15850208951163705,2.6,0.85,10,4.0,2.8,5.444444444444444,7.0
LC_dv07_Tlc2p0_TTC05_CP1_S5p067_E15p067.mp4,CP1,30,25.498339775673774,0.8499446591891258,5.745419109725377,0.0,4.0,0.0,11,5.0,5.0,9.72222222222222,7.0
LC_dv07_Tlc2p0_TTC05_CP2_S5p367_E15p367.mp4,CP2,25,371.9287084439128,14.877148337756513,43.22681926673826,0.0,3.6,0.8181818181818182,11,5.0,4.7,9.13888888888889,7.0
LC_dv07_Tlc2p0_TTC05_CP4_S5p967_E15p967.mp4,CP4,22,322.10812268690046,14.64127830395002,43.38408690600812,0.00027539250538768603,3.4000000000000004,0.8636363636363636,11,5.0,4.1,7.972222222222221,7.0
LC_dv07_Tlc2p0_TTC07_CP1_S5p067_E15p067.mp4,CP1,30,26.861725593814025,0.8953908531271342,6.965036023811141,0.0,4.800000000000001,0.0,10,7.0,7.0,13.61111111111111,7.0
LC_dv07_Tlc2p0_TTC07_CP3_S5p667_E15p667.mp4,CP3,30,347.2986503011113,11.576621676703711,42.380319603858126,0.0,4.6000000000000005,0.4,10,7.0,6.4,12.444444444444445,7.0
LC_dv07_Tlc2p0_TTC07_CP5_S6p267_E16p267.mp4,CP5,29,355.51087698977636,12.258995758268151,44.46584923051647,0.0,4.4,0.35,10,7.0,5.8,11.277777777777777,7.0
LC_dv07_Tlc3p0_TTC02_CP1_S5p067_E15p067.mp4,CP1,30,21.326383385241485,0.7108794461747162,6.250743756814412,0.0,2.4000000000000004,0.0625,24,2.0,2.0,3.888888888888889,7.0
LC_dv07_Tlc3p0_TTC02_CP2_S5p367_E15p367.mp4,CP2,12,279.5362901206042,23.29469084338368,60.01555959468227,0.0,2.0,0.75,12,2.0,1.7,3.305555555555556,7.0
LC_dv07_Tlc3p0_TTC02_CP3_S5p667_E15p667.mp4,CP3,10,296.09502589960346,29.609502589960346,68.09534772506518,0.0,1.8,0.9166666666666666,12,2.0,1.4,2.722222222222222,7.0
LC_dv07_Tlc3p0_TTC02_CP4_S5p967_E15p967.mp4,CP4,9,280.89158001425494,31.210175557139436,73.7916949465193,0.0,1.6,0.875,12,2.0,1.1,2.138888888888889,7.0
LC_dv07_Tlc3p0_TTC02_CP5_S6p267_E16p267.mp4,CP5,7,288.7462702264271,41.24946717520387,83.70548847733004,0.6037659565675675,1.4000000000000001,0.9583333333333334,12,2.0,0.8,1.5555555555555556,7.0
LC_dv07_Tlc3p0_TTC03_CP1_S5p067_E15p067.mp4,CP1,30,28.33221334599746,0.9444071115332486,7.750270420703487,0.0,2.8000000000000003,0.0416666666666666,24,3.0,3.0,5.833333333333333,7.0
LC_dv07_Tlc3p0_TTC03_CP2_S5p367_E15p367.mp4,CP2,16,303.75601209388964,18.984750755868102,44.16517069744938,0.0,2.6,0.75,12,3.0,2.7,5.25,7.0
LC_dv07_Tlc3p0_TTC03_CP3_S5p667_E15p667.mp4,CP3,15,311.41782391390416,20.761188260926943,55.15330993205066,0.0,2.4000000000000004,0.875,12,3.0,2.4,4.666666666666666,7.0
LC_dv07_Tlc3p0_TTC03_CP4_S5p967_E15p967.mp4,CP4,14,312.3788788292428,22.312777059231628,54.320672950712094,0.0,2.2,0.7916666666666666,12,3.0,2.1,4.083333333333333,7.0
LC_dv07_Tlc3p0_TTC03_CP5_S6p267_E16p267.mp4,CP5,12,323.2358903286226,26.93632419405188,62.084499377715574,0.14964999238225957,2.2,0.8333333333333334,12,3.0,1.8,3.5,7.0
LC_dv07_Tlc3p0_TTC04_CP1_S5p033_E15p033.mp4,CP1,30,24.33984930203271,0.8113283100677571,6.542647288774877,0.0,3.4000000000000004,0.0625,24,4.0,4.0,7.777777777777778,7.0
LC_dv07_Tlc3p0_TTC04_CP2_S5p333_E15p333.mp4,CP2,23,303.70465134980265,13.204550058687072,42.058430491240514,0.0,3.0,0.375,12,4.0,3.7,7.194444444444445,7.0
LC_dv07_Tlc3p0_TTC04_CP3_S5p633_E15p633.mp4,CP3,20,324.85475097955833,16.242737548977917,45.34174584206396,0.0,3.0,0.5833333333333334,12,4.0,3.4,6.611111111111111,7.0
LC_dv07_Tlc3p0_TTC04_CP4_S5p933_E15p933.mp4,CP4,20,290.9940884431004,14.54970442215502,34.847557440341276,0.0,2.6,0.875,12,4.0,3.1,6.027777777777778,7.0
LC_dv07_Tlc3p0_TTC04_CP5_S6p233_E16p233.mp4,CP5,17,311.832394592211,18.34308203483594,48.3889858634461,0.005197382752877133,2.8000000000000003,0.75,12,4.0,2.8,5.444444444444444,7.0
LC_dv07_Tlc3p0_TTC05_CP1_S5p067_E15p067.mp4,CP1,30,26.98131931968276,0.899377310656092,6.117482749823063,0.0,4.0,0.0416666666666666,12,5.0,5.0,9.72222222222222,7.0
LC_dv07_Tlc3p0_TTC05_CP3_S5p667_E15p667.mp4,CP3,24,346.23929639924023,14.426637349968344,44.29199749775169,0.0,3.4000000000000004,0.75,12,5.0,4.4,8.555555555555555,7.0
LC_dv07_Tlc3p0_TTC05_CP5_S6p267_E16p267.mp4,CP5,21,332.9187112779733,15.853271965617775,42.26337958710176,0.0009760554309407321,3.2,0.6666666666666666,12,5.0,3.8,7.388888888888888,7.0
LC_dv07_Tlc3p0_TTC06_CP1_S5p067_E15p067.mp4,CP1,30,23.17358734452904,0.7724529114843013,4.740427235241363,0.0,5.0,0.0416666666666666,12,6.0,6.0,11.666666666666666,7.0
LC_dv07_Tlc3p0_TTC06_CP2_S5p367_E15p367.mp4,CP2,30,327.5115716318884,10.917052387729614,37.774715621338125,0.0,4.6000000000000005,0.25,12,6.0,5.7,11.083333333333334,7.0
LC_dv07_Tlc3p0_TTC06_CP4_S5p967_E15p967.mp4,CP4,29,325.97754930096113,11.240605148309005,35.20593329616326,0.0,4.0,0.375,12,6.0,5.1,9.916666666666666,7.0
LC_dv07_Tlc4p0_TTC02_CP1_S5p067_E15p067.mp4,CP1,30,21.0816115902099,0.70272038634033,7.00414806697332,0.0,2.2,0.0,25,2.0,2.0,3.888888888888889,7.0
LC_dv07_Tlc4p0_TTC02_CP2_S5p367_E15p367.mp4,CP2,12,275.40005648617307,22.95000470718109,58.66554956000337,0.0,2.0,0.6538461538461539,13,2.0,1.7,3.305555555555556,7.0
LC_dv07_Tlc4p0_TTC02_CP3_S5p667_E15p667.mp4,CP3,10,288.1027891250351,28.81027891250351,65.999307996714,0.0,1.8,1.0,12,2.0,1.4,2.722222222222222,7.0
LC_dv07_Tlc4p0_TTC02_CP4_S5p967_E15p967.mp4,CP4,9,270.34618878950744,30.038465421056383,70.78247938537196,0.0,1.6,0.8461538461538461,13,2.0,1.1,2.138888888888889,7.0
LC_dv07_Tlc4p0_TTC02_CP5_S6p267_E16p267.mp4,CP5,7,278.2033667923911,39.743338113198725,82.83535477336892,0.02182485536838671,1.2000000000000002,1.0,12,2.0,0.8,1.5555555555555556,7.0
LC_dv07_Tlc4p0_TTC03_CP1_S5p067_E15p067.mp4,CP1,30,29.086950679756885,0.9695650226585628,7.995894771081052,0.0,2.8000000000000003,0.0,25,3.0,3.0,5.833333333333333,7.0
LC_dv07_Tlc4p0_TTC03_CP2_S5p367_E15p367.mp4,CP2,17,305.0711760627081,17.94536329780636,46.405431410642656,0.0,2.6,0.6538461538461539,13,3.0,2.7,5.25,7.0
LC_dv07_Tlc4p0_TTC03_CP3_S5p667_E15p667.mp4,CP3,15,304.2396636062908,20.282644240419383,50.3819339771418,0.0,2.4000000000000004,0.9583333333333334,12,3.0,2.4,4.666666666666666,7.0
LC_dv07_Tlc4p0_TTC03_CP4_S5p967_E15p967.mp4,CP4,15,271.01721489725185,18.067814326483457,44.162444151023344,0.0,2.4000000000000004,0.8461538461538461,13,3.0,2.1,4.083333333333333,7.0
LC_dv07_Tlc4p0_TTC03_CP5_S6p267_E16p267.mp4,CP5,12,311.3208293682743,25.943402447356192,57.31952178652208,0.0035043520251244954,2.2,0.9583333333333334,12,3.0,1.8,3.5,7.0
LC_dv07_Tlc4p0_TTC04_CP1_S5p033_E15p033.mp4,CP1,30,24.123651470139418,0.804121715671314,5.722933355564131,0.0,3.8000000000000003,0.02,25,4.0,4.0,7.777777777777778,7.0
LC_dv07_Tlc4p0_TTC04_CP2_S5p333_E15p333.mp4,CP2,22,330.67512941436036,15.030687700652743,42.05366396150635,0.0,3.4000000000000004,0.5769230769230769,13,4.0,3.7,7.194444444444445,7.0
LC_dv07_Tlc4p0_TTC04_CP3_S5p633_E15p633.mp4,CP3,20,340.685095480227,17.03425477401135,43.13849874662665,0.0,3.2,0.7083333333333334,12,4.0,3.4,6.611111111111111,7.0
LC_dv07_Tlc4p0_TTC04_CP4_S5p933_E15p933.mp4,CP4,19,326.1478391421035,17.165675744321238,44.02892817588346,0.0,3.0,0.7307692307692307,13,4.0,3.1,6.027777777777778,7.0
LC_dv07_Tlc4p0_TTC04_CP5_S6p233_E16p233.mp4,CP5,18,310.75368488353706,17.264093604640948,41.682727803468254,0.0,2.6,0.8333333333333334,12,4.0,2.8,5.444444444444444,7.0
LC_dv07_Tlc4p0_TTC06_CP1_S5p067_E15p067.mp4,CP1,30,25.445735287054234,0.8481911762351412,6.910716604616905,0.0,4.800000000000001,0.0416666666666666,12,6.0,6.0,11.666666666666666,7.0
LC_dv07_Tlc4p0_TTC06_CP3_S5p667_E15p667.mp4,CP3,30,346.7714802487034,11.559049341623448,40.05083761337872,0.0,4.4,0.4583333333333333,12,6.0,5.4,10.5,7.0
LC_dv07_Tlc4p0_TTC06_CP5_S6p267_E16p267.mp4,CP5,26,330.34661516572635,12.705639044835628,36.843624073924225,0.0,3.6,0.7083333333333334,12,6.0,4.8,9.333333333333332,7.0
LC_dv07_Tlc4p0_TTC07_CP1_S5p067_E15p067.mp4,CP1,30,27.779567470994444,0.9259855823664814,7.215597279109435,0.0,4.800000000000001,0.0384615384615384,13,7.0,7.0,13.61111111111111,7.0
LC_dv07_Tlc4p0_TTC07_CP2_S5p367_E15p367.mp4,CP2,30,281.3107542091503,9.37702514030501,29.169763275386252,0.0,4.4,0.3076923076923077,13,7.0,6.7,13.02777777777778,7.0
LC_dv07_Tlc4p0_TTC07_CP4_S5p967_E15p967.mp4,CP4,30,334.9519080905235,11.16506360301745,35.36521878936927,0.0,4.4,0.5769230769230769,13,7.0,6.1,11.86111111111111,7.0
LC_dv14_Tlc2p0_TTC02_CP1_S5p067_E15p067.mp4,CP1,30,59.55692345980287,1.985230781993429,18.93067414674372,0.0,2.2,0.0769230769230769,26,2.0,2.0,7.777777777777778,14.0
LC_dv14_Tlc2p0_TTC02_CP2_S5p367_E15p367.mp4,CP2,9,667.0631898881412,74.11813220979347,242.9220373696,0.0,1.8,0.9230769230769232,13,2.0,1.7,6.611111111111111,14.0
LC_dv14_Tlc2p0_TTC02_CP3_S5p667_E15p667.mp4,CP3,8,766.9391694828197,95.86739618535246,323.7120355650149,0.0,1.6,1.0,13,2.0,1.4,5.444444444444444,14.0
LC_dv14_Tlc2p0_TTC02_CP4_S5p967_E15p967.mp4,CP4,6,713.0027792111629,118.83379653519381,271.69353749964233,5.918970285238983,1.2000000000000002,0.9230769230769232,13,2.0,1.1,4.277777777777778,14.0
LC_dv14_Tlc2p0_TTC02_CP5_S6p267_E16p267.mp4,CP5,5,726.4032867797471,145.28065735594942,445.6093350995293,17.562822196242095,1.0,1.0,13,2.0,0.8,3.111111111111111,14.0
LC_dv14_Tlc2p0_TTC03_CP1_S5p067_E15p067.mp4,CP1,30,53.75691193662724,1.7918970645542414,16.941533488622653,0.0,2.8000000000000003,0.0576923076923076,26,3.0,3.0,11.666666666666666,14.0
LC_dv14_Tlc2p0_TTC03_CP2_S5p367_E15p367.mp4,CP2,14,736.5209515543839,52.60863939674171,159.92287902118179,0.0,2.6,0.9615384615384616,13,3.0,2.7,10.5,14.0
LC_dv14_Tlc2p0_TTC03_CP3_S5p667_E15p667.mp4,CP3,13,824.1010535015654,63.39238873088964,194.04504075558813,0.0,2.4000000000000004,0.8076923076923077,13,3.0,2.4,9.333333333333332,14.0
LC_dv14_Tlc2p0_TTC03_CP4_S5p967_E15p967.mp4,CP4,11,738.2930006671661,67.11754551519692,192.75225354288742,1.0093849338865797,2.2,0.9230769230769232,13,3.0,2.1,8.166666666666666,14.0
LC_dv14_Tlc2p0_TTC03_CP5_S6p267_E16p267.mp4,CP5,10,742.994690853066,74.2994690853066,237.7417067036309,2.5079264081301837,2.0,0.8846153846153846,13,3.0,1.8,7.0,14.0
LC_dv14_Tlc2p0_TTC04_CP1_S5p067_E15p067.mp4,CP1,30,51.39580400840727,1.7131934669469089,15.55212727455857,0.0,3.6,0.0192307692307692,26,4.0,4.0,15.555555555555555,14.0
LC_dv14_Tlc2p0_TTC04_CP2_S5p367_E15p367.mp4,CP2,19,776.2441971252177,40.854957743432514,124.85026461589534,0.0,3.4000000000000004,0.6923076923076923,13,4.0,3.7,14.38888888888889,14.0
LC_dv14_Tlc2p0_TTC04_CP3_S5p667_E15p667.mp4,CP3,17,730.0038083709295,42.94140049240762,130.96816094038036,0.0,3.0,0.4615384615384615,13,4.0,3.4,13.22222222222222,14.0
LC_dv14_Tlc2p0_TTC04_CP4_S5p967_E15p967.mp4,CP4,16,779.7795252656202,48.736220329101265,125.5341022367544,0.16936665130876713,3.0,0.8076923076923077,13,4.0,3.1,12.055555555555555,14.0
LC_dv14_Tlc2p0_TTC04_CP5_S6p267_E16p267.mp4,CP5,15,817.8564901138144,54.523766007587625,171.30244916059925,0.48031892481928407,2.6,0.6538461538461539,13,4.0,2.8,10.888888888888888,14.0
LC_dv14_Tlc2p0_TTC05_CP1_S5p067_E15p067.mp4,CP1,30,49.288207141264145,1.642940238042138,17.720375586440618,0.0,4.2,0.0,13,5.0,5.0,19.444444444444443,14.0
LC_dv14_Tlc2p0_TTC05_CP3_S5p667_E15p667.mp4,CP3,23,683.4738040091066,29.716252348222028,81.29727681339408,0.0,4.2,0.3076923076923077,13,5.0,4.4,17.11111111111111,14.0
LC_dv14_Tlc2p0_TTC05_CP5_S6p267_E16p267.mp4,CP5,19,798.4949736310662,42.026051243740326,120.034128367448,0.06109815977235064,3.4000000000000004,0.4615384615384615,13,5.0,3.8,14.777777777777777,14.0
LC_dv14_Tlc2p0_TTC06_CP1_S5p067_E15p067.mp4,CP1,30,48.538765464448744,1.617958848814958,16.26864048252701,0.0,5.2,0.1153846153846153,13,6.0,6.0,23.33333333333333,14.0
LC_dv14_Tlc2p0_TTC06_CP2_S5p367_E15p367.mp4,CP2,28,671.596085123993,23.985574468714038,93.98572803805062,0.0,5.2,0.4230769230769231,13,6.0,5.7,22.166666666666668,14.0
LC_dv14_Tlc2p0_TTC06_CP4_S5p967_E15p967.mp4,CP4,26,680.659259385571,26.179202284060423,82.93614047118524,0.0,4.0,0.5,13,6.0,5.1,19.83333333333333,14.0
LC_dv14_Tlc3p0_TTC02_CP1_S5p033_E15p033.mp4,CP1,30,52.62211847728389,1.754070615909463,21.613280715838897,0.0,2.2,0.0,24,2.0,2.0,7.777777777777778,14.0
LC_dv14_Tlc3p0_TTC02_CP2_S5p333_E15p333.mp4,CP2,10,665.3249261389836,66.53249261389837,211.9412965706534,0.0,2.0,0.6666666666666666,12,2.0,1.7,6.611111111111111,14.0
LC_dv14_Tlc3p0_TTC02_CP3_S5p633_E15p633.mp4,CP3,8,666.3717004702806,83.29646255878508,252.36334384887678,0.0,1.6,1.0,12,2.0,1.4,5.444444444444444,14.0
LC_dv14_Tlc3p0_TTC02_CP4_S5p933_E15p933.mp4,CP4,7,699.2520344442825,99.89314777775463,322.97622302645533,0.0,1.4000000000000001,0.875,12,2.0,1.1,4.277777777777778,14.0
LC_dv14_Tlc3p0_TTC02_CP5_S6p233_E16p233.mp4,CP5,6,697.6562300260771,116.27603833767951,290.5065727809602,0.9281644306163394,1.2000000000000002,1.0,12,2.0,0.8,3.111111111111111,14.0
LC_dv14_Tlc3p0_TTC03_CP1_S5p067_E15p067.mp4,CP1,30,54.300208566631,1.8100069522210334,17.094620940745315,0.0,2.8000000000000003,0.0833333333333333,24,3.0,3.0,11.666666666666666,14.0
LC_dv14_Tlc3p0_TTC03_CP2_S5p367_E15p367.mp4,CP2,14,799.3060172460303,57.09328694614502,165.83575565302164,0.0,2.6,0.7083333333333334,12,3.0,2.7,10.5,14.0
LC_dv14_Tlc3p0_TTC03_CP3_S5p667_E15p667.mp4,CP3,13,821.9902521733711,63.23001939795162,192.50558910966788,0.0,2.4000000000000004,0.8333333333333334,12,3.0,2.4,9.333333333333332,14.0
LC_dv14_Tlc3p0_TTC03_CP4_S5p967_E15p967.mp4,CP4,12,711.6218988196019,59.301824901633495,179.33058896013384,0.0,2.2,0.875,12,3.0,2.1,8.166666666666666,14.0
LC_dv14_Tlc3p0_TTC03_CP5_S6p267_E16p267.mp4,CP5,10,707.3907098531861,70.7390709853186,216.09120299245632,0.3865158770535754,2.0,1.0,12,3.0,1.8,7.0,14.0
LC_dv14_Tlc3p0_TTC04_CP1_S5p067_E15p067.mp4,CP1,30,51.0873074363528,1.7029102478784268,15.471207145545401,0.0,3.6,0.0,24,4.0,4.0,15.555555555555555,14.0
LC_dv14_Tlc3p0_TTC04_CP2_S5p367_E15p367.mp4,CP2,19,779.05682238036,41.0029906515979,135.15842182824923,0.0,3.4000000000000004,0.4583333333333333,12,4.0,3.7,14.38888888888889,14.0
LC_dv14_Tlc3p0_TTC04_CP3_S5p667_E15p667.mp4,CP3,18,694.307574889585,38.57264304942139,109.24419627717981,0.0,3.2,0.7083333333333334,12,4.0,3.4,13.22222222222222,14.0
LC_dv14_Tlc3p0_TTC04_CP4_S5p967_E15p967.mp4,CP4,16,737.2675266771433,46.07922041732146,121.37060816677027,0.0,3.0,0.6666666666666666,12,4.0,3.1,12.055555555555555,14.0
LC_dv14_Tlc3p0_TTC04_CP5_S6p267_E16p267.mp4,CP5,15,791.931780161776,52.79545201078507,164.23110220890325,0.10202496193062634,2.8000000000000003,0.7916666666666666,12,4.0,2.8,10.888888888888888,14.0
LC_dv14_Tlc3p0_TTC06_CP1_S5p067_E15p067.mp4,CP1,30,59.46368574924588,1.982122858308196,11.731281840897532,0.0,5.800000000000001,0.0416666666666666,12,6.0,6.0,23.33333333333333,14.0
LC_dv14_Tlc3p0_TTC06_CP3_S5p667_E15p667.mp4,CP3,27,698.185547712798,25.85872398936289,81.6020885935777,0.0,4.4,0.2916666666666667,12,6.0,5.4,21.0,14.0
LC_dv14_Tlc3p0_TTC06_CP5_S6p267_E16p267.mp4,CP5,24,724.7158140489526,30.19649225203969,84.49414206657246,8.526260060646162e-06,4.0,0.4166666666666667,12,6.0,4.8,18.666666666666664,14.0
LC_dv14_Tlc3p0_TTC07_CP1_S5p067_E15p067.mp4,CP1,30,48.31744025458215,1.610581341819405,17.550457606308854,0.0,5.6000000000000005,0.0416666666666666,12,7.0,7.0,27.22222222222222,14.0
LC_dv14_Tlc3p0_TTC07_CP2_S5p367_E15p367.mp4,CP2,30,505.2274391219293,16.840914637397642,86.08940389040721,0.0,5.4,0.2083333333333333,12,7.0,6.7,26.05555555555556,14.0
LC_dv14_Tlc3p0_TTC07_CP4_S5p967_E15p967.mp4,CP4,30,640.2885823909206,21.34295274636402,86.8635307133047,0.0,5.0,0.4583333333333333,12,7.0,6.1,23.72222222222222,14.0
LC_dv14_Tlc4p0_TTC02_CP1_S5p067_E15p067.mp4,CP1,30,57.27897361648888,1.9092991205496292,17.580834601413567,0.0,2.2,0.0416666666666666,24,2.0,2.0,7.777777777777778,14.0
LC_dv14_Tlc4p0_TTC02_CP2_S5p367_E15p367.mp4,CP2,10,634.4649288323665,63.446492883236644,191.4149729060065,0.0,2.0,0.7916666666666666,12,2.0,1.7,6.611111111111111,14.0
LC_dv14_Tlc4p0_TTC02_CP3_S5p667_E15p667.mp4,CP3,8,699.4794559406998,87.43493199258748,309.9908879580109,0.0,1.6,0.9583333333333334,12,2.0,1.4,5.444444444444444,14.0
LC_dv14_Tlc4p0_TTC02_CP4_S5p967_E15p967.mp4,CP4,7,665.6736958064442,95.09624225806347,297.8328228552954,0.0,1.4000000000000001,0.9583333333333334,12,2.0,1.1,4.277777777777778,14.0
LC_dv14_Tlc4p0_TTC02_CP5_S6p267_E16p267.mp4,CP5,5,646.3177125722855,129.2635425144571,400.20317134588595,0.08148901933255191,1.0,0.9583333333333334,12,2.0,0.8,3.111111111111111,14.0
LC_dv14_Tlc4p0_TTC03_CP1_S5p067_E15p067.mp4,CP1,30,57.00072547645365,1.9000241825484552,17.92529049823894,0.0,2.8000000000000003,0.0,24,3.0,3.0,11.666666666666666,14.0
LC_dv14_Tlc4p0_TTC03_CP2_S5p367_E15p367.mp4,CP2,15,760.8203717310556,50.72135811540371,156.0551722404054,0.0,2.8000000000000003,0.5,12,3.0,2.7,10.5,14.0
LC_dv14_Tlc4p0_TTC03_CP3_S5p667_E15p667.mp4,CP3,13,789.2328405966243,60.71021850743264,184.72041330839536,0.0,2.4000000000000004,0.7916666666666666,12,3.0,2.4,9.333333333333332,14.0
LC_dv14_Tlc4p0_TTC03_CP4_S5p967_E15p967.mp4,CP4,12,748.3198970724203,62.35999142270169,201.29937569169928,0.0,2.2,0.875,12,3.0,2.1,8.166666666666666,14.0
LC_dv14_Tlc4p0_TTC03_CP5_S6p267_E16p267.mp4,CP5,10,772.2449310550315,77.22449310550316,255.80195833993193,0.011377658211382346,2.0,0.9166666666666666,12,3.0,1.8,7.0,14.0
LC_dv14_Tlc4p0_TTC04_CP1_S5p067_E15p067.mp4,CP1,30,51.151293984121025,1.705043132804034,17.106692783578097,0.0,3.6,0.0416666666666666,24,4.0,4.0,15.555555555555555,14.0
LC_dv14_Tlc4p0_TTC04_CP2_S5p367_E15p367.mp4,CP2,19,776.7531386651619,40.88174414027168,135.56498350199794,0.0,3.4000000000000004,0.5416666666666666,12,4.0,3.7,14.38888888888889,14.0
LC_dv14_Tlc4p0_TTC04_CP3_S5p667_E15p667.mp4,CP3,18,702.6155116478773,39.03419509154874,106.85399419343977,0.0,3.2,0.6666666666666666,12,4.0,3.4,13.22222222222222,14.0
LC_dv14_Tlc4p0_TTC04_CP4_S5p967_E15p967.mp4,CP4,16,736.6738047956111,46.04211279972569,119.88919379435968,0.0,3.0,0.6666666666666666,12,4.0,3.1,12.055555555555555,14.0
LC_dv14_Tlc4p0_TTC04_CP5_S6p267_E16p267.mp4,CP5,15,785.8206602141119,52.38804401427412,161.44266815688385,0.0021025485027891954,2.8000000000000003,0.6666666666666666,12,4.0,2.8,10.888888888888888,14.0
LC_dv14_Tlc4p0_TTC05_CP1_S5p033_E15p033.mp4,CP1,30,49.816149485639684,1.6605383161879894,9.306958318143803,0.0,4.4,0.0,12,5.0,5.0,19.444444444444443,14.0
LC_dv14_Tlc4p0_TTC05_CP2_S5p333_E15p333.mp4,CP2,24,750.3245693332531,31.263523722218878,107.72304442301842,0.0,4.2,0.2916666666666667,12,5.0,4.7,18.27777777777778,14.0
LC_dv14_Tlc4p0_TTC05_CP4_S5p933_E15p933.mp4,CP4,22,760.3214572832155,34.56006624014616,109.01005645307342,0.0,3.6,0.5833333333333334,12,5.0,4.1,15.944444444444445,14.0
LC_dv14_Tlc4p0_TTC07_CP1_S5p067_E15p067.mp4,CP1,30,42.64645015197217,1.4215483383990724,15.045158791637114,0.0,5.6000000000000005,0.0,12,7.0,7.0,27.22222222222222,14.0
LC_dv14_Tlc4p0_TTC07_CP3_S5p667_E15p667.mp4,CP3,30,632.5371869725956,21.08457289908652,89.35395048190497,0.0,4.6000000000000005,0.375,12,7.0,6.4,24.88888888888889,14.0
LC_dv14_Tlc4p0_TTC07_CP5_S6p267_E16p267.mp4,CP5,29,751.4508494955166,25.91209825846609,102.15158715495741,0.0,4.800000000000001,0.375,12,7.0,5.8,22.55555555555556,14.0
LC_dv21_Tlc2p0_TTC02_CP1_S5p067_E15p067.mp4,CP1,30,110.58967564672422,3.6863225215574738,61.26867009839367,0.0,2.0,0.0,21,2.0,2.0,11.666666666666666,21.0
LC_dv21_Tlc2p0_TTC02_CP2_S5p367_E15p367.mp4,CP2,9,1152.3792805848755,128.04214228720838,584.646528021362,0.0,1.8,0.9090909090909092,11,2.0,1.7,9.916666666666666,21.0
LC_dv21_Tlc2p0_TTC02_CP3_S5p667_E15p667.mp4,CP3,7,1175.9584808076806,167.99406868681152,635.324503847972,0.0,1.4000000000000001,0.85,10,2.0,1.4,8.166666666666666,21.0
LC_dv21_Tlc2p0_TTC02_CP4_S5p967_E15p967.mp4,CP4,6,1336.8008156280746,222.80013593801243,941.8881843225493,9.254271649575275,1.2000000000000002,0.9090909090909092,11,2.0,1.1,6.416666666666667,21.0
LC_dv21_Tlc2p0_TTC02_CP5_S6p267_E16p267.mp4,CP5,4,845.8454187029358,211.46135467573396,454.2938142379884,28.964350801436257,0.8,0.85,10,2.0,0.8,4.666666666666667,21.0
LC_dv21_Tlc2p0_TTC03_CP1_S5p067_E15p067.mp4,CP1,30,93.18959392387677,3.106319797462559,26.911361015737054,0.0,3.0,0.0,21,3.0,3.0,17.5,21.0
LC_dv21_Tlc2p0_TTC03_CP2_S5p367_E15p367.mp4,CP2,14,1266.8392111613086,90.48851508295061,347.7681728450374,0.0,2.6,0.6818181818181818,11,3.0,2.7,15.75,21.0
LC_dv21_Tlc2p0_TTC03_CP3_S5p667_E15p667.mp4,CP3,12,1267.7237981970961,105.643649849758,445.44343412390435,0.0,2.4000000000000004,0.4,10,3.0,2.4,13.999999999999998,21.0
LC_dv21_Tlc2p0_TTC03_CP4_S5p967_E15p967.mp4,CP4,11,1256.491544277972,114.22650402527019,493.73232443525757,1.2956743869474878,2.2,0.7727272727272727,11,3.0,2.1,12.25,21.0
LC_dv21_Tlc2p0_TTC03_CP5_S6p267_E16p267.mp4,CP5,9,1250.7209168902154,138.9689907655795,588.5903851639,3.5852458585564992,1.8,0.6,10,3.0,1.8,10.5,21.0
LC_dv21_Tlc2p0_TTC04_CP1_S5p067_E15p067.mp4,CP1,30,96.47868610047443,3.215956203349148,26.881942718285277,0.0,3.6,0.0,21,4.0,4.0,23.33333333333333,21.0
LC_dv21_Tlc2p0_TTC04_CP2_S5p367_E15p367.mp4,CP2,19,1196.869551024226,62.993134264432946,289.74913998787065,0.0,3.6,0.4090909090909091,11,4.0,3.7,21.58333333333333,21.0
LC_dv21_Tlc2p0_TTC04_CP3_S5p667_E15p667.mp4,CP3,17,1189.220228047582,69.95413106162246,297.02112007185093,0.0,3.4000000000000004,0.1,10,4.0,3.4,19.83333333333333,21.0
LC_dv21_Tlc2p0_TTC04_CP4_S5p967_E15p967.mp4,CP4,16,1174.402816636772,73.40017603979825,301.0277075436862,0.2582104324405268,3.0,0.5909090909090909,11,4.0,3.1,18.08333333333333,21.0
LC_dv21_Tlc2p0_TTC04_CP5_S6p267_E16p267.mp4,CP5,14,1148.772368117498,82.05516915124986,315.8136239035307,0.6895029737083291,2.8000000000000003,0.4,10,4.0,2.8,16.333333333333332,21.0
LC_dv21_Tlc2p0_TTC05_CP1_S5p067_E15p067.mp4,CP1,30,82.72433219597845,2.7574777398659482,24.517883012109802,0.0,4.6000000000000005,0.0454545454545454,11,5.0,5.0,29.166666666666664,21.0
LC_dv21_Tlc2p0_TTC05_CP2_S5p367_E15p367.mp4,CP2,23,1203.0074779773352,52.30467295553631,189.97974542413994,0.0,4.2,0.4545454545454545,11,5.0,4.7,27.416666666666668,21.0
LC_dv21_Tlc2p0_TTC05_CP4_S5p967_E15p967.mp4,CP4,20,1156.5594951124522,57.827974755622606,206.41078503517681,0.02980613879087872,4.0,0.4545454545454545,11,5.0,4.1,23.916666666666664,21.0
LC_dv21_Tlc2p0_TTC07_CP1_S5p033_E15p033.mp4,CP1,30,36.47000452063904,1.2156668173546346,12.59681118436312,0.0,6.0,0.0,10,7.0,7.0,40.83333333333333,21.0
LC_dv21_Tlc2p0_TTC07_CP3_S5p633_E15p633.mp4,CP3,30,887.5539679032536,29.585132263441785,160.9462349702256,0.0,5.4,0.0,10,7.0,6.4,37.333333333333336,21.0
LC_dv21_Tlc2p0_TTC07_CP5_S6p233_E16p233.mp4,CP5,28,1082.7831664130904,38.67082737189609,184.2721822892789,0.0,5.0,0.05,10,7.0,5.8,33.83333333333333,21.0
LC_dv21_Tlc3p0_TTC02_CP1_S5p067_E15p067.mp4,CP1,30,118.58119798018606,3.9527065993395354,66.1481431361877,0.0,2.0,0.0208333333333333,24,2.0,2.0,11.666666666666666,21.0
LC_dv21_Tlc3p0_TTC02_CP2_S5p367_E15p367.mp4,CP2,9,1164.7490275089986,129.41655861211095,627.4748313612877,0.0,1.8,0.5,12,2.0,1.7,9.916666666666666,21.0
LC_dv21_Tlc3p0_TTC02_CP3_S5p667_E15p667.mp4,CP3,7,1046.0679454443145,149.43827792061637,439.0149084343614,0.0,1.6,0.75,12,2.0,1.4,8.166666666666666,21.0
LC_dv21_Tlc3p0_TTC02_CP4_S5p967_E15p967.mp4,CP4,6,1254.103138896161,209.01718981602684,902.3100576764867,0.0,1.2000000000000002,0.875,12,2.0,1.1,6.416666666666667,21.0
LC_dv21_Tlc3p0_TTC02_CP5_S6p267_E16p267.mp4,CP5,4,841.0543873161173,210.26359682902932,432.8029273689957,5.458169844133782,0.8,0.9166666666666666,12,2.0,0.8,4.666666666666667,21.0
LC_dv21_Tlc3p0_TTC03_CP1_S5p067_E15p067.mp4,CP1,30,97.67009613207158,3.2556698710690526,33.85807956661498,0.0,3.0,0.0208333333333333,24,3.0,3.0,17.5,21.0
LC_dv21_Tlc3p0_TTC03_CP2_S5p367_E15p367.mp4,CP2,15,1186.0689121217704,79.07126080811803,288.7171873059827,0.0,3.0,0.3333333333333333,12,3.0,2.7,15.75,21.0
LC_dv21_Tlc3p0_TTC03_CP3_S5p667_E15p667.mp4,CP3,13,1219.163581882991,93.7818139909993,403.665674402971,0.0,2.6,0.625,12,3.0,2.4,13.999999999999998,21.0
LC_dv21_Tlc3p0_TTC03_CP4_S5p967_E15p967.mp4,CP4,12,1314.9409609855297,109.57841341546082,469.093523447941,0.0,2.4000000000000004,0.7083333333333334,12,3.0,2.1,12.25,21.0
LC_dv21_Tlc3p0_TTC03_CP5_S6p267_E16p267.mp4,CP5,10,1200.8813932102505,120.08813932102505,536.6250644068678,0.515343479896866,2.0,0.7083333333333334,12,3.0,1.8,10.5,21.0
LC_dv21_Tlc3p0_TTC04_CP1_S5p067_E15p067.mp4,CP1,30,99.44452603189993,3.3148175343966644,34.34389810321207,0.0,3.8000000000000003,0.0208333333333333,24,4.0,4.0,23.33333333333333,21.0
LC_dv21_Tlc3p0_TTC04_CP2_S5p367_E15p367.mp4,CP2,19,1196.4530751290927,62.97121448047856,239.4211655379656,0.0,3.6,0.2916666666666667,12,4.0,3.7,21.58333333333333,21.0
LC_dv21_Tlc3p0_TTC04_CP3_S5p667_E15p667.mp4,CP3,17,1235.1194712615195,72.65408654479526,302.0354111712114,0.0,3.2,0.25,12,4.0,3.4,19.83333333333333,21.0
LC_dv21_Tlc3p0_TTC04_CP4_S5p967_E15p967.mp4,CP4,16,1186.7691193997005,74.17306996248128,278.31258287824426,0.0,3.0,0.4583333333333333,12,4.0,3.1,18.08333333333333,21.0
LC_dv21_Tlc3p0_TTC04_CP5_S6p267_E16p267.mp4,CP5,14,1194.8269221785633,85.34478015561167,372.6849711660842,0.16552532517734977,2.8000000000000003,0.5833333333333334,12,4.0,2.8,16.333333333333332,21.0
LC_dv21_Tlc3p0_TTC05_CP1_S5p067_E15p067.mp4,CP1,30,83.18462825349093,2.772820941783031,24.715615640276432,0.0,4.6000000000000005,0.0833333333333333,12,5.0,5.0,29.166666666666664,21.0
LC_dv21_Tlc3p0_TTC05_CP3_S5p667_E15p667.mp4,CP3,22,1186.0631453126086,53.91196115057312,224.55103763439882,0.0,4.2,0.25,12,5.0,4.4,25.666666666666668,21.0
LC_dv21_Tlc3p0_TTC05_CP5_S6p267_E16p267.mp4,CP5,19,1162.860478717545,61.203183090397104,238.36041126613668,0.012325087539037405,3.6,0.2916666666666667,12,5.0,3.8,22.166666666666664,21.0
LC_dv21_Tlc3p0_TTC06_CP1_S5p067_E15p067.mp4,CP1,30,64.92120355435308,2.1640401184784364,19.061737480122048,0.0,5.800000000000001,0.0,12,6.0,6.0,35.0,21.0
LC_dv21_Tlc3p0_TTC06_CP2_S5p367_E15p367.mp4,CP2,28,1090.8069647958594,38.95739159985212,188.94397441318335,0.0,5.0,0.1666666666666666,12,6.0,5.7,33.25,21.0
LC_dv21_Tlc3p0_TTC06_CP4_S5p967_E15p967.mp4,CP4,25,1160.0789488826524,46.4031579553061,176.6649969600659,0.0,4.800000000000001,0.0416666666666666,12,6.0,5.1,29.75,21.0
LC_dv21_Tlc4p0_TTC02_CP1_S5p067_E15p067.mp4,CP1,30,108.84180385615261,3.6280601285384204,60.20368446847261,0.0,2.0,0.02,25,2.0,2.0,11.666666666666666,21.0
LC_dv21_Tlc4p0_TTC02_CP2_S5p367_E15p367.mp4,CP2,9,1137.5487428538231,126.3943047615359,544.0494015386794,0.0,1.8,0.6153846153846154,13,2.0,1.7,9.916666666666666,21.0
LC_dv21_Tlc4p0_TTC02_CP3_S5p667_E15p667.mp4,CP3,7,1109.8658462653414,158.55226375219164,541.2553166757675,0.0,1.4000000000000001,0.9166666666666666,12,2.0,1.4,8.166666666666666,21.0
LC_dv21_Tlc4p0_TTC02_CP4_S5p967_E15p967.mp4,CP4,6,1023.7002982145241,170.61671636908736,712.7905865453379,0.0,1.2000000000000002,0.8846153846153846,13,2.0,1.1,6.416666666666667,21.0
LC_dv21_Tlc4p0_TTC02_CP5_S6p267_E16p267.mp4,CP5,4,774.8289399053781,193.70723497634452,390.36176787764384,0.1398284256070455,0.8,0.9166666666666666,12,2.0,0.8,4.666666666666667,21.0
LC_dv21_Tlc4p0_TTC03_CP1_S5p067_E15p067.mp4,CP1,30,97.45159577349787,3.2483865257832623,27.978680734499655,0.0,2.8000000000000003,0.0,25,3.0,3.0,17.5,21.0
LC_dv21_Tlc4p0_TTC03_CP2_S5p367_E15p367.mp4,CP2,14,1256.70341170745,89.764529407675,361.90631953496415,0.0,2.8000000000000003,0.4230769230769231,13,3.0,2.7,15.75,21.0
LC_dv21_Tlc4p0_TTC03_CP3_S5p667_E15p667.mp4,CP3,12,1178.5163397898314,98.20969498248594,386.74538490428233,0.0,2.4000000000000004,0.5833333333333334,12,3.0,2.4,13.999999999999998,21.0
LC_dv21_Tlc4p0_TTC03_CP4_S5p967_E15p967.mp4,CP4,11,1196.4712364872794,108.77011240793449,439.0534246371538,0.0,2.2,0.6538461538461539,13,3.0,2.1,12.25,21.0
LC_dv21_Tlc4p0_TTC03_CP5_S6p267_E16p267.mp4,CP5,9,1132.228584921442,125.80317610238245,477.38964603899376,0.016753631858607232,1.8,0.8333333333333334,12,3.0,1.8,10.5,21.0
LC_dv21_Tlc4p0_TTC04_CP1_S5p067_E15p067.mp4,CP1,30,96.65125763075426,3.2217085876918086,26.93033446943334,0.0,3.6,0.0,25,4.0,4.0,23.33333333333333,21.0
LC_dv21_Tlc4p0_TTC04_CP2_S5p367_E15p367.mp4,CP2,19,1219.9194399352969,64.20628631238405,235.27518599288945,0.0,3.4000000000000004,0.2307692307692307,13,4.0,3.7,21.58333333333333,21.0
LC_dv21_Tlc4p0_TTC04_CP3_S5p667_E15p667.mp4,CP3,17,1187.0214889626625,69.82479346839192,283.96462571884246,0.0,3.2,0.3333333333333333,12,4.0,3.4,19.83333333333333,21.0
LC_dv21_Tlc4p0_TTC04_CP4_S5p967_E15p967.mp4,CP4,16,1128.9018091933995,70.55636307458747,281.1223933725665,0.0,3.2,0.5,13,4.0,3.1,18.08333333333333,21.0
LC_dv21_Tlc4p0_TTC04_CP5_S6p267_E16p267.mp4,CP5,14,1133.0985365997033,80.93560975712167,335.82308084628244,0.003148970251921882,2.8000000000000003,0.625,12,4.0,2.8,16.333333333333332,21.0
LC_dv21_Tlc4p0_TTC06_CP1_S5p067_E15p067.mp4,CP1,30,63.63066663571418,2.1210222211904726,18.51659810748967,0.0,5.800000000000001,0.0,12,6.0,6.0,35.0,21.0
LC_dv21_Tlc4p0_TTC06_CP3_S5p667_E15p667.mp4,CP3,27,1093.5542837047667,40.502010507583954,159.02177752342237,0.0,5.0,0.125,12,6.0,5.4,31.5,21.0
LC_dv21_Tlc4p0_TTC06_CP5_S6p267_E16p267.mp4,CP5,24,1223.6819237375155,50.986746822396476,205.37814485309846,0.0,4.4,0.3333333333333333,12,6.0,4.8,28.0,21.0
LC_dv21_Tlc4p0_TTC07_CP1_S5p033_E15p033.mp4,CP1,30,41.00450245103935,1.3668167483679783,22.484355540372967,0.0,5.800000000000001,0.0384615384615384,13,7.0,7.0,40.83333333333333,21.0
LC_dv21_Tlc4p0_TTC07_CP2_S5p333_E15p333.mp4,CP2,30,669.3344003375738,22.311146677919126,140.91784334118876,0.0,5.6000000000000005,0.0769230769230769,13,7.0,6.7,39.083333333333336,21.0
LC_dv21_Tlc4p0_TTC07_CP4_S5p933_E15p933.mp4,CP4,30,832.2198523726468,27.740661745754892,129.35763602545893,0.0,5.2,0.2307692307692307,13,7.0,6.1,35.58333333333333,21.0
LC_dv28_Tlc2p0_TTC02_CP1_S5p067_E15p067.mp4,CP1,30,163.50467075902503,5.450155691967501,105.10435818661155,0.0,2.0,0.0576923076923076,26,2.0,2.0,15.555555555555555,28.0
LC_dv28_Tlc2p0_TTC02_CP2_S5p367_E15p367.mp4,CP2,8,1550.0560265245294,193.75700331556618,751.5130024477724,0.0,1.8,0.7307692307692307,13,2.0,1.7,13.22222222222222,28.0
LC_dv28_Tlc2p0_TTC02_CP3_S5p667_E15p667.mp4,CP3,7,1679.9943249795394,239.99918928279135,1257.8387035793412,0.0,1.4000000000000001,0.9230769230769232,13,2.0,1.4,10.888888888888888,28.0
LC_dv28_Tlc2p0_TTC02_CP4_S5p967_E15p967.mp4,CP4,5,1622.7528997443517,324.55057994887034,991.282675613369,11.668713552983192,1.2000000000000002,0.9615384615384616,13,2.0,1.1,8.555555555555555,28.0
LC_dv28_Tlc2p0_TTC02_CP5_S6p267_E16p267.mp4,CP5,4,1503.3721294925967,375.8430323731492,1181.9507287138092,38.45889659673558,0.8,0.9615384615384616,13,2.0,0.8,6.222222222222222,28.0
LC_dv28_Tlc2p0_TTC03_CP1_S5p067_E15p067.mp4,CP1,30,152.03466071666514,5.067822023888838,37.761283109436,0.0,2.8000000000000003,0.0384615384615384,26,3.0,3.0,23.33333333333333,28.0
LC_dv28_Tlc2p0_TTC03_CP2_S5p367_E15p367.mp4,CP2,13,1649.3453255682232,126.87271735140179,615.5647039723068,0.0,2.6,0.5384615384615384,13,3.0,2.7,21.0,28.0
LC_dv28_Tlc2p0_TTC03_CP3_S5p667_E15p667.mp4,CP3,12,1781.4603446119575,148.4550287176631,720.0652557198356,0.0,2.4000000000000004,0.5,13,3.0,2.4,18.666666666666664,28.0
LC_dv28_Tlc2p0_TTC03_CP4_S5p967_E15p967.mp4,CP4,10,1590.0951156529413,159.00951156529413,598.9151099556659,1.612959616888288,2.0,0.6923076923076923,13,3.0,2.1,16.333333333333332,28.0
LC_dv28_Tlc2p0_TTC03_CP5_S6p267_E16p267.mp4,CP5,9,1699.7014117734147,188.85571241926831,1084.9605730463184,4.216835125088131,1.8,0.6538461538461539,13,3.0,1.8,14.0,28.0
LC_dv28_Tlc2p0_TTC04_CP1_S5p067_E15p067.mp4,CP1,30,132.59007230599443,4.419669076866481,40.258687694360944,0.0,3.8000000000000003,0.0769230769230769,26,4.0,4.0,31.11111111111111,28.0
LC_dv28_Tlc2p0_TTC04_CP2_S5p367_E15p367.mp4,CP2,18,1740.5588246276563,96.69771247931425,436.0289039287598,0.0,3.6,0.3846153846153846,13,4.0,3.7,28.77777777777778,28.0
LC_dv28_Tlc2p0_TTC04_CP3_S5p667_E15p667.mp4,CP3,17,1819.8030756819196,107.04723974599527,496.36104681431874,0.0,3.2,0.2692307692307692,13,4.0,3.4,26.444444444444443,28.0
LC_dv28_Tlc2p0_TTC04_CP4_S5p967_E15p967.mp4,CP4,15,1705.261686087052,113.68411240580348,521.8050978696022,0.3320041202077843,3.0,0.4615384615384615,13,4.0,3.1,24.11111111111111,28.0
LC_dv28_Tlc2p0_TTC04_CP5_S6p267_E16p267.mp4,CP5,14,1761.26798211501,125.80485586535785,666.7471086499612,0.8149136604702661,2.8000000000000003,0.3846153846153846,13,4.0,2.8,21.77777777777777,28.0
LC_dv28_Tlc2p0_TTC05_CP1_S5p067_E15p067.mp4,CP1,30,115.28341912912506,3.842780637637502,26.588286650453842,0.0,4.6000000000000005,0.0,13,5.0,5.0,38.888888888888886,28.0
LC_dv28_Tlc2p0_TTC05_CP3_S5p667_E15p667.mp4,CP3,22,1763.882895230799,80.17649523776359,363.4690321122291,0.0,4.2,0.2692307692307692,13,5.0,4.4,34.22222222222222,28.0
LC_dv28_Tlc2p0_TTC05_CP5_S6p267_E16p267.mp4,CP5,19,1685.5245938720345,88.71182073010708,366.10094568307375,0.13169672888864162,3.8000000000000003,0.1538461538461538,13,5.0,3.8,29.55555555555556,28.0
LC_dv28_Tlc2p0_TTC06_CP1_S5p033_E15p033.mp4,CP1,30,97.77208442440724,3.2590694808135745,55.28441355621102,0.0,5.4,0.0769230769230769,13,6.0,6.0,46.66666666666666,28.0
LC_dv28_Tlc2p0_TTC06_CP2_S5p333_E15p333.mp4,CP2,28,1409.075865322678,50.3241380472385,263.8348286812894,0.0,5.6000000000000005,0.2307692307692307,13,6.0,5.7,44.333333333333336,28.0
LC_dv28_Tlc2p0_TTC06_CP4_S5p933_E15p933.mp4,CP4,25,1603.7632125728312,64.15052850291325,242.5363583472652,0.0,4.800000000000001,0.3846153846153846,13,6.0,5.1,39.66666666666666,28.0
LC_dv28_Tlc3p0_TTC02_CP1_S5p033_E15p033.mp4,CP1,30,148.35773157928,4.945257719309334,63.48689526157874,0.0,2.0,0.0416666666666666,24,2.0,2.0,15.555555555555555,28.0
LC_dv28_Tlc3p0_TTC02_CP2_S5p333_E15p333.mp4,CP2,9,1760.998878393872,195.66654204376357,1149.8038534079103,0.0,1.8,0.5416666666666666,12,2.0,1.7,13.22222222222222,28.0
LC_dv28_Tlc3p0_TTC02_CP3_S5p633_E15p633.mp4,CP3,7,1536.403073484677,219.48615335495384,810.3940920307091,0.0,1.6,0.7916666666666666,12,2.0,1.4,10.888888888888888,28.0
LC_dv28_Tlc3p0_TTC02_CP4_S5p933_E15p933.mp4,CP4,6,1910.477025896186,318.41283764936435,1502.273817371726,0.0,1.2000000000000002,0.9166666666666666,12,2.0,1.1,8.555555555555555,28.0
LC_dv28_Tlc3p0_TTC02_CP5_S6p233_E16p233.mp4,CP5,4,938.370931881324,234.592732970331,523.5507756617035,1.9979052533331805,0.8,1.0,12,2.0,0.8,6.222222222222222,28.0
LC_dv28_Tlc3p0_TTC03_CP1_S5p067_E15p067.mp4,CP1,30,154.83257097978984,5.161085699326327,38.22484534797448,0.0,2.8000000000000003,0.0,24,3.0,3.0,23.33333333333333,28.0
LC_dv28_Tlc3p0_TTC03_CP2_S5p367_E15p367.mp4,CP2,13,1643.0424410747496,126.38788008267305,580.1818224076885,0.0,2.6,0.4166666666666667,12,3.0,2.7,21.0,28.0
LC_dv28_Tlc3p0_TTC03_CP3_S5p667_E15p667.mp4,CP3,12,1788.8488874662003,149.07074062218337,748.8118883658146,0.0,2.4000000000000004,0.6666666666666666,12,3.0,2.4,18.666666666666664,28.0
LC_dv28_Tlc3p0_TTC03_CP4_S5p967_E15p967.mp4,CP4,10,1643.2922954147548,164.32922954147548,633.361950580564,0.0,2.0,0.8333333333333334,12,3.0,2.1,16.333333333333332,28.0
LC_dv28_Tlc3p0_TTC03_CP5_S6p267_E16p267.mp4,CP5,9,1695.932363152656,188.436929239184,1022.2852912627943,0.9065362677948535,1.8,0.8333333333333334,12,3.0,1.8,14.0,28.0
LC_dv28_Tlc3p0_TTC04_CP1_S5p067_E15p067.mp4,CP1,30,172.39155949879998,5.746385316626666,64.24140902728011,0.0,3.8000000000000003,0.0208333333333333,24,4.0,4.0,31.11111111111111,28.0
LC_dv28_Tlc3p0_TTC04_CP2_S5p367_E15p367.mp4,CP2,18,1928.908912191156,107.161606232842,423.16861535497685,0.0,3.6,0.2083333333333333,12,4.0,3.7,28.77777777777778,28.0
LC_dv28_Tlc3p0_TTC04_CP3_S5p667_E15p667.mp4,CP3,17,1848.010880843653,108.70652240256783,496.65459211736635,0.0,3.4000000000000004,0.4166666666666667,12,4.0,3.4,26.444444444444443,28.0
LC_dv28_Tlc3p0_TTC04_CP4_S5p967_E15p967.mp4,CP4,15,1779.4000814950602,118.62667209967069,480.093945719579,0.0,3.0,0.4583333333333333,12,4.0,3.1,24.11111111111111,28.0
LC_dv28_Tlc3p0_TTC04_CP5_S6p267_E16p267.mp4,CP5,14,1734.6734091986273,123.90524351418766,629.1115249665801,0.174781144114628,2.8000000000000003,0.6666666666666666,12,4.0,2.8,21.77777777777777,28.0
LC_dv28_Tlc3p0_TTC06_CP1_S5p033_E15p033.mp4,CP1,30,61.93319974632633,2.064439991544211,18.214390529807442,0.0,5.4,0.0,12,6.0,6.0,46.66666666666666,28.0
LC_dv28_Tlc3p0_TTC06_CP3_S5p633_E15p633.mp4,CP3,28,1382.3181010893854,49.368503610335196,215.70040062903198,0.0,5.0,0.0833333333333333,12,6.0,5.4,42.0,28.0
LC_dv28_Tlc3p0_TTC06_CP5_S6p233_E16p233.mp4,CP5,24,1711.8206835165013,71.32586181318756,321.086803173269,1.696478439222826e-05,4.800000000000001,0.2083333333333333,12,6.0,4.8,37.33333333333333,28.0
LC_dv28_Tlc3p0_TTC07_CP1_S5p067_E15p067.mp4,CP1,30,23.242940646090013,0.7747646882030004,12.056649136799122,0.0,6.0,0.0416666666666666,12,7.0,7.0,54.44444444444444,28.0
LC_dv28_Tlc3p0_TTC07_CP2_S5p367_E15p367.mp4,CP2,30,773.4488317751222,25.781627725837406,186.69004946784432,0.0,6.0,0.0,12,7.0,6.7,52.11111111111112,28.0
LC_dv28_Tlc3p0_TTC07_CP4_S5p967_E15p967.mp4,CP4,30,1298.1477994551724,43.27159331517241,280.25771076237714,0.0,5.4,0.2083333333333333,12,7.0,6.1,47.44444444444444,28.0
LC_dv28_Tlc4p0_TTC02_CP1_S5p067_E15p067.mp4,CP1,30,153.73353360193119,5.124451120064373,97.84768001382565,0.0,2.0,0.0,24,2.0,2.0,15.555555555555555,28.0
LC_dv28_Tlc4p0_TTC02_CP2_S5p367_E15p367.mp4,CP2,8,1487.695519304411,185.96193991305137,791.8052736328996,0.0,1.8,0.6666666666666666,12,2.0,1.7,13.22222222222222,28.0
LC_dv28_Tlc4p0_TTC02_CP3_S5p667_E15p667.mp4,CP3,7,1372.6370866406971,196.09101237724244,925.5005419258504,0.0,1.4000000000000001,0.7916666666666666,12,2.0,1.4,10.888888888888888,28.0
LC_dv28_Tlc4p0_TTC02_CP4_S5p967_E15p967.mp4,CP4,6,1897.2640799077005,316.2106799846168,1436.7121278381244,0.0,1.2000000000000002,0.9166666666666666,12,2.0,1.1,8.555555555555555,28.0
LC_dv28_Tlc4p0_TTC02_CP5_S6p267_E16p267.mp4,CP5,4,1102.8381602712882,275.70954006782205,947.1035883442389,0.1854499062217151,0.8,0.9166666666666666,12,2.0,0.8,6.222222222222222,28.0
LC_dv28_Tlc4p0_TTC03_CP1_S5p033_E15p033.mp4,CP1,30,100.84906989129722,3.3616356630432405,27.911204565440475,0.0,3.2,0.0,24,3.0,3.0,23.33333333333333,28.0
LC_dv28_Tlc4p0_TTC03_CP2_S5p333_E15p333.mp4,CP2,14,1687.2022406840058,120.51444576314327,593.6429044098534,0.0,2.8000000000000003,0.375,12,3.0,2.7,21.0,28.0
LC_dv28_Tlc4p0_TTC03_CP3_S5p633_E15p633.mp4,CP3,12,1547.9913438091094,128.99927865075912,631.5219464625898,0.0,2.4000000000000004,0.5,12,3.0,2.4,18.666666666666664,28.0
LC_dv28_Tlc4p0_TTC03_CP4_S5p933_E15p933.mp4,CP4,11,1624.7678194373225,147.70616540339296,797.2718674660332,0.0,2.2,0.6666666666666666,12,3.0,2.1,16.333333333333332,28.0
LC_dv28_Tlc4p0_TTC03_CP5_S6p233_E16p233.mp4,CP5,9,1631.274686608283,181.25274295647588,723.1893273075601,0.0,1.8,0.7916666666666666,12,3.0,1.8,14.0,28.0
LC_dv28_Tlc4p0_TTC04_CP1_S5p067_E15p067.mp4,CP1,30,126.38443452859319,4.212814484286439,37.27846319187361,0.0,3.8000000000000003,0.0,24,4.0,4.0,31.11111111111111,28.0
LC_dv28_Tlc4p0_TTC04_CP2_S5p367_E15p367.mp4,CP2,18,1824.0681371682267,101.33711873156815,438.5402695055688,0.0,3.6,0.2916666666666667,12,4.0,3.7,28.77777777777778,28.0
LC_dv28_Tlc4p0_TTC04_CP3_S5p667_E15p667.mp4,CP3,17,1861.488202161863,109.49930600952135,518.9775945503517,0.0,3.4000000000000004,0.4583333333333333,12,4.0,3.4,26.444444444444443,28.0
LC_dv28_Tlc4p0_TTC04_CP4_S5p967_E15p967.mp4,CP4,15,1736.118022867834,115.74120152452227,463.9461946790116,0.0,3.0,0.4583333333333333,12,4.0,3.1,24.11111111111111,28.0
LC_dv28_Tlc4p0_TTC04_CP5_S6p267_E16p267.mp4,CP5,14,1696.7634088601396,121.19738634715283,614.2790595753614,0.0038242818569697713,2.8000000000000003,0.625,12,4.0,2.8,21.77777777777777,28.0
LC_dv28_Tlc4p0_TTC05_CP1_S5p067_E15p067.mp4,CP1,30,114.41754282606453,3.813918094202151,26.373598907329832,0.0,4.6000000000000005,0.0,12,5.0,5.0,38.888888888888886,28.0
LC_dv28_Tlc4p0_TTC05_CP2_S5p367_E15p367.mp4,CP2,23,1720.1635105209346,74.78971784873629,277.1482292695692,0.0,4.4,0.25,12,5.0,4.7,36.55555555555556,28.0
LC_dv28_Tlc4p0_TTC05_CP4_S5p967_E15p967.mp4,CP4,21,1496.5516988557265,71.26436661217745,298.18744287468695,0.0,4.0,0.375,12,5.0,4.1,31.88888888888889,28.0
LC_dv28_Tlc4p0_TTC07_CP1_S5p067_E15p067.mp4,CP1,30,23.975179851474834,0.7991726617158278,12.558990487709535,0.0,6.0,0.0416666666666666,12,7.0,7.0,54.44444444444444,28.0
LC_dv28_Tlc4p0_TTC07_CP3_S5p667_E15p667.mp4,CP3,30,937.8854792376362,31.262849307921208,213.20771931090275,0.0,6.0,0.0833333333333333,12,7.0,6.4,49.77777777777778,28.0
LC_dv28_Tlc4p0_TTC07_CP5_S6p267_E16p267.mp4,CP5,28,1430.6913745674697,51.09612052026677,240.39552942590993,0.0,5.0,0.25,12,7.0,5.8,45.11111111111111,28.0
LC_dv35_Tlc2p0_TTC02_CP1_S5p033_E15p033.mp4,CP1,30,184.36638429571468,6.145546143190489,112.3769870681736,0.0,2.0,0.0,21,2.0,2.0,19.444444444444443,35.0
LC_dv35_Tlc2p0_TTC02_CP2_S5p333_E15p333.mp4,CP2,9,2396.986116726249,266.33179074736097,1640.6856486779698,0.0,1.8,0.6363636363636364,11,2.0,1.7,16.527777777777775,35.0
LC_dv35_Tlc2p0_TTC02_CP3_S5p633_E15p633.mp4,CP3,7,1695.2763403966333,242.18233434237618,1154.2810666854102,0.0,1.4000000000000001,0.8,10,2.0,1.4,13.611111111111107,35.0
LC_dv35_Tlc2p0_TTC02_CP4_S5p933_E15p933.mp4,CP4,6,3338.1083664418775,556.3513944069796,2748.8568290807225,4.13864122602297,1.2000000000000002,0.8636363636363636,11,2.0,1.1,10.694444444444445,35.0
LC_dv35_Tlc2p0_TTC02_CP5_S6p233_E16p233.mp4,CP5,4,1306.4884090317605,326.6221022579401,1001.5963010124337,37.37325627637951,0.8,0.9,10,2.0,0.8,7.777777777777778,35.0
LC_dv35_Tlc2p0_TTC03_CP1_S5p067_E15p067.mp4,CP1,30,129.75742354760047,4.325247451586682,68.75139100406003,0.0,3.0,0.0238095238095238,21,3.0,3.0,29.166666666666664,35.0
LC_dv35_Tlc2p0_TTC03_CP2_S5p367_E15p367.mp4,CP2,13,2083.4029621687764,160.26176632067512,939.4909464672781,0.0,2.6,0.6363636363636364,11,3.0,2.7,26.25,35.0
LC_dv35_Tlc2p0_TTC03_CP3_S5p667_E15p667.mp4,CP3,12,2299.614081676824,191.634506806402,1257.8809074723479,0.0,2.4000000000000004,0.3,10,3.0,2.4,23.33333333333333,35.0
LC_dv35_Tlc2p0_TTC03_CP4_S5p967_E15p967.mp4,CP4,10,2024.466479708511,202.4466479708511,852.6958737858264,1.7301922536393564,2.0,0.6363636363636364,11,3.0,2.1,20.416666666666664,35.0
LC_dv35_Tlc2p0_TTC03_CP5_S6p267_E16p267.mp4,CP5,9,2557.4988814361227,284.16654238179143,1899.2417846604847,4.664088787291038,1.8,0.75,10,3.0,1.8,17.5,35.0
LC_dv35_Tlc2p0_TTC04_CP1_S5p067_E15p067.mp4,CP1,30,186.42670403048118,6.2142234676827055,71.00118487980696,0.0,3.8000000000000003,0.0,21,4.0,4.0,38.888888888888886,35.0
LC_dv35_Tlc2p0_TTC04_CP2_S5p367_E15p367.mp4,CP2,19,2363.803538927395,124.41071257512606,646.1512809047275,0.0,3.6,0.2272727272727272,11,4.0,3.7,35.97222222222222,35.0
LC_dv35_Tlc2p0_TTC04_CP3_S5p667_E15p667.mp4,CP3,17,2018.0767740238189,118.71039847198935,680.721141674489,0.0,3.4000000000000004,0.2,10,4.0,3.4,33.05555555555555,35.0
LC_dv35_Tlc2p0_TTC04_CP4_S5p967_E15p967.mp4,CP4,16,2310.4556286054485,144.40347678784053,895.6494376164458,0.2832060165677077,3.2,0.5454545454545454,11,4.0,3.1,30.13888888888889,35.0
LC_dv35_Tlc2p0_TTC04_CP5_S6p267_E16p267.mp4,CP5,14,2150.939072865309,153.6385052046649,917.6766301461926,0.7386086733923644,2.8000000000000003,0.2,10,4.0,2.8,27.22222222222221,35.0
LC_dv35_Tlc2p0_TTC05_CP1_S5p033_E15p033.mp4,CP1,30,214.38344574311895,7.1461148581039655,81.8097168888138,0.0,4.6000000000000005,0.0454545454545454,11,5.0,5.0,48.61111111111111,35.0
LC_dv35_Tlc2p0_TTC05_CP2_S5p333_E15p333.mp4,CP2,23,2242.7979729414815,97.51295534528181,449.5506812511465,0.0,4.800000000000001,0.3181818181818182,11,5.0,4.7,45.69444444444444,35.0
LC_dv35_Tlc2p0_TTC05_CP4_S5p933_E15p933.mp4,CP4,20,2551.3544204620157,127.56772102310079,579.5146120382061,0.015231507942257149,4.2,0.4545454545454545,11,5.0,4.1,39.86111111111111,35.0
LC_dv35_Tlc2p0_TTC07_CP1_S5p067_E15p067.mp4,CP1,30,19.552852058094043,0.6517617352698014,12.233531250312039,0.0,6.0,0.0,10,7.0,7.0,68.05555555555554,35.0
LC_dv35_Tlc2p0_TTC07_CP3_S5p667_E15p667.mp4,CP3,30,1349.9976328250486,44.999921094168286,278.16275296754384,0.0,5.800000000000001,0.0,10,7.0,6.4,62.22222222222222,35.0
LC_dv35_Tlc2p0_TTC07_CP5_S6p267_E16p267.mp4,CP5,29,1802.9650435981914,62.17120839993763,304.0632262136128,0.0,5.4,0.0,10,7.0,5.8,56.388888888888886,35.0
LC_dv35_Tlc3p0_TTC02_CP1_S5p067_E15p067.mp4,CP1,30,157.10636886843363,5.236878962281121,92.40736604412652,0.0,2.0,0.0,24,2.0,2.0,19.444444444444443,35.0
LC_dv35_Tlc3p0_TTC02_CP2_S5p367_E15p367.mp4,CP2,8,1815.8286030135346,226.97857537669182,801.4997428767223,0.0,1.6,0.7083333333333334,12,2.0,1.7,16.527777777777775,35.0
LC_dv35_Tlc3p0_TTC02_CP3_S5p667_E15p667.mp4,CP3,7,2754.234412914224,393.4620589877463,2272.4393911389016,0.0,1.4000000000000001,0.7083333333333334,12,2.0,1.4,13.611111111111107,35.0
LC_dv35_Tlc3p0_TTC02_CP4_S5p967_E15p967.mp4,CP4,5,1180.979463517998,236.1958927035996,619.403705636588,0.0,1.0,0.9166666666666666,12,2.0,1.1,10.694444444444445,35.0
LC_dv35_Tlc3p0_TTC02_CP5_S6p267_E16p267.mp4,CP5,4,2659.1144886694424,664.7786221673606,2286.849027839475,8.524705819582387,0.8,0.8333333333333334,12,2.0,0.8,7.777777777777778,35.0
LC_dv35_Tlc3p0_TTC03_CP1_S5p033_E15p033.mp4,CP1,30,114.32891770781438,3.8109639235938126,43.495779699702595,0.0,3.0,0.0,24,3.0,3.0,29.166666666666664,35.0
LC_dv35_Tlc3p0_TTC03_CP2_S5p333_E15p333.mp4,CP2,14,2245.0396251488482,160.35997322491772,857.3008644070532,0.0,2.8000000000000003,0.1666666666666666,12,3.0,2.7,26.25,35.0
LC_dv35_Tlc3p0_TTC03_CP3_S5p633_E15p633.mp4,CP3,12,2136.7297669562763,178.06081391302303,1001.7846937052682,0.0,2.4000000000000004,0.375,12,3.0,2.4,23.33333333333333,35.0
LC_dv35_Tlc3p0_TTC03_CP4_S5p933_E15p933.mp4,CP4,11,2346.973013593031,213.3611830539119,1391.7819365412618,0.0,2.2,0.5416666666666666,12,3.0,2.1,20.416666666666664,35.0
LC_dv35_Tlc3p0_TTC03_CP5_S6p233_E16p233.mp4,CP5,9,2033.3675164782082,225.92972405313424,937.5468887923496,0.24479549629379713,1.8,0.6666666666666666,12,3.0,1.8,17.5,35.0
LC_dv35_Tlc3p0_TTC04_CP1_S5p067_E15p067.mp4,CP1,30,159.45208932981905,5.315069644327301,70.48779622630623,0.0,3.8000000000000003,0.0208333333333333,24,4.0,4.0,38.888888888888886,35.0
LC_dv35_Tlc3p0_TTC04_CP2_S5p367_E15p367.mp4,CP2,18,2153.6173059105386,119.64540588391881,718.5699469424547,0.0,3.6,0.2083333333333333,12,4.0,3.7,35.97222222222222,35.0
LC_dv35_Tlc3p0_TTC04_CP3_S5p667_E15p667.mp4,CP3,17,2176.738520238661,128.04344236698006,628.1711806472539,0.0,3.4000000000000004,0.3333333333333333,12,4.0,3.4,33.05555555555555,35.0
LC_dv35_Tlc3p0_TTC04_CP4_S5p967_E15p967.mp4,CP4,15,2061.0155872260134,137.40103914840088,730.5985544954681,0.0,3.0,0.3333333333333333,12,4.0,3.1,30.13888888888889,35.0
LC_dv35_Tlc3p0_TTC04_CP5_S6p267_E16p267.mp4,CP5,14,2318.322715827947,165.59447970199622,1035.113147532177,0.1853630861197316,2.8000000000000003,0.4166666666666667,12,4.0,2.8,27.22222222222221,35.0
LC_dv35_Tlc3p0_TTC05_CP1_S5p067_E15p067.mp4,CP1,30,180.26939664470083,6.008979888156694,78.13080811677663,0.0,4.6000000000000005,0.0416666666666666,12,5.0,5.0,48.61111111111111,35.0
LC_dv35_Tlc3p0_TTC05_CP3_S5p667_E15p667.mp4,CP3,21,2060.8807453218587,98.13717834865994,477.9126927906264,0.0,4.2,0.2083333333333333,12,5.0,4.4,42.77777777777778,35.0
LC_dv35_Tlc3p0_TTC05_CP5_S6p267_E16p267.mp4,CP5,19,2119.3190547910494,111.54310814689734,516.3859643776337,0.03115660614072426,3.8000000000000003,0.2916666666666667,12,5.0,3.8,36.94444444444444,35.0
LC_dv35_Tlc3p0_TTC06_CP1_S5p067_E15p067.mp4,CP1,30,114.34260445937258,3.8114201486457526,48.74679191261507,0.0,5.4,0.0416666666666666,12,6.0,6.0,58.33333333333333,35.0
LC_dv35_Tlc3p0_TTC06_CP2_S5p367_E15p367.mp4,CP2,28,1853.5491006973361,66.198182167762,392.37791705793575,0.0,5.4,0.0,12,6.0,5.7,55.41666666666666,35.0
LC_dv35_Tlc3p0_TTC06_CP4_S5p967_E15p967.mp4,CP4,25,2460.459807301509,98.41839229206036,522.4816214239127,0.0,5.0,0.0833333333333333,12,6.0,5.1,49.58333333333333,35.0
LC_dv35_Tlc4p0_TTC02_CP1_S5p067_E15p067.mp4,CP1,30,174.1643555061528,5.8054785168717595,103.58946554070684,0.0,2.0,0.02,25,2.0,2.0,19.444444444444443,35.0
LC_dv35_Tlc4p0_TTC02_CP2_S5p367_E15p367.mp4,CP2,8,1920.8942032561329,240.1117754070166,851.8669048370717,0.0,1.6,0.4615384615384615,13,2.0,1.7,16.527777777777775,35.0
LC_dv35_Tlc4p0_TTC02_CP3_S5p667_E15p667.mp4,CP3,7,2687.0872638756255,383.86960912508937,2252.239636079787,0.0,1.4000000000000001,0.8333333333333334,12,2.0,1.4,13.611111111111107,35.0
LC_dv35_Tlc4p0_TTC02_CP4_S5p967_E15p967.mp4,CP4,5,1054.9720832413698,210.99441664827395,650.3763101213037,0.0,1.0,0.8076923076923077,13,2.0,1.1,10.694444444444445,35.0
LC_dv35_Tlc4p0_TTC02_CP5_S6p267_E16p267.mp4,CP5,4,2731.119949266995,682.7799873167487,2492.558790435985,0.23108524925699261,0.8,0.9583333333333334,12,2.0,0.8,7.777777777777778,35.0
LC_dv35_Tlc4p0_TTC03_CP1_S5p067_E15p067.mp4,CP1,30,187.5672581680495,6.252241938934984,88.22072403959174,0.0,3.0,0.0,25,3.0,3.0,29.166666666666664,35.0
LC_dv35_Tlc4p0_TTC03_CP2_S5p367_E15p367.mp4,CP2,13,1996.8278937609903,153.60214567392234,881.4422310562504,0.0,2.6,0.3846153846153846,13,3.0,2.7,26.25,35.0
LC_dv35_Tlc4p0_TTC03_CP3_S5p667_E15p667.mp4,CP3,12,2300.0264562393804,191.6688713532817,1268.4910762330453,0.0,2.4000000000000004,0.5,12,3.0,2.4,23.33333333333333,35.0
LC_dv35_Tlc4p0_TTC03_CP4_S5p967_E15p967.mp4,CP4,10,2058.191012507866,205.81910125078662,934.6146509772188,0.0,2.2,0.6538461538461539,13,3.0,2.1,20.416666666666664,35.0
LC_dv35_Tlc4p0_TTC03_CP5_S6p267_E16p267.mp4,CP5,9,2375.224532081667,263.913836897963,1744.4084034121177,0.022663802779688855,1.8,0.7916666666666666,12,3.0,1.8,17.5,35.0
LC_dv35_Tlc4p0_TTC04_CP1_S5p067_E15p067.mp4,CP1,30,186.7410451811352,6.224701506037841,71.13785471628017,0.0,3.8000000000000003,0.0,25,4.0,4.0,38.888888888888886,35.0
LC_dv35_Tlc4p0_TTC04_CP2_S5p367_E15p367.mp4,CP2,19,2303.1949163642075,121.22078507180039,679.2555417224585,0.0,3.8000000000000003,0.1538461538461538,13,4.0,3.7,35.97222222222222,35.0
LC_dv35_Tlc4p0_TTC04_CP3_S5p667_E15p667.mp4,CP3,17,2039.3122226512023,119.95954250889426,625.865382952067,0.0,3.4000000000000004,0.0833333333333333,12,4.0,3.4,33.05555555555555,35.0
LC_dv35_Tlc4p0_TTC04_CP4_S5p967_E15p967.mp4,CP4,16,2068.532647892869,129.28329049330432,746.766737804655,0.0,3.2,0.4230769230769231,13,4.0,3.1,30.13888888888889,35.0
LC_dv35_Tlc4p0_TTC04_CP5_S6p267_E16p267.mp4,CP5,14,2066.3280845367776,147.5948631811984,881.8206669775345,0.003512900849795144,2.8000000000000003,0.5,12,4.0,2.8,27.22222222222221,35.0
LC_dv35_Tlc4p0_TTC06_CP1_S5p067_E15p067.mp4,CP1,30,113.37903231327576,3.7793010771091917,48.227812740173675,0.0,5.4,0.0416666666666666,12,6.0,6.0,58.33333333333333,35.0
LC_dv35_Tlc4p0_TTC06_CP3_S5p667_E15p667.mp4,CP3,26,2141.502335859524,82.36547445613554,428.8274580143874,0.0,5.0,0.0416666666666666,12,6.0,5.4,52.5,35.0
LC_dv35_Tlc4p0_TTC06_CP5_S6p267_E16p267.mp4,CP5,23,2343.7717891792413,101.90312126866266,509.2733959538374,0.0,4.6000000000000005,0.2083333333333333,12,6.0,4.8,46.66666666666666,35.0
LC_dv35_Tlc4p0_TTC07_CP1_S5p067_E15p067.mp4,CP1,30,11.281760287146152,0.3760586762382051,5.8863985428913965,0.0,6.0,0.0,13,7.0,7.0,68.05555555555554,35.0
LC_dv35_Tlc4p0_TTC07_CP2_S5p367_E15p367.mp4,CP2,30,620.1707931344104,20.67235977114701,183.23739100319315,0.0,5.800000000000001,0.0,13,7.0,6.7,65.13888888888889,35.0
LC_dv35_Tlc4p0_TTC07_CP4_S5p967_E15p967.mp4,CP4,30,1415.1091658315322,47.17030552771774,280.01906242762465,0.0,5.6000000000000005,0.1923076923076923,13,7.0,6.1,59.30555555555555,35.0
LC_dv42_Tlc2p0_TTC02_CP1_S5p033_E15p033.mp4,CP1,30,159.67890787852426,5.3226302626174755,95.29249777123803,0.0,2.2,0.0769230769230769,26,2.0,2.0,23.33333333333333,42.0
LC_dv42_Tlc2p0_TTC02_CP2_S5p333_E15p333.mp4,CP2,9,2512.88858966508,279.20984329611997,1959.6278591138432,0.0,1.8,0.6923076923076923,13,2.0,1.7,19.83333333333333,42.0
LC_dv42_Tlc2p0_TTC02_CP3_S5p633_E15p633.mp4,CP3,7,2679.063517449425,382.72335963563216,1883.4816090042807,0.0,1.6,0.6923076923076923,13,2.0,1.4,16.333333333333332,42.0
LC_dv42_Tlc2p0_TTC02_CP4_S5p933_E15p933.mp4,CP4,6,2277.744890754432,379.62414845907205,1880.638374789149,3.694999341831519,1.2000000000000002,0.8846153846153846,13,2.0,1.1,12.833333333333334,42.0
LC_dv42_Tlc2p0_TTC02_CP5_S6p233_E16p233.mp4,CP5,4,2654.192116028985,663.5480290072462,1928.1627663480824,30.827058823378398,1.0,0.9230769230769232,13,2.0,0.8,9.333333333333334,42.0
LC_dv42_Tlc2p0_TTC03_CP1_S5p067_E15p067.mp4,CP1,30,225.14720910509874,7.504906970169958,78.30889508555607,0.0,3.2,0.0384615384615384,26,3.0,3.0,35.0,42.0
LC_dv42_Tlc2p0_TTC03_CP2_S5p367_E15p367.mp4,CP2,13,2660.3261454014914,204.64047272319164,1378.4944359001925,0.0,2.6,0.5384615384615384,13,3.0,2.7,31.5,42.0
LC_dv42_Tlc2p0_TTC03_CP3_S5p667_E15p667.mp4,CP3,12,2656.2743407852304,221.35619506543586,1478.5151308624668,0.0,2.4000000000000004,0.2692307692307692,13,3.0,2.4,28.0,42.0
LC_dv42_Tlc2p0_TTC03_CP4_S5p967_E15p967.mp4,CP4,10,2355.7849157885366,235.57849157885366,1359.1137525936733,1.9161042166342128,2.0,0.6153846153846154,13,3.0,2.1,24.5,42.0
LC_dv42_Tlc2p0_TTC03_CP5_S6p267_E16p267.mp4,CP5,9,3264.4633154619355,362.7181461624373,2455.074537188948,5.028601236220982,1.8,0.5,13,3.0,1.8,21.0,42.0
LC_dv42_Tlc2p0_TTC04_CP1_S5p067_E15p067.mp4,CP1,30,219.73734166147523,7.324578055382507,81.39434629879828,0.0,3.8000000000000003,0.0192307692307692,26,4.0,4.0,46.66666666666666,42.0
LC_dv42_Tlc2p0_TTC04_CP2_S5p367_E15p367.mp4,CP2,18,2718.3426565990976,151.01903647772764,932.9814048043031,0.0,3.6,0.3461538461538461,13,4.0,3.7,43.16666666666666,42.0
LC_dv42_Tlc2p0_TTC04_CP3_S5p667_E15p667.mp4,CP3,16,2679.8829306695166,167.49268316684478,893.9292329269229,0.0,3.4000000000000004,0.2692307692307692,13,4.0,3.4,39.66666666666666,42.0
LC_dv42_Tlc2p0_TTC04_CP4_S5p967_E15p967.mp4,CP4,15,2742.1102112375047,182.80734741583365,1130.626419038162,0.3910956212736305,3.0,0.4615384615384615,13,4.0,3.1,36.16666666666666,42.0
LC_dv42_Tlc2p0_TTC04_CP5_S6p267_E16p267.mp4,CP5,13,2660.971478650967,204.6901137423821,1197.3622797301034,0.9638337331782801,2.8000000000000003,0.3076923076923077,13,4.0,2.8,32.666666666666664,42.0
LC_dv42_Tlc2p0_TTC05_CP1_S5p067_E15p067.mp4,CP1,30,210.43360192886735,7.014453397628912,75.89021500439358,0.0,4.6000000000000005,0.0,13,5.0,5.0,58.33333333333333,42.0
LC_dv42_Tlc2p0_TTC05_CP3_S5p667_E15p667.mp4,CP3,21,2539.7197825228654,120.9390372629936,632.3213542633249,0.0,4.2,0.0769230769230769,13,5.0,4.4,51.333333333333336,42.0
LC_dv42_Tlc2p0_TTC05_CP5_S6p267_E16p267.mp4,CP5,18,2605.681981702168,144.76011009456488,961.328369060533,0.1870782917027719,3.6,0.2692307692307692,13,5.0,3.8,44.33333333333333,42.0
LC_dv42_Tlc2p0_TTC06_CP1_S5p067_E15p067.mp4,CP1,30,217.60139706542674,7.253379902180892,86.5724669611578,0.0,5.4,0.0769230769230769,13,6.0,6.0,70.0,42.0
LC_dv42_Tlc2p0_TTC06_CP2_S5p367_E15p367.mp4,CP2,28,2219.907695754722,79.28241770552579,461.7211874577863,0.0,5.6000000000000005,0.1923076923076923,13,6.0,5.7,66.5,42.0
LC_dv42_Tlc2p0_TTC06_CP4_S5p967_E15p967.mp4,CP4,25,2652.015720914433,106.08062883657732,624.3246088251144,1.8140264816812744e-05,5.0,0.3461538461538461,13,6.0,5.1,59.49999999999999,42.0
LC_dv42_Tlc3p0_TTC02_CP1_S5p067_E15p067.mp4,CP1,30,218.7543809785246,7.291812699284153,171.41455423975577,0.0,2.0,0.0,24,2.0,2.0,23.33333333333333,42.0
LC_dv42_Tlc3p0_TTC02_CP2_S5p367_E15p367.mp4,CP2,8,1896.9801942877525,237.12252428596906,1262.3177787025359,0.0,1.6,0.4583333333333333,12,2.0,1.7,19.83333333333333,42.0
LC_dv42_Tlc3p0_TTC02_CP3_S5p667_E15p667.mp4,CP3,7,3991.1932921045077,570.170470300644,3437.605785083925,0.0,1.4000000000000001,0.7916666666666666,12,2.0,1.4,16.333333333333332,42.0
LC_dv42_Tlc3p0_TTC02_CP4_S5p967_E15p967.mp4,CP4,5,1307.0793914379915,261.4158782875983,966.7141140388246,0.0,1.0,0.875,12,2.0,1.1,12.833333333333334,42.0
LC_dv42_Tlc3p0_TTC02_CP5_S6p267_E16p267.mp4,CP5,4,5415.108299159733,1353.7770747899333,4924.497569950979,10.362991435942986,0.8,1.0,12,2.0,0.8,9.333333333333334,42.0
LC_dv42_Tlc3p0_TTC03_CP1_S5p067_E15p067.mp4,CP1,30,212.5935903159022,7.086453010530073,72.19460831563298,0.0,3.2,0.0208333333333333,24,3.0,3.0,35.0,42.0
LC_dv42_Tlc3p0_TTC03_CP2_S5p367_E15p367.mp4,CP2,13,2730.3633066314114,210.02794666395474,1365.1058959207744,0.0,2.6,0.2083333333333333,12,3.0,2.7,31.5,42.0
LC_dv42_Tlc3p0_TTC03_CP3_S5p667_E15p667.mp4,CP3,12,2743.0905985000845,228.5908832083404,1563.3434752767257,0.0,2.4000000000000004,0.4583333333333333,12,3.0,2.4,28.0,42.0
LC_dv42_Tlc3p0_TTC03_CP4_S5p967_E15p967.mp4,CP4,10,2407.1080277578903,240.71080277578903,1336.567517019996,0.0,2.0,0.7083333333333334,12,3.0,2.1,24.5,42.0
LC_dv42_Tlc3p0_TTC03_CP5_S6p267_E16p267.mp4,CP5,9,3338.8368536850953,370.9818726316773,2562.7800686921178,1.1190738316928095,1.8,0.75,12,3.0,1.8,21.0,42.0
LC_dv42_Tlc3p0_TTC04_CP1_S5p067_E15p067.mp4,CP1,30,210.09579916092218,7.003193305364073,77.8058070730793,0.0,3.8000000000000003,0.0,24,4.0,4.0,46.66666666666666,42.0
LC_dv42_Tlc3p0_TTC04_CP2_S5p367_E15p367.mp4,CP2,18,2564.9340748827126,142.49633749348402,974.013722254281,0.0,3.6,0.0833333333333333,12,4.0,3.7,43.16666666666666,42.0
LC_dv42_Tlc3p0_TTC04_CP3_S5p667_E15p667.mp4,CP3,16,2828.1854444087962,176.76159027554976,944.5962911533173,0.0,3.4000000000000004,0.3333333333333333,12,4.0,3.4,39.66666666666666,42.0
LC_dv42_Tlc3p0_TTC04_CP4_S5p967_E15p967.mp4,CP4,15,2676.536631212908,178.43577541419387,1092.633489622026,0.0,3.0,0.4583333333333333,12,4.0,3.1,36.16666666666666,42.0
LC_dv42_Tlc3p0_TTC04_CP5_S6p267_E16p267.mp4,CP5,14,2767.0911260271464,197.64936614479618,1315.0698519260093,0.1941302159573947,2.8000000000000003,0.5,12,4.0,2.8,32.666666666666664,42.0
LC_dv42_Tlc3p0_TTC06_CP1_S5p067_E15p067.mp4,CP1,30,204.86851127610046,6.828950375870016,81.01667416472523,0.0,5.4,0.0416666666666666,12,6.0,6.0,70.0,42.0
LC_dv42_Tlc3p0_TTC06_CP3_S5p667_E15p667.mp4,CP3,26,2479.9265494479823,95.38179036338394,481.4577556217072,0.0,5.4,0.0,12,6.0,5.4,63.0,42.0
LC_dv42_Tlc3p0_TTC06_CP5_S6p267_E16p267.mp4,CP5,23,3015.455471813444,131.10675964406278,719.6972370733996,0.0011849312713138093,4.800000000000001,0.0416666666666666,12,6.0,4.8,55.99999999999999,42.0
LC_dv42_Tlc3p0_TTC07_CP1_S5p033_E15p033.mp4,CP1,30,9.317292862227939,0.3105764287409313,4.382377184381092,0.0,6.0,0.0416666666666666,12,7.0,7.0,81.66666666666666,42.0
LC_dv42_Tlc3p0_TTC07_CP2_S5p333_E15p333.mp4,CP2,30,813.9965191901015,27.133217306336714,292.2743590592293,0.0,6.0,0.0,12,7.0,6.7,78.16666666666667,42.0
LC_dv42_Tlc3p0_TTC07_CP4_S5p933_E15p933.mp4,CP4,30,1792.994251969861,59.76647506566203,534.5292048353504,0.0,6.0,0.0833333333333333,12,7.0,6.1,71.16666666666666,42.0
LC_dv42_Tlc4p0_TTC02_CP1_S5p067_E15p067.mp4,CP1,30,199.74908521612568,6.658302840537522,150.02175302793114,0.0,2.0,0.0625,24,2.0,2.0,23.33333333333333,42.0
LC_dv42_Tlc4p0_TTC02_CP2_S5p367_E15p367.mp4,CP2,8,1962.1238414617217,245.2654801827152,1351.072716765012,0.0,1.6,0.4583333333333333,12,2.0,1.7,19.83333333333333,42.0
LC_dv42_Tlc4p0_TTC02_CP3_S5p667_E15p667.mp4,CP3,7,4050.5177572117877,578.6453938873982,3521.8321637376143,0.0,1.4000000000000001,0.7916666666666666,12,2.0,1.4,16.333333333333332,42.0
LC_dv42_Tlc4p0_TTC02_CP4_S5p967_E15p967.mp4,CP4,5,1147.140354634138,229.42807092682762,861.4921365712078,0.0,1.0,0.9166666666666666,12,2.0,1.1,12.833333333333334,42.0
LC_dv42_Tlc4p0_TTC02_CP5_S6p267_E16p267.mp4,CP5,4,5558.651258873913,1389.6628147184783,5236.409065818808,0.26694853939638397,0.8,0.9583333333333334,12,2.0,0.8,9.333333333333334,42.0
LC_dv42_Tlc4p0_TTC03_CP1_S5p067_E15p067.mp4,CP1,30,225.5250848252146,7.517502827507154,78.49068274990327,0.0,3.2,0.0,24,3.0,3.0,35.0,42.0
LC_dv42_Tlc4p0_TTC03_CP2_S5p367_E15p367.mp4,CP2,13,2662.9149980346433,204.8396152334341,1307.2693977013519,0.0,2.6,0.2916666666666667,12,3.0,2.7,31.5,42.0
LC_dv42_Tlc4p0_TTC03_CP3_S5p667_E15p667.mp4,CP3,12,2807.4840344295762,233.95700286913134,1629.5716040082502,0.0,2.4000000000000004,0.5,12,3.0,2.4,28.0,42.0
LC_dv42_Tlc4p0_TTC03_CP4_S5p967_E15p967.mp4,CP4,10,2487.89646927708,248.78964692770802,1421.0020717302677,0.0,2.0,0.5,12,3.0,2.1,24.5,42.0
LC_dv42_Tlc4p0_TTC03_CP5_S6p267_E16p267.mp4,CP5,9,3385.648459254529,376.1831621393921,2635.272468266134,0.024518966407963413,1.8,0.625,12,3.0,1.8,21.0,42.0
LC_dv42_Tlc4p0_TTC04_CP1_S5p067_E15p067.mp4,CP1,30,203.25151870521202,6.7750506235070675,75.38632710629788,0.0,3.8000000000000003,0.0,24,4.0,4.0,46.66666666666666,42.0
LC_dv42_Tlc4p0_TTC04_CP2_S5p367_E15p367.mp4,CP2,18,2713.2607596256894,150.73670886809384,1080.0645961712114,0.0,3.6,0.2916666666666667,12,4.0,3.7,43.16666666666666,42.0
LC_dv42_Tlc4p0_TTC04_CP3_S5p667_E15p667.mp4,CP3,17,2703.3864200415583,159.02273059067988,883.9647008875006,0.0,3.2,0.3333333333333333,12,4.0,3.4,39.66666666666666,42.0
LC_dv42_Tlc4p0_TTC04_CP4_S5p967_E15p967.mp4,CP4,15,2565.572488875782,171.0381659250521,1078.5583181956629,0.0,3.0,0.375,12,4.0,3.1,36.16666666666666,42.0
LC_dv42_Tlc4p0_TTC04_CP5_S6p267_E16p267.mp4,CP5,14,2678.258363322483,191.30416880874878,1321.6868790210656,0.0043209130654609474,2.8000000000000003,0.5416666666666666,12,4.0,2.8,32.666666666666664,42.0
LC_dv42_Tlc4p0_TTC05_CP1_S5p067_E15p067.mp4,CP1,30,147.86451594958962,4.928817198319654,47.281897614064626,0.0,4.6000000000000005,0.0,12,5.0,5.0,58.33333333333333,42.0
LC_dv42_Tlc4p0_TTC05_CP2_S5p367_E15p367.mp4,CP2,23,2468.180814558962,107.31220932865052,631.4474767600972,0.0,4.6000000000000005,0.0416666666666666,12,5.0,4.7,54.833333333333336,42.0
LC_dv42_Tlc4p0_TTC05_CP4_S5p967_E15p967.mp4,CP4,20,2543.272551841359,127.16362759206795,672.5570128379487,0.0,4.0,0.3333333333333333,12,5.0,4.1,47.83333333333333,42.0
LC_dv42_Tlc4p0_TTC07_CP1_S5p067_E15p067.mp4,CP1,30,12.219124290729253,0.40730414302430845,6.2716768814448365,0.0,6.0,0.0,12,7.0,7.0,81.66666666666666,42.0
LC_dv42_Tlc4p0_TTC07_CP3_S5p667_E15p667.mp4,CP3,30,1312.5456670453802,43.75152223484601,412.5597672390068,0.0,5.800000000000001,0.0,12,7.0,6.4,74.66666666666667,42.0
LC_dv42_Tlc4p0_TTC07_CP5_S6p267_E16p267.mp4,CP5,28,2455.5042859994237,87.69658164283656,447.1128166512901,0.0,5.0,0.2083333333333333,12,7.0,5.8,67.66666666666666,42.0
