video,cp,vy_oth,p_change,gc_1,gc_2,gc_3,gc_4,gc_6,p,n,ttc_start,ttc_true,distance,dv_kph,lcd,x_looming,gate_g1
LC_dv07_Tlc2p0_TTC02_CP1_S5p033_E15p033.mp4,CP1,0.004232281883507101,0.07000000000000002,0.085,0.085,0.085,0.085,0.085,0.0,21,2.0,2.0,3.888888888888889,7.0,2.0,-1.4758358334005228,0.06654594577985293
LC_dv07_Tlc2p0_TTC02_CP2_S5p333_E15p333.mp4,CP2,-0.9852701196991885,0.8224989799687148,0.76,0.76,0.76,0.76,0.76,0.9545454545454546,11,2.0,1.7,3.305555555555556,7.0,2.0,-1.1718197333747336,0.9638297846821879
LC_dv07_Tlc2p0_TTC02_CP3_S5p633_E15p633.mp4,CP3,-1.5240312751011829,0.9994770865896851,1.0,1.0,1.0,1.0,1.0,0.85,10,2.0,1.4,2.722222222222222,7.0,2.0,-0.818459091831626,0.9999946125945988
LC_dv07_Tlc2p0_TTC02_CP4_S5p933_E15p933.mp4,CP4,-1.578588381395977,0.9997289260609274,1.0,1.0,1.0,1.0,1.0,1.0,11,2.0,1.1,2.138888888888889,7.0,2.0,-0.4001972745314972,0.9999971383767287
LC_dv07_Tlc2p0_TTC02_CP5_S6p233_E16p233.mp4,CP5,-1.5954786911756704,0.9997792154525466,1.0,1.0,1.0,1.0,1.0,0.85,10,2.0,0.8,1.5555555555555556,7.0,2.0,0.1018040459973522,0.9999998018297924
LC_dv07_Tlc2p0_TTC03_CP1_S5p033_E15p033.mp4,CP1,0.0012367870960605547,0.07000000000000002,0.085,0.085,0.085,0.085,0.085,0.0238095238095238,21,3.0,3.0,5.833333333333333,7.0,2.0,-2.2555553199780123,0.06772784818573346
LC_dv07_Tlc2p0_TTC03_CP2_S5p333_E15p333.mp4,CP2,-0.9819343028203885,0.8173855861520491,0.75,0.75,0.75,0.75,0.75,0.8181818181818182,11,3.0,2.7,5.25,7.0,2.0,-2.0507658466895697,0.962857051757218
LC_dv07_Tlc2p0_TTC03_CP3_S5p633_E15p633.mp4,CP3,-1.5240398397156687,0.9994771401561579,1.0,1.0,1.0,1.0,1.0,0.75,10,3.0,2.4,4.666666666666666,7.0,2.0,-1.8234337124089448,0.9999945622056106
LC_dv07_Tlc2p0_TTC03_CP4_S5p933_E15p933.mp4,CP4,-1.5786115007208479,0.9997290020332111,1.0,1.0,1.0,1.0,1.0,0.9545454545454546,11,3.0,2.1,4.083333333333333,7.0,2.0,-1.5682605400132,0.9999971108527652
LC_dv07_Tlc2p0_TTC03_CP5_S6p233_E16p233.mp4,CP5,-1.6121453546314244,0.9998198353023068,1.0,1.0,1.0,1.0,1.0,0.8,10,3.0,1.8,3.5,7.0,2.0,-1.278005697428891,0.9999998506317893
LC_dv07_Tlc2p0_TTC04_CP1_S5p067_E15p067.mp4,CP1,0.004485825744512014,0.07000000000000002,0.085,0.085,0.085,0.085,0.085,0.0,21,4.0,4.0,7.777777777777778,7.0,2.0,-2.819761432955759,0.06615554628018201
LC_dv07_Tlc2p0_TTC04_CP2_S5p367_E15p367.mp4,CP2,-1.29191522197877,0.9922837844973716,0.985,0.985,0.985,0.985,0.985,0.8636363636363636,11,4.0,3.7,7.194444444444445,7.0,2.0,-2.6662696454454218,0.9975699394498705
LC_dv07_Tlc2p0_TTC04_CP3_S5p667_E15p667.mp4,CP3,-1.5137004858804244,0.9994084035501213,1.0,1.0,1.0,1.0,1.0,0.7,10,4.0,3.4,6.611111111111111,7.0,2.0,-2.5002492060565444,0.9999960649379483
LC_dv07_Tlc2p0_TTC04_CP4_S5p967_E15p967.mp4,CP4,-1.598574354781786,0.9997873844381383,1.0,1.0,1.0,1.0,1.0,0.8181818181818182,11,4.0,3.1,6.027777777777778,7.0,2.0,-2.3195237816851915,0.999998640030944
LC_dv07_Tlc2p0_TTC04_CP5_S6p267_E16p267.mp4,CP5,-1.6452253106733914,0.999879951241409,1.0,1.0,1.0,1.0,1.0,0.85,10,4.0,2.8,5.444444444444444,7.0,2.0,-2.121315140754475,0.9999999981713319
LC_dv07_Tlc2p0_TTC05_CP1_S5p067_E15p067.mp4,CP1,0.0011524930533690608,0.07000000000000002,0.085,0.085,0.085,0.085,0.085,0.0,11,5.0,5.0,9.72222222222222,7.0,2.0,-3.2608415070219836,0.06733209223175622
LC_dv07_Tlc2p0_TTC05_CP2_S5p367_E15p367.mp4,CP2,-1.2919127390495995,0.9922835699155359,0.985,0.985,0.985,0.985,0.985,0.8181818181818182,11,5.0,4.7,9.13888888888889,7.0,2.0,-3.1383125851464975,0.9975622879137458
LC_dv07_Tlc2p0_TTC05_CP4_S5p967_E15p967.mp4,CP4,-1.595255043433191,0.9997786135087628,1.0,1.0,1.0,1.0,1.0,0.8636363636363636,11,5.0,4.1,7.972222222222221,7.0,2.0,-2.8684512727566536,0.9999985991644639
LC_dv07_Tlc2p0_TTC07_CP1_S5p067_E15p067.mp4,CP1,0.0044858257445194154,0.07000000000000002,0.085,0.085,0.085,0.085,0.085,0.0,10,7.0,7.0,13.61111111111111,7.0,2.0,-3.9292297803881033,0.0656377762174264
LC_dv07_Tlc2p0_TTC07_CP3_S5p667_E15p667.mp4,CP3,-1.507712463275418,0.9993646291443349,1.0,1.0,1.0,1.0,1.0,0.4,10,7.0,6.4,12.444444444444445,7.0,2.0,-3.7509387489017034,0.9999957165710589
LC_dv07_Tlc2p0_TTC07_CP5_S6p267_E16p267.mp4,CP5,-1.6512109897983949,0.9998884922911374,1.0,1.0,1.0,1.0,1.0,0.35,10,7.0,5.8,11.277777777777777,7.0,2.0,-3.555294945454257,0.9999999982799959
LC_dv07_Tlc3p0_TTC02_CP1_S5p067_E15p067.mp4,CP1,0.004456881393541194,0.07000000000000002,0.085,0.085,0.085,0.085,0.085,0.0625,24,2.0,2.0,3.888888888888889,7.0,3.0,-1.4758358334005228,0.06654594577985537
LC_dv07_Tlc3p0_TTC02_CP2_S5p367_E15p367.mp4,CP2,-0.7452685704029287,0.2941339529016985,0.255,0.255,0.255,0.255,0.255,0.75,12,2.0,1.7,3.305555555555556,7.0,3.0,-1.1718197333747336,0.8406103904737934
LC_dv07_Tlc3p0_TTC02_CP3_S5p667_E15p667.mp4,CP3,-1.0017426276752839,0.8461721155023316,0.78,0.78,0.78,0.78,0.78,0.9166666666666666,12,2.0,1.4,2.722222222222222,7.0,3.0,-0.818459091831626,0.9924147461700809
LC_dv07_Tlc3p0_TTC02_CP4_S5p967_E15p967.mp4,CP4,-1.0686108832993633,0.9175346666694358,1.0,1.0,1.0,1.0,1.0,0.875,12,2.0,1.1,2.138888888888889,7.0,3.0,-0.4001972745314972,0.995487571676805
LC_dv07_Tlc3p0_TTC02_CP5_S6p267_E16p267.mp4,CP5,-1.0793697565084017,0.9257987494312795,1.0,1.0,1.0,1.0,1.0,0.9583333333333334,12,2.0,0.8,1.5555555555555556,7.0,3.0,0.1018040459973522,0.9995847498906949
LC_dv07_Tlc3p0_TTC03_CP1_S5p067_E15p067.mp4,CP1,0.0011524930533690608,0.07000000000000002,0.085,0.085,0.085,0.085,0.085,0.0416666666666666,24,3.0,3.0,5.833333333333333,7.0,3.0,-2.2555553199780123,0.06772784818573098
LC_dv07_Tlc3p0_TTC03_CP2_S5p367_E15p367.mp4,CP2,-0.8486109444080897,0.5352165369978247,0.47,0.47,0.47,0.47,0.47,0.75,12,3.0,2.7,5.25,7.0,3.0,-2.0507658466895697,0.9099429885674447
LC_dv07_Tlc3p0_TTC03_CP3_S5p667_E15p667.mp4,CP3,-1.022693377387466,0.8726042996931281,0.815,0.815,0.815,0.815,0.815,0.875,12,3.0,2.4,4.666666666666666,7.0,3.0,-1.8234337124089448,0.9943181824729044
LC_dv07_Tlc3p0_TTC03_CP4_S5p967_E15p967.mp4,CP4,-1.0419442240398116,0.8934828410034699,1.0,1.0,1.0,1.0,1.0,0.7916666666666666,12,3.0,2.1,4.083333333333333,7.0,3.0,-1.5682605400132,0.9946836726974788
LC_dv07_Tlc3p0_TTC03_CP5_S6p267_E16p267.mp4,CP5,-1.0673937122671868,0.9165503039661063,1.0,1.0,1.0,1.0,1.0,0.8333333333333334,12,3.0,1.8,3.5,7.0,3.0,-1.278005697428891,0.9995550961287482
LC_dv07_Tlc3p0_TTC04_CP1_S5p033_E15p033.mp4,CP1,0.0012461620834562244,0.07000000000000002,0.085,0.085,0.085,0.085,0.085,0.0625,24,4.0,4.0,7.777777777777778,7.0,3.0,-2.819761432955759,0.06759573037040441
LC_dv07_Tlc3p0_TTC04_CP2_S5p333_E15p333.mp4,CP2,-0.658616138057518,0.15399760740142276,0.155,0.155,0.155,0.155,0.155,0.375,12,4.0,3.7,7.194444444444445,7.0,3.0,-2.6662696454454218,0.7599247756965084
LC_dv07_Tlc3p0_TTC04_CP3_S5p633_E15p633.mp4,CP3,-1.0195700911719174,0.868916272765735,0.815,0.815,0.815,0.815,0.815,0.5833333333333334,12,4.0,3.4,6.611111111111111,7.0,3.0,-2.5002492060565444,0.9928672019341728
LC_dv07_Tlc3p0_TTC04_CP4_S5p933_E15p933.mp4,CP4,-1.0452866369911886,0.896795406345822,1.0,1.0,1.0,1.0,1.0,0.875,12,4.0,3.1,6.027777777777778,7.0,3.0,-2.3195237816851915,0.9938783045352523
LC_dv07_Tlc3p0_TTC04_CP5_S6p233_E16p233.mp4,CP5,-1.0688328170517802,0.9177130435442326,1.0,1.0,1.0,1.0,1.0,0.75,12,4.0,2.8,5.444444444444444,7.0,3.0,-2.121315140754475,0.998134186699616
LC_dv07_Tlc3p0_TTC05_CP1_S5p067_E15p067.mp4,CP1,0.0011524930533690608,0.07000000000000002,0.085,0.085,0.085,0.085,0.085,0.0416666666666666,12,5.0,5.0,9.72222222222222,7.0,3.0,-3.2608415070219836,0.06733209223175622
LC_dv07_Tlc3p0_TTC05_CP3_S5p667_E15p667.mp4,CP3,-1.0197087037706793,0.8690817845102181,0.815,0.815,0.815,0.815,0.815,0.75,12,5.0,4.4,8.555555555555555,7.0,3.0,-3.0078749016691306,0.9942689012799276
LC_dv07_Tlc3p0_TTC05_CP5_S6p267_E16p267.mp4,CP5,-1.061403348461942,0.9115536498419338,1.0,1.0,1.0,1.0,1.0,0.6666666666666666,12,5.0,3.8,7.388888888888888,7.0,3.0,-2.718732159129608,0.9995370429051341
LC_dv07_Tlc3p0_TTC06_CP1_S5p067_E15p067.mp4,CP1,-0.0019503408617863917,0.07000000000000002,0.085,0.085,0.085,0.085,0.085,0.0416666666666666,12,6.0,6.0,11.666666666666666,7.0,3.0,-3.622644705660919,0.06852474796040607
LC_dv07_Tlc3p0_TTC06_CP2_S5p367_E15p367.mp4,CP2,-0.885277773453778,0.6246386684478831,0.575,0.575,0.575,0.575,0.575,0.25,12,6.0,5.7,11.083333333333334,7.0,3.0,-3.5207561488392507,0.9276604359339786
LC_dv07_Tlc3p0_TTC06_CP4_S5p967_E15p967.mp4,CP4,-1.0519417367907813,0.9031289566626644,1.0,1.0,1.0,1.0,1.0,0.375,12,6.0,5.1,9.916666666666666,7.0,3.0,-3.30008630092581,0.9952418833534088
LC_dv07_Tlc4p0_TTC02_CP1_S5p067_E15p067.mp4,CP1,0.004487751535492032,0.07000000000000002,0.085,0.085,0.085,0.085,0.085,0.0,25,2.0,2.0,3.888888888888889,7.0,4.0,-1.4758358334005228,0.06654594577985537
LC_dv07_Tlc4p0_TTC02_CP2_S5p367_E15p367.mp4,CP2,-0.6552851181904361,0.1499513631581146,0.15,0.15,0.15,0.15,0.15,0.6538461538461539,13,2.0,1.7,3.305555555555556,7.0,4.0,-1.1718197333747336,0.757089120905953
LC_dv07_Tlc4p0_TTC02_CP3_S5p667_E15p667.mp4,CP3,-0.7532383815695503,0.31042950327959157,0.275,0.275,0.275,0.275,0.275,1.0,12,2.0,1.4,2.722222222222222,7.0,4.0,-0.818459091831626,0.9308056600491601
LC_dv07_Tlc4p0_TTC02_CP4_S5p967_E15p967.mp4,CP4,-0.7752735279386006,0.35813166534192675,0.31,0.31,0.31,0.31,0.31,0.8461538461538461,13,2.0,1.1,2.138888888888889,7.0,4.0,-0.4001972745314972,0.9364019379475157
LC_dv07_Tlc4p0_TTC02_CP5_S6p267_E16p267.mp4,CP5,-0.7889709496287777,0.38951586499553353,0.995,0.995,0.995,1.0,1.0,1.0,12,2.0,0.8,1.5555555555555556,7.0,4.0,0.1018040459973522,0.981320459821724
LC_dv07_Tlc4p0_TTC03_CP1_S5p067_E15p067.mp4,CP1,0.0011428569224107075,0.07000000000000002,0.085,0.085,0.085,0.085,0.085,0.0,25,3.0,3.0,5.833333333333333,7.0,4.0,-2.2555553199780123,0.06772784818573098
LC_dv07_Tlc4p0_TTC03_CP2_S5p367_E15p367.mp4,CP2,-0.6519633571105772,0.1460080063803641,0.145,0.145,0.145,0.145,0.145,0.6538461538461539,13,3.0,2.7,5.25,7.0,4.0,-2.0507658466895697,0.7532802318245195
LC_dv07_Tlc4p0_TTC03_CP3_S5p667_E15p667.mp4,CP3,-0.7682197874816853,0.3424617089969003,0.295,0.295,0.295,0.295,0.295,0.9583333333333334,12,3.0,2.4,4.666666666666666,7.0,4.0,-1.8234337124089448,0.9376514947341962
LC_dv07_Tlc4p0_TTC03_CP4_S5p967_E15p967.mp4,CP4,-0.7719585226228809,0.35072299923871314,0.305,0.305,0.305,0.305,0.305,0.8461538461538461,13,3.0,2.1,4.083333333333333,7.0,4.0,-1.5682605400132,0.9353883324631107
LC_dv07_Tlc4p0_TTC03_CP5_S6p267_E16p267.mp4,CP5,-0.7889686066352206,0.38951039784016844,0.995,0.995,0.995,1.0,1.0,0.9583333333333334,12,3.0,1.8,3.5,7.0,4.0,-1.278005697428891,0.9812279667544027
LC_dv07_Tlc4p0_TTC04_CP1_S5p033_E15p033.mp4,CP1,0.0012367870960645554,0.07000000000000002,0.085,0.085,0.085,0.085,0.085,0.02,25,4.0,4.0,7.777777777777778,7.0,4.0,-2.819761432955759,0.06759573037040441
LC_dv07_Tlc4p0_TTC04_CP2_S5p333_E15p333.mp4,CP2,-0.4986234639833175,0.07000000000000002,0.085,0.085,0.085,0.085,0.085,0.5769230769230769,13,4.0,3.7,7.194444444444445,7.0,4.0,-2.6662696454454218,0.5685670972735157
LC_dv07_Tlc4p0_TTC04_CP3_S5p633_E15p633.mp4,CP3,-0.7553042067580049,0.314740146705117,0.275,0.275,0.275,0.275,0.275,0.7083333333333334,12,4.0,3.4,6.611111111111111,7.0,4.0,-2.5002492060565444,0.9238297539142435
LC_dv07_Tlc4p0_TTC04_CP4_S5p933_E15p933.mp4,CP4,-0.7686367714694239,0.34337803254438726,0.295,0.295,0.295,0.295,0.295,0.7307692307692307,13,4.0,3.1,6.027777777777778,7.0,4.0,-2.3195237816851915,0.926822193570497
LC_dv07_Tlc4p0_TTC04_CP5_S6p233_E16p233.mp4,CP5,-0.7955153745003458,0.4049056381624994,0.995,0.995,0.995,0.995,1.0,0.8333333333333334,12,4.0,2.8,5.444444444444444,7.0,4.0,-2.121315140754475,0.962030203687582
LC_dv07_Tlc4p0_TTC06_CP1_S5p067_E15p067.mp4,CP1,0.0011524930533690608,0.07000000000000002,0.085,0.085,0.085,0.085,0.085,0.0416666666666666,12,6.0,6.0,11.666666666666666,7.0,4.0,-3.622644705660919,0.06720057157626495
LC_dv07_Tlc4p0_TTC06_CP3_S5p667_E15p667.mp4,CP3,-0.7622411175654394,0.3294675027546184,0.285,0.285,0.285,0.285,0.285,0.4583333333333333,12,6.0,5.4,10.5,7.0,4.0,-3.413438661840392,0.9350050115796908
LC_dv07_Tlc4p0_TTC06_CP5_S6p267_E16p267.mp4,CP5,-0.7889709496287843,0.3895158649955491,0.995,0.995,0.995,1.0,1.0,0.7083333333333334,12,6.0,4.8,9.333333333333332,7.0,4.0,-3.179986742961797,0.9812279667544027
LC_dv07_Tlc4p0_TTC07_CP1_S5p067_E15p067.mp4,CP1,0.0044878948523348694,0.07000000000000002,0.085,0.085,0.085,0.085,0.085,0.0384615384615384,13,7.0,7.0,13.61111111111111,7.0,4.0,-3.9292297803881033,0.0656377762174264
LC_dv07_Tlc4p0_TTC07_CP2_S5p367_E15p367.mp4,CP2,-0.5886093959865858,0.08654168330209501,0.095,0.095,0.095,0.095,0.095,0.3076923076923077,13,7.0,6.7,13.02777777777778,7.0,4.0,-3.8420599656626147,0.6799921212760437
LC_dv07_Tlc4p0_TTC07_CP4_S5p967_E15p967.mp4,CP4,-0.7919517468956297,0.39649646303532293,0.35,0.35,0.35,0.35,0.35,0.5769230769230769,13,7.0,6.1,11.86111111111111,7.0,4.0,-3.655493105635152,0.9404527838944867
LC_dv14_Tlc2p0_TTC02_CP1_S5p067_E15p067.mp4,CP1,0.0026415087968774797,0.07000000000000002,0.085,0.085,0.085,0.085,0.085,0.0769230769230769,26,2.0,2.0,7.777777777777778,14.0,2.0,-2.126614252395814,0.06759573037040566
LC_dv14_Tlc2p0_TTC02_CP2_S5p367_E15p367.mp4,CP2,-1.2873354935568981,0.9918780024061974,0.985,0.985,0.985,0.985,0.985,0.9230769230769232,13,2.0,1.7,6.611111111111111,14.0,2.0,-1.8071020254965993,0.997492437067318
LC_dv14_Tlc2p0_TTC02_CP3_S5p667_E15p667.mp4,CP3,-1.5301259224206023,0.9995138776203689,1.0,1.0,1.0,1.0,1.0,1.0,13,2.0,1.4,5.444444444444444,14.0,2.0,-1.4281679601945294,0.9999971246462699
LC_dv14_Tlc2p0_TTC02_CP4_S5p967_E15p967.mp4,CP4,-1.5968768392496093,0.9997829423496234,1.0,1.0,1.0,1.0,1.0,0.9230769230769232,13,2.0,1.1,4.277777777777778,14.0,2.0,-0.9636630946851306,0.9999986797519633
LC_dv14_Tlc2p0_TTC02_CP5_S6p267_E16p267.mp4,CP5,-1.6259415544107636,0.9998478372669173,1.0,1.0,1.0,1.0,1.0,1.0,13,2.0,0.8,3.111111111111111,14.0,2.0,-0.36704016867923733,0.9999999973645194
LC_dv14_Tlc2p0_TTC03_CP1_S5p067_E15p067.mp4,CP1,-0.0007162724276410497,0.07000000000000002,0.085,0.085,0.085,0.085,0.085,0.0576923076923076,26,3.0,3.0,11.666666666666666,14.0,2.0,-2.9294975251009734,0.0686582649460838
LC_dv14_Tlc2p0_TTC03_CP2_S5p367_E15p367.mp4,CP2,-1.3140001460038981,0.9939802693182415,0.985,0.985,0.985,0.985,0.985,0.9615384615384616,13,3.0,2.7,10.5,14.0,2.0,-2.7202914812804466,0.9980916639635253
LC_dv14_Tlc2p0_TTC03_CP3_S5p667_E15p667.mp4,CP3,-1.530137274111991,0.9995139437229396,1.0,1.0,1.0,1.0,1.0,0.8076923076923077,13,3.0,2.4,9.333333333333332,14.0,2.0,-2.4868395624018516,0.9999971926735736
LC_dv14_Tlc2p0_TTC03_CP4_S5p967_E15p967.mp4,CP4,-1.593552869829194,0.9997739791355122,1.0,1.0,1.0,1.0,1.0,0.9230769230769232,13,3.0,2.1,8.166666666666666,14.0,2.0,-2.222852452749923,0.999998640030944
LC_dv14_Tlc2p0_TTC03_CP5_S6p267_E16p267.mp4,CP5,-1.6379103248987434,0.9998686389951734,1.0,1.0,1.0,1.0,1.0,0.8846153846153846,13,3.0,1.8,7.0,14.0,2.0,-1.9192714731796099,0.9999999980320942
LC_dv14_Tlc2p0_TTC04_CP1_S5p067_E15p067.mp4,CP1,-0.003587248957181239,0.07000000000000002,0.085,0.085,0.085,0.085,0.085,0.0192307692307692,26,4.0,4.0,15.555555555555555,14.0,2.0,-3.50202987173271,0.06959850821849405
LC_dv14_Tlc2p0_TTC04_CP2_S5p367_E15p367.mp4,CP2,-1.3140024624267812,0.9939804266562174,0.985,0.985,0.985,0.985,0.985,0.6923076923076923,13,4.0,3.7,14.38888888888889,14.0,2.0,-3.3467218195246335,0.9980731718505069
LC_dv14_Tlc2p0_TTC04_CP3_S5p667_E15p667.mp4,CP3,-1.509169735125117,0.9993755654902218,1.0,1.0,1.0,1.0,1.0,0.4615384615384615,13,4.0,3.4,13.22222222222222,14.0,2.0,-3.178391416598784,0.9999959135900139
LC_dv14_Tlc2p0_TTC04_CP4_S5p967_E15p967.mp4,CP4,-1.573997766800972,0.9997134200106985,1.0,1.0,1.0,1.0,1.0,0.8076923076923077,13,4.0,3.1,12.055555555555555,14.0,2.0,-2.994666810733115,0.9999980359568056
LC_dv14_Tlc2p0_TTC04_CP5_S6p267_E16p267.mp4,CP5,-1.6469018171630494,0.999882406110373,1.0,1.0,1.0,1.0,1.0,0.6538461538461539,13,4.0,2.8,10.888888888888888,14.0,2.0,-2.7924676631200214,0.9999999982373063
LC_dv14_Tlc2p0_TTC05_CP1_S5p067_E15p067.mp4,CP1,-0.0006918237325193017,0.07000000000000002,0.085,0.085,0.085,0.085,0.085,0.0,13,5.0,5.0,19.444444444444443,14.0,2.0,-3.9470035365243263,0.0678601653862488
LC_dv14_Tlc2p0_TTC05_CP3_S5p667_E15p667.mp4,CP3,-1.5301467447074113,0.9995139988648775,1.0,1.0,1.0,1.0,1.0,0.3076923076923077,13,5.0,4.4,17.11111111111111,14.0,2.0,-3.6920172466422034,0.9999971246462699
LC_dv14_Tlc2p0_TTC05_CP5_S6p267_E16p267.mp4,CP5,-1.6379175991272317,0.9998686507476683,1.0,1.0,1.0,1.0,1.0,0.4615384615384615,13,5.0,3.8,14.777777777777777,14.0,2.0,-3.3998370992963483,0.9999999979586583
LC_dv14_Tlc2p0_TTC06_CP1_S5p067_E15p067.mp4,CP1,-0.0036107235837260785,0.07000000000000002,0.085,0.085,0.085,0.085,0.085,0.1153846153846153,13,6.0,6.0,23.33333333333333,14.0,2.0,-4.3109324539736695,0.06879198247347547
LC_dv14_Tlc2p0_TTC06_CP2_S5p367_E15p367.mp4,CP2,-1.3139924291622287,0.993979745139777,0.985,0.985,0.985,0.985,0.985,0.4230769230769231,13,6.0,5.7,22.166666666666668,14.0,2.0,-4.208521269093284,0.9980356984122977
LC_dv14_Tlc2p0_TTC06_CP4_S5p967_E15p967.mp4,CP4,-1.593552869829194,0.9997739791355122,1.0,1.0,1.0,1.0,1.0,0.5,13,6.0,5.1,19.83333333333333,14.0,2.0,-3.9865180565099796,0.9999985782918679
LC_dv14_Tlc3p0_TTC02_CP1_S5p033_E15p033.mp4,CP1,-0.0002375981103355619,0.07000000000000002,0.085,0.085,0.085,0.085,0.085,0.0,24,2.0,2.0,7.777777777777778,14.0,3.0,-2.126614252395814,0.06892590070714696
LC_dv14_Tlc3p0_TTC02_CP2_S5p333_E15p333.mp4,CP2,-0.6602522731591505,0.15601910823403833,0.155,0.155,0.155,0.155,0.155,0.6666666666666666,12,2.0,1.7,6.611111111111111,14.0,3.0,-1.8071020254965993,0.7633659258264393
LC_dv14_Tlc3p0_TTC02_CP3_S5p633_E15p633.mp4,CP3,-1.021233506458231,0.8708912144995382,0.815,0.815,0.815,0.815,0.815,1.0,12,2.0,1.4,5.444444444444444,14.0,3.0,-1.4281679601945294,0.9930843699650579
LC_dv14_Tlc3p0_TTC02_CP4_S5p933_E15p933.mp4,CP4,-1.0440187425816225,0.8955493415230935,1.0,1.0,1.0,1.0,1.0,0.875,12,2.0,1.1,4.277777777777778,14.0,3.0,-0.9636630946851306,0.9938957654158629
LC_dv14_Tlc3p0_TTC02_CP5_S6p233_E16p233.mp4,CP5,-1.0706850960574885,0.9191885613416301,1.0,1.0,1.0,1.0,1.0,1.0,12,2.0,0.8,3.111111111111111,14.0,3.0,-0.36704016867923733,0.9982050834916191
LC_dv14_Tlc3p0_TTC03_CP1_S5p067_E15p067.mp4,CP1,-0.0035876054125427628,0.07000000000000002,0.085,0.085,0.085,0.085,0.085,0.0833333333333333,24,3.0,3.0,11.666666666666666,14.0,3.0,-2.9294975251009734,0.07000449169775758
LC_dv14_Tlc3p0_TTC03_CP2_S5p367_E15p367.mp4,CP2,-0.8806854486870309,0.6137149990461609,0.555,0.555,0.555,0.555,0.555,0.7083333333333334,12,3.0,2.7,10.5,14.0,3.0,-2.7202914812804466,0.9262592498030785
LC_dv14_Tlc3p0_TTC03_CP3_S5p667_E15p667.mp4,CP3,-1.0061976928023544,0.8521309087344634,0.785,0.785,0.785,0.785,0.785,0.8333333333333334,12,3.0,2.4,9.333333333333332,14.0,3.0,-2.4868395624018516,0.9934643023675425
LC_dv14_Tlc3p0_TTC03_CP4_S5p967_E15p967.mp4,CP4,-1.0269197378188237,0.8774583297580745,1.0,1.0,1.0,1.0,1.0,0.875,12,3.0,2.1,8.166666666666666,14.0,3.0,-2.222852452749923,0.9939824095323917
LC_dv14_Tlc3p0_TTC03_CP5_S6p267_E16p267.mp4,CP5,-1.051126814862964,0.9023718519946203,1.0,1.0,1.0,1.0,1.0,1.0,12,3.0,1.8,7.0,14.0,3.0,-1.9192714731796099,0.9994519960911403
LC_dv14_Tlc3p0_TTC04_CP1_S5p067_E15p067.mp4,CP1,-0.0036083736726781066,0.07000000000000002,0.085,0.085,0.085,0.085,0.085,0.0,24,4.0,4.0,15.555555555555555,14.0,3.0,-3.50202987173271,0.06959850821849405
LC_dv14_Tlc3p0_TTC04_CP2_S5p367_E15p367.mp4,CP2,-0.8840130614200741,0.6216409820469594,0.57,0.57,0.57,0.57,0.57,0.4583333333333333,12,4.0,3.7,14.38888888888889,14.0,3.0,-3.3467218195246335,0.9273818432199612
LC_dv14_Tlc3p0_TTC04_CP3_S5p667_E15p667.mp4,CP3,-1.021165855435267,0.8708113727384533,0.815,0.815,0.815,0.815,0.815,0.7083333333333334,12,4.0,3.4,13.22222222222222,14.0,3.0,-3.178391416598784,0.9943833053719391
LC_dv14_Tlc3p0_TTC04_CP4_S5p967_E15p967.mp4,CP4,-1.0535679954959458,0.9046246835587339,1.0,1.0,1.0,1.0,1.0,0.6666666666666666,12,4.0,3.1,12.055555555555555,14.0,3.0,-2.994666810733115,0.9953798107040172
LC_dv14_Tlc3p0_TTC04_CP5_S6p267_E16p267.mp4,CP5,-1.060099366278323,0.9104318885297621,1.0,1.0,1.0,1.0,1.0,0.7916666666666666,12,4.0,2.8,10.888888888888888,14.0,3.0,-2.7924676631200214,0.9995320028000246
LC_dv14_Tlc3p0_TTC06_CP1_S5p067_E15p067.mp4,CP1,-0.0006938332817263399,0.07000000000000002,0.085,0.085,0.085,0.085,0.085,0.0416666666666666,12,6.0,6.0,23.33333333333333,14.0,3.0,-4.3109324539736695,0.06746381177441818
LC_dv14_Tlc3p0_TTC06_CP3_S5p667_E15p667.mp4,CP3,-1.024159866615214,0.8743062607756213,0.815,0.815,0.815,0.815,0.815,0.2916666666666667,12,6.0,5.4,21.0,14.0,3.0,-4.100592230430808,0.9944637763344877
LC_dv14_Tlc3p0_TTC06_CP5_S6p267_E16p267.mp4,CP5,-1.0600880007745939,0.9104220568900702,1.0,1.0,1.0,1.0,1.0,0.4166666666666667,12,6.0,4.8,18.666666666666664,14.0,3.0,-3.8655582954417866,0.9995234895197389
LC_dv14_Tlc3p0_TTC07_CP1_S5p067_E15p067.mp4,CP1,0.002629444517265131,0.07000000000000002,0.085,0.085,0.085,0.085,0.085,0.0416666666666666,12,7.0,7.0,27.22222222222222,14.0,3.0,-4.6188029292484325,0.0657669232431323
LC_dv14_Tlc3p0_TTC07_CP2_S5p367_E15p367.mp4,CP2,-0.8873443860576492,0.6295188296156786,0.585,0.585,0.585,0.585,0.585,0.2083333333333333,12,7.0,6.7,26.05555555555556,14.0,3.0,-4.531306949154863,0.9276604359339765
LC_dv14_Tlc3p0_TTC07_CP4_S5p967_E15p967.mp4,CP4,-1.0569247796436447,0.9076488888052061,1.0,1.0,1.0,1.0,1.0,0.4583333333333333,12,7.0,6.1,23.72222222222222,14.0,3.0,-4.343938255060313,0.9953388119762816
LC_dv14_Tlc4p0_TTC02_CP1_S5p067_E15p067.mp4,CP1,-0.0002539167183549882,0.07000000000000002,0.085,0.085,0.085,0.085,0.085,0.0416666666666666,24,2.0,2.0,7.777777777777778,14.0,4.0,-2.126614252395814,0.06892590070714819
LC_dv14_Tlc4p0_TTC02_CP2_S5p367_E15p367.mp4,CP2,-0.6540257860203342,0.14844566841689255,0.145,0.145,0.145,0.145,0.145,0.7916666666666666,12,2.0,1.7,6.611111111111111,14.0,4.0,-1.8071020254965993,0.7564565234464533
LC_dv14_Tlc4p0_TTC02_CP3_S5p667_E15p667.mp4,CP3,-0.7666931134807814,0.3391178651255846,0.295,0.295,0.295,0.295,0.295,0.9583333333333334,12,2.0,1.4,5.444444444444444,14.0,4.0,-1.4281679601945294,0.9375274072042139
LC_dv14_Tlc4p0_TTC02_CP4_S5p967_E15p967.mp4,CP4,-0.7740177186567021,0.35531599957259924,0.305,0.305,0.305,0.305,0.305,0.9583333333333334,12,2.0,1.1,4.277777777777778,14.0,4.0,-0.9636630946851306,0.9366533958742219
LC_dv14_Tlc4p0_TTC02_CP5_S6p267_E16p267.mp4,CP5,-0.7876511917346094,0.38644137322893796,0.995,0.995,0.995,0.995,0.995,0.9583333333333334,12,2.0,0.8,3.111111111111111,14.0,4.0,-0.36704016867923733,0.9812742618891324
LC_dv14_Tlc4p0_TTC03_CP1_S5p067_E15p067.mp4,CP1,0.0026394992474854046,0.07000000000000002,0.085,0.085,0.085,0.085,0.085,0.0,24,3.0,3.0,11.666666666666666,14.0,4.0,-2.9294975251009734,0.06720057157626612
LC_dv14_Tlc4p0_TTC03_CP2_S5p367_E15p367.mp4,CP2,-0.6673714923943085,0.16508023456798868,0.155,0.155,0.155,0.155,0.155,0.5,12,3.0,2.7,10.5,14.0,4.0,-2.7202914812804466,0.7692452858291812
LC_dv14_Tlc4p0_TTC03_CP3_S5p667_E15p667.mp4,CP3,-0.7517344405128469,0.30731350412074315,0.265,0.265,0.265,0.265,0.265,0.7916666666666666,12,3.0,2.4,9.333333333333332,14.0,4.0,-2.4868395624018516,0.930671138710811
LC_dv14_Tlc4p0_TTC03_CP4_S5p967_E15p967.mp4,CP4,-0.7869188981960381,0.38473983302110215,0.335,0.335,0.335,0.335,0.335,0.875,12,3.0,2.1,8.166666666666666,14.0,4.0,-2.222852452749923,0.9416395400907686
LC_dv14_Tlc4p0_TTC03_CP5_S6p267_E16p267.mp4,CP5,-0.7966446081846503,0.4075841356049145,0.995,0.995,1.0,1.0,1.0,0.9166666666666666,12,3.0,1.8,7.0,14.0,4.0,-1.9192714731796099,0.9827914821129783
LC_dv14_Tlc4p0_TTC04_CP1_S5p067_E15p067.mp4,CP1,-0.0006918237325148608,0.07000000000000002,0.085,0.085,0.085,0.085,0.085,0.0416666666666666,24,4.0,4.0,15.555555555555555,14.0,4.0,-3.50202987173271,0.06825831495507272
LC_dv14_Tlc4p0_TTC04_CP2_S5p367_E15p367.mp4,CP2,-0.6640200605431119,0.16076059114541058,0.155,0.155,0.155,0.155,0.155,0.5416666666666666,12,4.0,3.7,14.38888888888889,14.0,4.0,-3.3467218195246335,0.765231418264879
LC_dv14_Tlc4p0_TTC04_CP3_S5p667_E15p667.mp4,CP3,-0.7636991023016586,0.33261116806826985,0.285,0.285,0.285,0.285,0.285,0.6666666666666666,12,4.0,3.4,13.22222222222222,14.0,4.0,-3.178391416598784,0.9360232956005555
LC_dv14_Tlc4p0_TTC04_CP4_S5p967_E15p967.mp4,CP4,-0.7635761944430375,0.3323455233268828,0.285,0.285,0.285,0.285,0.285,0.6666666666666666,12,4.0,3.1,12.055555555555555,14.0,4.0,-2.994666810733115,0.9321398346137548
LC_dv14_Tlc4p0_TTC04_CP5_S6p267_E16p267.mp4,CP5,-0.7996177615614362,0.4146666066013535,0.995,0.995,1.0,1.0,1.0,0.6666666666666666,12,4.0,2.8,10.888888888888888,14.0,4.0,-2.7924676631200214,0.9829628745313245
LC_dv14_Tlc4p0_TTC05_CP1_S5p033_E15p033.mp4,CP1,-0.00022618716468838642,0.07000000000000002,0.085,0.085,0.085,0.085,0.085,0.0,12,5.0,5.0,19.444444444444443,14.0,4.0,-3.9470035365243263,0.06772784818573144
LC_dv14_Tlc4p0_TTC05_CP2_S5p333_E15p333.mp4,CP2,-0.5002600772564701,0.07000000000000002,0.085,0.085,0.085,0.085,0.085,0.2916666666666667,12,5.0,4.7,18.27777777777778,14.0,4.0,-3.823560482361224,0.5693609688929139
LC_dv14_Tlc4p0_TTC05_CP4_S5p933_E15p933.mp4,CP4,-0.7807044936567412,0.37043188676635297,0.325,0.325,0.325,0.325,0.325,0.5833333333333334,12,5.0,4.1,15.944444444444445,14.0,4.0,-3.5512393946718532,0.9317416850449268
LC_dv14_Tlc4p0_TTC07_CP1_S5p067_E15p067.mp4,CP1,-0.00027774549520150467,0.07000000000000002,0.085,0.085,0.085,0.085,0.085,0.0,12,7.0,7.0,27.22222222222222,14.0,4.0,-4.6188029292484325,0.06706924964162596
LC_dv14_Tlc4p0_TTC07_CP3_S5p667_E15p667.mp4,CP3,-0.7666950096457483,0.3391220074520876,0.295,0.295,0.295,0.295,0.295,0.375,12,7.0,6.4,24.88888888888889,14.0,4.0,-4.4398128505982255,0.9362759180631297
LC_dv14_Tlc4p0_TTC07_CP5_S6p267_E16p267.mp4,CP5,-0.7966256445698561,0.4075391013660051,0.995,0.995,1.0,1.0,1.0,0.375,12,7.0,5.8,22.55555555555556,14.0,4.0,-4.243243257827761,0.9824442744800443
LC_dv21_Tlc2p0_TTC02_CP1_S5p067_E15p067.mp4,CP1,0.001016348086451122,0.07000000000000002,0.085,0.085,0.085,0.085,0.085,0.0,21,2.0,2.0,11.666666666666666,21.0,2.0,-2.5240324169928092,0.06852474796040976
LC_dv21_Tlc2p0_TTC02_CP2_S5p367_E15p367.mp4,CP2,-1.3189478255587723,0.9943073811569008,0.985,0.985,0.985,0.985,0.985,0.9090909090909092,11,2.0,1.7,9.916666666666666,21.0,2.0,-2.2014740122577,0.9982166585021697
LC_dv21_Tlc2p0_TTC02_CP3_S5p667_E15p667.mp4,CP3,-1.5289798440038513,0.9995071583363153,1.0,1.0,1.0,1.0,1.0,0.85,10,2.0,1.4,8.166666666666666,21.0,2.0,-1.8173873446417588,0.9999972060928942
LC_dv21_Tlc2p0_TTC02_CP4_S5p967_E15p967.mp4,CP4,-1.5922657451524953,0.9997704117867902,1.0,1.0,1.0,1.0,1.0,0.9090909090909092,11,2.0,1.1,6.416666666666667,21.0,2.0,-1.3431519510514416,0.9999986467298211
LC_dv21_Tlc2p0_TTC02_CP5_S6p267_E16p267.mp4,CP5,-1.6392004456817817,0.9998707073167125,1.0,1.0,1.0,1.0,1.0,0.85,10,2.0,0.8,4.666666666666667,21.0,2.0,-0.7248214237408357,0.9999999981713319
LC_dv21_Tlc2p0_TTC03_CP1_S5p067_E15p067.mp4,CP1,0.0010163480864570432,0.07000000000000002,0.085,0.085,0.085,0.085,0.085,0.0,21,3.0,3.0,17.5,21.0,2.0,-3.3313653230046385,0.06799268213764463
LC_dv21_Tlc2p0_TTC03_CP2_S5p367_E15p367.mp4,CP2,-1.2922663088464725,0.9923140682825267,0.985,0.985,0.985,0.985,0.985,0.6818181818181818,11,3.0,2.7,15.75,21.0,2.0,-3.1213203295684973,0.9976078721880507
LC_dv21_Tlc2p0_TTC03_CP3_S5p667_E15p667.mp4,CP3,-1.5140263990298772,0.9994106994252638,1.0,1.0,1.0,1.0,1.0,0.4,10,3.0,2.4,13.999999999999998,21.0,2.0,-2.8866986115637183,0.9999961567929754
LC_dv21_Tlc2p0_TTC03_CP4_S5p967_E15p967.mp4,CP4,-1.5755945001952143,0.99971890951673,1.0,1.0,1.0,1.0,1.0,0.7727272727272727,11,3.0,2.1,12.25,21.0,2.0,-2.6210116473490204,0.9999980738129465
LC_dv21_Tlc2p0_TTC03_CP5_S6p267_E16p267.mp4,CP5,-1.6212363793066233,0.9998388035189202,1.0,1.0,1.0,1.0,1.0,0.6,10,3.0,1.8,10.5,21.0,2.0,-2.3148263731722825,0.9999999968782419
LC_dv21_Tlc2p0_TTC04_CP1_S5p067_E15p067.mp4,CP1,-0.0023046331826748145,0.07000000000000002,0.085,0.085,0.085,0.085,0.085,0.0,21,4.0,4.0,23.33333333333333,21.0,2.0,-3.905467345865506,0.06879198247347298
LC_dv21_Tlc2p0_TTC04_CP2_S5p367_E15p367.mp4,CP2,-1.3156042191159474,0.9940882717703108,0.985,0.985,0.985,0.985,0.985,0.4090909090909091,11,4.0,3.7,21.58333333333333,21.0,2.0,-3.7498182114466854,0.9981039022944863
LC_dv21_Tlc2p0_TTC04_CP3_S5p667_E15p667.mp4,CP3,-1.4870636861214348,0.9991879725466899,1.0,1.0,1.0,1.0,1.0,0.1,10,4.0,3.4,19.83333333333333,21.0,2.0,-3.581052948401815,0.9999940052248426
LC_dv21_Tlc2p0_TTC04_CP4_S5p967_E15p967.mp4,CP4,-1.5989303569873603,0.9997883046657804,1.0,1.0,1.0,1.0,1.0,0.5909090909090909,11,4.0,3.1,18.08333333333333,21.0,2.0,-3.3967619499593167,0.9999986467298211
LC_dv21_Tlc2p0_TTC04_CP5_S6p267_E16p267.mp4,CP5,-1.6182352195734466,0.9998327689500207,1.0,1.0,1.0,1.0,1.0,0.4,10,4.0,2.8,16.333333333333332,21.0,2.0,-3.1938060599341176,0.999999996684254
LC_dv21_Tlc2p0_TTC05_CP1_S5p067_E15p067.mp4,CP1,-0.0023046331826792553,0.07000000000000002,0.085,0.085,0.085,0.085,0.085,0.0454545454545454,11,5.0,5.0,29.166666666666664,21.0,2.0,-4.351169726564992,0.06825831495507569
LC_dv21_Tlc2p0_TTC05_CP2_S5p367_E15p367.mp4,CP2,-1.2889478342124845,0.9920231655082001,0.985,0.985,0.985,0.985,0.985,0.4545454545454545,11,5.0,4.7,27.416666666666668,21.0,2.0,-4.2275558878377515,0.9974608153286381
LC_dv21_Tlc2p0_TTC05_CP4_S5p967_E15p967.mp4,CP4,-1.5955965470702385,0.999779532013895,1.0,1.0,1.0,1.0,1.0,0.4545454545454545,11,5.0,4.1,23.916666666666664,21.0,2.0,-3.954774326475534,0.9999985922398206
LC_dv21_Tlc2p0_TTC07_CP1_S5p033_E15p033.mp4,CP1,-0.0015158624631297563,0.07000000000000002,0.085,0.085,0.085,0.085,0.085,0.0,10,7.0,7.0,40.83333333333333,21.0,2.0,-5.023604775564403,0.06720057157626591
LC_dv21_Tlc2p0_TTC07_CP3_S5p633_E15p633.mp4,CP3,-1.4765143313256528,0.9990800038763157,1.0,1.0,1.0,1.0,1.0,0.0,10,7.0,6.4,37.333333333333336,21.0,2.0,-4.84448464013414,0.9999871799890574
LC_dv21_Tlc2p0_TTC07_CP5_S6p233_E16p233.mp4,CP5,-1.6029011359954417,0.999798307791575,1.0,1.0,1.0,1.0,1.0,0.05,10,7.0,5.8,33.83333333333333,21.0,2.0,-4.647742639447824,0.9999997986497621
LC_dv21_Tlc3p0_TTC02_CP1_S5p067_E15p067.mp4,CP1,0.00102869919037888,0.07000000000000002,0.085,0.085,0.085,0.085,0.085,0.0208333333333333,24,2.0,2.0,11.666666666666666,21.0,3.0,-2.5240324169928092,0.06852474796040976
LC_dv21_Tlc3p0_TTC02_CP2_S5p367_E15p367.mp4,CP2,-0.8889579190317122,0.633312849307249,0.585,0.585,0.585,0.585,0.585,0.5,12,2.0,1.7,9.916666666666666,21.0,3.0,-2.2014740122577,0.9306711387108086
LC_dv21_Tlc3p0_TTC02_CP3_S5p667_E15p667.mp4,CP3,-1.0200333487458175,0.8694687604344427,0.815,0.815,0.815,0.815,0.815,0.75,12,2.0,1.4,8.166666666666666,21.0,3.0,-1.8173873446417588,0.9944477645677361
LC_dv21_Tlc3p0_TTC02_CP4_S5p967_E15p967.mp4,CP4,-1.0222861530355962,0.8721283339820208,1.0,1.0,1.0,1.0,1.0,0.875,12,2.0,1.1,6.416666666666667,21.0,3.0,-1.3431519510514416,0.9939131821523477
LC_dv21_Tlc3p0_TTC02_CP5_S6p267_E16p267.mp4,CP5,-1.052388167899978,0.9035415604223053,1.0,1.0,1.0,1.0,1.0,0.9166666666666666,12,2.0,0.8,4.666666666666667,21.0,3.0,-0.7248214237408357,0.9994916398022013
LC_dv21_Tlc3p0_TTC03_CP1_S5p067_E15p067.mp4,CP1,0.0037388844830014427,0.07000000000000002,0.085,0.085,0.085,0.085,0.085,0.0208333333333333,24,3.0,3.0,17.5,21.0,3.0,-3.3313653230046385,0.06654594577985329
LC_dv21_Tlc3p0_TTC03_CP2_S5p367_E15p367.mp4,CP2,-0.8856328139168547,0.625478697840116,0.575,0.575,0.575,0.575,0.575,0.3333333333333333,12,3.0,2.7,15.75,21.0,3.0,-3.1213203295684973,0.9284913009848358
LC_dv21_Tlc3p0_TTC03_CP3_S5p667_E15p667.mp4,CP3,-1.0075088648295416,0.8538493063592725,0.785,0.785,0.785,0.785,0.785,0.625,12,3.0,2.4,13.999999999999998,21.0,3.0,-2.8866986115637183,0.993592849665881
LC_dv21_Tlc3p0_TTC03_CP4_S5p967_E15p967.mp4,CP4,-1.0362453071446762,0.8876262428188147,1.0,1.0,1.0,1.0,1.0,0.7083333333333334,12,3.0,2.1,12.25,21.0,3.0,-2.6210116473490204,0.994479747066685
LC_dv21_Tlc3p0_TTC03_CP5_S6p267_E16p267.mp4,CP5,-1.0769045960178603,0.9239731316076343,1.0,1.0,1.0,1.0,1.0,0.7083333333333334,12,3.0,1.8,10.5,21.0,3.0,-2.3148263731722825,0.9996181914116228
LC_dv21_Tlc3p0_TTC04_CP1_S5p067_E15p067.mp4,CP1,-0.002314924651543032,0.07000000000000002,0.085,0.085,0.085,0.085,0.085,0.0208333333333333,24,4.0,4.0,23.33333333333333,21.0,3.0,-3.905467345865506,0.06879198247347298
LC_dv21_Tlc3p0_TTC04_CP2_S5p367_E15p367.mp4,CP2,-0.8856245866588612,0.6254592396145787,0.575,0.575,0.575,0.575,0.575,0.2916666666666667,12,4.0,3.7,21.58333333333333,21.0,3.0,-3.7498182114466854,0.9280767884615825
LC_dv21_Tlc3p0_TTC04_CP3_S5p667_E15p667.mp4,CP3,-1.020016720372091,0.8694489622498979,0.815,0.815,0.815,0.815,0.815,0.25,12,4.0,3.4,19.83333333333333,21.0,3.0,-3.581052948401815,0.9943017973703617
LC_dv21_Tlc3p0_TTC04_CP4_S5p967_E15p967.mp4,CP4,-1.0523092535376242,0.9034687363131404,1.0,1.0,1.0,1.0,1.0,0.4583333333333333,12,4.0,3.1,18.08333333333333,21.0,3.0,-3.3967619499593167,0.9953112994612481
LC_dv21_Tlc3p0_TTC04_CP5_S6p267_E16p267.mp4,CP5,-1.0733580821343571,0.9212766121902304,1.0,1.0,1.0,1.0,1.0,0.5833333333333334,12,4.0,2.8,16.333333333333332,21.0,3.0,-3.1938060599341176,0.999609717310084
LC_dv21_Tlc3p0_TTC05_CP1_S5p067_E15p067.mp4,CP1,-0.002306690583583713,0.07000000000000002,0.085,0.085,0.085,0.085,0.085,0.0833333333333333,12,5.0,5.0,29.166666666666664,21.0,3.0,-4.351169726564992,0.06825831495507569
LC_dv21_Tlc3p0_TTC05_CP3_S5p667_E15p667.mp4,CP3,-1.0290004155808108,0.8797910779157483,0.82,0.82,0.82,0.82,0.82,0.25,12,5.0,4.4,25.666666666666668,21.0,3.0,-4.095805857419422,0.9942523901108805
LC_dv21_Tlc3p0_TTC05_CP5_S6p267_E16p267.mp4,CP5,-1.0823472837030357,0.9279515939230278,1.0,1.0,1.0,1.0,1.0,0.2916666666666667,12,5.0,3.8,22.166666666666664,21.0,3.0,-3.8030561609851192,0.9996139759479503
LC_dv21_Tlc3p0_TTC06_CP1_S5p067_E15p067.mp4,CP1,0.0010266417892731022,0.07000000000000002,0.085,0.085,0.085,0.085,0.085,0.0,12,6.0,6.0,35.0,21.0,3.0,-4.715495070062747,0.06628548183858271
LC_dv21_Tlc3p0_TTC06_CP2_S5p367_E15p367.mp4,CP2,-0.8889558633325813,0.6333080248467013,0.585,0.585,0.585,0.585,0.585,0.1666666666666666,12,6.0,5.7,33.25,21.0,3.0,-4.612986512760817,0.928353334320949
LC_dv21_Tlc3p0_TTC06_CP4_S5p967_E15p967.mp4,CP4,-1.052296900964516,0.9034573327558596,1.0,1.0,1.0,1.0,1.0,0.0416666666666666,12,6.0,5.1,29.75,21.0,3.0,-4.3907346032672905,0.9951997951317513
LC_dv21_Tlc4p0_TTC02_CP1_S5p067_E15p067.mp4,CP1,0.00102869919037888,0.07000000000000002,0.085,0.085,0.085,0.085,0.085,0.02,25,2.0,2.0,11.666666666666666,21.0,4.0,-2.5240324169928092,0.06852474796040976
LC_dv21_Tlc4p0_TTC02_CP2_S5p367_E15p367.mp4,CP2,-0.6689836305064847,0.1671926928584911,0.16,0.16,0.16,0.16,0.16,0.6153846153846154,13,2.0,1.7,9.916666666666666,21.0,4.0,-2.2014740122577,0.7726114797953868
LC_dv21_Tlc4p0_TTC02_CP3_S5p667_E15p667.mp4,CP3,-0.7655455850710067,0.3366159643528546,0.29,0.29,0.29,0.29,0.29,0.9166666666666666,12,2.0,1.4,8.166666666666666,21.0,4.0,-1.8173873446417588,0.9377753899706929
LC_dv21_Tlc4p0_TTC02_CP4_S5p967_E15p967.mp4,CP4,-0.762302047705434,0.3295985484484017,0.285,0.285,0.285,0.285,0.285,0.8846153846153846,13,2.0,1.1,6.416666666666667,21.0,4.0,-1.3431519510514416,0.9326679077682407
LC_dv21_Tlc4p0_TTC02_CP5_S6p267_E16p267.mp4,CP5,-0.776958003472421,0.3619255163722669,0.995,0.995,0.995,0.995,0.995,0.9166666666666666,12,2.0,0.8,4.666666666666667,21.0,4.0,-0.7248214237408357,0.9795949669416939
LC_dv21_Tlc4p0_TTC03_CP1_S5p067_E15p067.mp4,CP1,0.0010286991903848013,0.07000000000000002,0.085,0.085,0.085,0.085,0.085,0.0,25,3.0,3.0,17.5,21.0,4.0,-3.3313653230046385,0.06799268213764463
LC_dv21_Tlc4p0_TTC03_CP2_S5p367_E15p367.mp4,CP2,-0.6556425336762438,0.15038109314872922,0.155,0.155,0.155,0.155,0.155,0.4230769230769231,13,3.0,2.7,15.75,21.0,4.0,-3.1213203295684973,0.7577208282829206
LC_dv21_Tlc4p0_TTC03_CP3_S5p667_E15p667.mp4,CP3,-0.753559560023242,0.31109738081094584,0.275,0.275,0.275,0.275,0.275,0.5833333333333334,12,3.0,2.4,13.999999999999998,21.0,4.0,-2.8866986115637183,0.9310740992928537
LC_dv21_Tlc4p0_TTC03_CP4_S5p967_E15p967.mp4,CP4,-0.7889707648927058,0.3895154339301164,0.34,0.34,0.34,0.34,0.34,0.6538461538461539,13,3.0,2.1,12.25,21.0,4.0,-2.6210116473490204,0.9421090090066966
LC_dv21_Tlc4p0_TTC03_CP5_S6p267_E16p267.mp4,CP5,-0.7979141796488552,0.4106031530269419,0.995,0.995,1.0,1.0,1.0,0.8333333333333334,12,3.0,1.8,10.5,21.0,4.0,-2.3148263731722825,0.9829628745313249
LC_dv21_Tlc4p0_TTC04_CP1_S5p067_E15p067.mp4,CP1,-0.0023272891625654843,0.07000000000000002,0.085,0.085,0.085,0.085,0.085,0.0,25,4.0,4.0,23.33333333333333,21.0,4.0,-3.905467345865506,0.06879198247347298
LC_dv21_Tlc4p0_TTC04_CP2_S5p367_E15p367.mp4,CP2,-0.66896557378878,0.16716890726073913,0.16,0.16,0.16,0.16,0.16,0.2307692307692307,13,4.0,3.7,21.58333333333333,21.0,4.0,-3.7498182114466854,0.7701660893151503
LC_dv21_Tlc4p0_TTC04_CP3_S5p667_E15p667.mp4,CP3,-0.765535605132505,0.3365942492320805,0.29,0.29,0.29,0.29,0.29,0.3333333333333333,12,4.0,3.4,19.83333333333333,21.0,4.0,-3.581052948401815,0.936778834257638
LC_dv21_Tlc4p0_TTC04_CP4_S5p967_E15p967.mp4,CP4,-0.7856322068386249,0.3817578460580264,0.33,0.33,0.33,0.33,0.33,0.5,13,4.0,3.1,18.08333333333333,21.0,4.0,-3.3967619499593167,0.9412854801114635
LC_dv21_Tlc4p0_TTC04_CP5_S6p267_E16p267.mp4,CP5,-0.7979089160164126,0.41059061976661837,0.995,0.995,1.0,1.0,1.0,0.625,12,4.0,2.8,16.333333333333332,21.0,4.0,-3.1938060599341176,0.9830904593602893
LC_dv21_Tlc4p0_TTC06_CP1_S5p067_E15p067.mp4,CP1,0.001018407720471494,0.07000000000000002,0.085,0.085,0.085,0.085,0.085,0.0,12,6.0,6.0,35.0,21.0,4.0,-4.715495070062747,0.06628548183858271
LC_dv21_Tlc4p0_TTC06_CP3_S5p667_E15p667.mp4,CP3,-0.7625582335872113,0.3301498570766188,0.285,0.285,0.285,0.285,0.285,0.125,12,6.0,5.4,31.5,21.0,4.0,-4.5049434573664415,0.9343622237825722
LC_dv21_Tlc4p0_TTC06_CP5_S6p267_E16p267.mp4,CP5,-0.797918419752849,0.4106132492574834,0.995,0.995,1.0,1.0,1.0,0.3333333333333333,12,6.0,4.8,28.0,21.0,4.0,-4.269614189639312,0.9825751718430129
LC_dv21_Tlc4p0_TTC07_CP1_S5p033_E15p033.mp4,CP1,0.0014752566642356076,0.07000000000000002,0.085,0.085,0.085,0.085,0.085,0.0384615384615384,13,7.0,7.0,40.83333333333333,21.0,4.0,-5.023604775564403,0.06576692324313017
LC_dv21_Tlc4p0_TTC07_CP2_S5p333_E15p333.mp4,CP2,-0.4962650857999513,0.07000000000000002,0.085,0.085,0.085,0.085,0.085,0.0769230769230769,13,7.0,6.7,39.083333333333336,21.0,4.0,-4.936048126263401,0.5590199287179077
LC_dv21_Tlc4p0_TTC07_CP4_S5p933_E15p933.mp4,CP4,-0.7823066319770652,0.3740975129542037,0.325,0.325,0.325,0.325,0.325,0.2307692307692307,13,7.0,6.1,35.58333333333333,21.0,4.0,-4.748530185202152,0.9317416850449286
LC_dv28_Tlc2p0_TTC02_CP1_S5p067_E15p067.mp4,CP1,0.002136681776769099,0.07000000000000002,0.085,0.085,0.085,0.085,0.085,0.0576923076923076,26,2.0,2.0,15.555555555555555,28.0,2.0,-2.8088826911727645,0.06812539860546084
LC_dv28_Tlc2p0_TTC02_CP2_S5p367_E15p367.mp4,CP2,-1.317809625071192,0.9942336945753723,0.985,0.985,0.985,0.985,0.985,0.7307692307692307,13,2.0,1.7,13.22222222222222,28.0,2.0,-2.4852442360388385,0.9981992703970146
LC_dv28_Tlc2p0_TTC02_CP3_S5p667_E15p667.mp4,CP3,-1.530261407019526,0.9995146659930824,1.0,1.0,1.0,1.0,1.0,0.9230769230769232,13,2.0,1.4,10.888888888888888,28.0,2.0,-2.099320482560076,0.9999973241348752
LC_dv28_Tlc2p0_TTC02_CP4_S5p967_E15p967.mp4,CP4,-1.591139945305339,0.9997672463666231,1.0,1.0,1.0,1.0,1.0,0.9615384615384616,13,2.0,1.1,8.555555555555555,28.0,2.0,-1.62158054054924,0.999998640030944
LC_dv28_Tlc2p0_TTC02_CP5_S6p267_E16p267.mp4,CP5,-1.6380520082894856,0.9998688677183291,1.0,1.0,1.0,1.0,1.0,0.9615384615384616,13,2.0,0.8,6.222222222222222,28.0,2.0,-0.995262057665552,0.999999998160105
LC_dv28_Tlc2p0_TTC03_CP1_S5p067_E15p067.mp4,CP1,-0.0011875358401436358,0.07000000000000002,0.085,0.085,0.085,0.085,0.085,0.0384615384615384,26,3.0,3.0,23.33333333333333,28.0,2.0,-3.6177852734137246,0.06879198247347547
LC_dv28_Tlc2p0_TTC03_CP2_S5p367_E15p367.mp4,CP2,-1.2878096327164381,0.99192095386493,0.985,0.985,0.985,0.985,0.985,0.5384615384615384,13,3.0,2.7,21.0,28.0,2.0,-3.407445049870862,0.9974924370673178
LC_dv28_Tlc2p0_TTC03_CP3_S5p667_E15p667.mp4,CP3,-1.512291146449268,0.9993983743486182,1.0,1.0,1.0,1.0,1.0,0.5,13,3.0,2.4,18.666666666666664,28.0,2.0,-3.1724111148818412,0.9999961019290455
LC_dv28_Tlc2p0_TTC03_CP4_S5p967_E15p967.mp4,CP4,-1.60113756277605,0.9997939235503962,1.0,1.0,1.0,1.0,1.0,0.6923076923076923,13,3.0,2.1,16.333333333333332,28.0,2.0,-2.9061239874823364,0.9999987309844237
LC_dv28_Tlc2p0_TTC03_CP5_S6p267_E16p267.mp4,CP5,-1.6470172517441442,0.9998825733152675,1.0,1.0,1.0,1.0,1.0,0.6538461538461539,13,3.0,1.8,14.0,28.0,2.0,-2.5990165391119375,0.9999999983319441
LC_dv28_Tlc2p0_TTC04_CP1_S5p067_E15p067.mp4,CP1,0.0021361233272365557,0.07000000000000002,0.085,0.085,0.085,0.085,0.085,0.0769230769230769,26,4.0,4.0,31.11111111111111,28.0,2.0,-4.192438774014104,0.06667647449733112
LC_dv28_Tlc2p0_TTC04_CP2_S5p367_E15p367.mp4,CP2,-1.3144781091200028,0.9940126494660217,0.985,0.985,0.985,0.985,0.985,0.3846153846153846,13,4.0,3.7,28.77777777777778,28.0,2.0,-4.036669905896323,0.998066971730018
LC_dv28_Tlc2p0_TTC04_CP3_S5p667_E15p667.mp4,CP3,-1.5302552134618208,0.9995146299806471,1.0,1.0,1.0,1.0,1.0,0.2692307692307692,13,4.0,3.4,26.444444444444443,28.0,2.0,-3.8677519092575547,0.9999971791925669
LC_dv28_Tlc2p0_TTC04_CP4_S5p967_E15p967.mp4,CP4,-1.5878042328413002,0.9997576141164853,1.0,1.0,1.0,1.0,1.0,0.4615384615384615,13,4.0,3.1,24.11111111111111,28.0,2.0,-3.683261845150956,0.9999984843450851
LC_dv28_Tlc2p0_TTC04_CP5_S6p267_E16p267.mp4,CP5,-1.6380474884292144,0.9998688604278353,1.0,1.0,1.0,1.0,1.0,0.3846153846153846,13,4.0,2.8,21.77777777777777,28.0,2.0,-3.480039750725194,0.999999998020036
LC_dv28_Tlc2p0_TTC05_CP1_S5p067_E15p067.mp4,CP1,-0.0011875358401377146,0.07000000000000002,0.085,0.085,0.085,0.085,0.085,0.0,13,5.0,5.0,38.888888888888886,28.0,2.0,-4.6383967788013445,0.06733209223175714
LC_dv28_Tlc2p0_TTC05_CP3_S5p667_E15p667.mp4,CP3,-1.5302530148121671,0.9995146171959716,1.0,1.0,1.0,1.0,1.0,0.2692307692307692,13,5.0,4.4,34.22222222222222,28.0,2.0,-4.382900491159472,0.9999970969959394
LC_dv28_Tlc2p0_TTC05_CP5_S6p267_E16p267.mp4,CP5,-1.6380352182378652,0.9998688406341236,1.0,1.0,1.0,1.0,1.0,0.1538461538461538,13,5.0,3.8,29.55555555555556,28.0,2.0,-4.089950923855126,0.9999999979586583
LC_dv28_Tlc2p0_TTC06_CP1_S5p033_E15p033.mp4,CP1,-0.0003561482314827988,0.07000000000000002,0.085,0.085,0.085,0.085,0.085,0.0769230769230769,13,6.0,6.0,46.66666666666666,28.0,2.0,-5.002861077785692,0.0665459457798555
LC_dv28_Tlc2p0_TTC06_CP2_S5p333_E15p333.mp4,CP2,-0.9811634738416796,0.8161885531896482,0.75,0.75,0.75,0.75,0.75,0.2307692307692307,13,6.0,5.7,44.333333333333336,28.0,2.0,-4.900318396338529,0.9613579655372053
LC_dv28_Tlc2p0_TTC06_CP4_S5p933_E15p933.mp4,CP4,-1.581144834742009,0.9997372016391263,1.0,1.0,1.0,1.0,1.0,0.3846153846153846,13,6.0,5.1,39.66666666666666,28.0,2.0,-4.677979310694104,0.9999969403117667
LC_dv28_Tlc3p0_TTC02_CP1_S5p033_E15p033.mp4,CP1,-0.0003623789954089606,0.07000000000000002,0.085,0.085,0.085,0.085,0.085,0.0416666666666666,24,2.0,2.0,15.555555555555555,28.0,3.0,-2.8088826911727645,0.06959850821849417
LC_dv28_Tlc3p0_TTC02_CP2_S5p333_E15p333.mp4,CP2,-0.6611663621404876,0.15715833782227587,0.155,0.155,0.155,0.155,0.155,0.5416666666666666,12,2.0,1.7,13.22222222222222,28.0,3.0,-2.4852442360388385,0.7652314182648793
LC_dv28_Tlc3p0_TTC02_CP3_S5p633_E15p633.mp4,CP3,-1.0183624721502658,0.8674670495666477,0.815,0.815,0.815,0.815,0.815,0.7916666666666666,12,2.0,1.4,10.888888888888888,28.0,3.0,-2.099320482560076,0.9930060847520041
LC_dv28_Tlc3p0_TTC02_CP4_S5p933_E15p933.mp4,CP4,-1.0444948378038124,0.8960187389967148,1.0,1.0,1.0,1.0,1.0,0.9166666666666666,12,2.0,1.1,8.555555555555555,28.0,3.0,-1.62158054054924,0.9940167607914941
LC_dv28_Tlc3p0_TTC02_CP5_S6p233_E16p233.mp4,CP5,-1.0578348833360445,0.9084543267592398,1.0,1.0,1.0,1.0,1.0,1.0,12,2.0,0.8,6.222222222222222,28.0,3.0,-0.995262057665552,0.99798470429574
LC_dv28_Tlc3p0_TTC03_CP1_S5p067_E15p067.mp4,CP1,-0.0011833330314677416,0.07000000000000002,0.085,0.085,0.085,0.085,0.085,0.0,24,3.0,3.0,23.33333333333333,28.0,3.0,-3.6177852734137246,0.06879198247347547
LC_dv28_Tlc3p0_TTC03_CP2_S5p367_E15p367.mp4,CP2,-0.8845154639599319,0.6228327983162854,0.57,0.57,0.57,0.57,0.57,0.4166666666666667,12,3.0,2.7,21.0,28.0,3.0,-3.407445049870862,0.9280767884615826
LC_dv28_Tlc3p0_TTC03_CP3_S5p667_E15p667.mp4,CP3,-1.006331449208634,0.8523069402801176,0.785,0.785,0.785,0.785,0.785,0.6666666666666666,12,3.0,2.4,18.666666666666664,28.0,3.0,-3.1724111148818412,0.9935563521312816
LC_dv28_Tlc3p0_TTC03_CP4_S5p967_E15p967.mp4,CP4,-1.0511773232367203,0.9024189249002839,1.0,1.0,1.0,1.0,1.0,0.8333333333333334,12,3.0,2.1,16.333333333333332,28.0,3.0,-2.9061239874823364,0.9952697590284613
LC_dv28_Tlc3p0_TTC03_CP5_S6p267_E16p267.mp4,CP5,-1.0751953874822515,0.9226839882793402,1.0,1.0,1.0,1.0,1.0,0.8333333333333334,12,3.0,1.8,14.0,28.0,3.0,-2.5990165391119375,0.9996209779324361
LC_dv28_Tlc3p0_TTC04_CP1_S5p067_E15p067.mp4,CP1,0.0021385054944008243,0.07000000000000002,0.085,0.085,0.085,0.085,0.085,0.0208333333333333,24,4.0,4.0,31.11111111111111,28.0,3.0,-4.192438774014104,0.06667647449733112
LC_dv28_Tlc3p0_TTC04_CP2_S5p367_E15p367.mp4,CP2,-0.8844972585671771,0.6227896336643048,0.57,0.57,0.57,0.57,0.57,0.2083333333333333,12,4.0,3.7,28.77777777777778,28.0,3.0,-4.036669905896323,0.927242239074523
LC_dv28_Tlc3p0_TTC04_CP3_S5p667_E15p667.mp4,CP3,-1.0213015050487275,0.8709714256220145,0.815,0.815,0.815,0.815,0.815,0.4166666666666667,12,4.0,3.4,26.444444444444443,28.0,3.0,-3.8677519092575547,0.9943994821688934
LC_dv28_Tlc3p0_TTC04_CP4_S5p967_E15p967.mp4,CP4,-1.0511705995651586,0.9024126596882108,1.0,1.0,1.0,1.0,1.0,0.4583333333333333,12,4.0,3.1,24.11111111111111,28.0,3.0,-3.683261845150956,0.9952558394504715
LC_dv28_Tlc3p0_TTC04_CP5_S6p267_E16p267.mp4,CP5,-1.0602169276802709,0.9105335288402817,1.0,1.0,1.0,1.0,1.0,0.6666666666666666,12,4.0,2.8,21.77777777777777,28.0,3.0,-3.480039750725194,0.9995353684853555
LC_dv28_Tlc3p0_TTC06_CP1_S5p033_E15p033.mp4,CP1,-0.0003539429792750621,0.07000000000000002,0.085,0.085,0.085,0.085,0.085,0.0,12,6.0,6.0,46.66666666666666,28.0,3.0,-5.002861077785692,0.0665459457798555
LC_dv28_Tlc3p0_TTC06_CP3_S5p633_E15p633.mp4,CP3,-0.9793313595951645,0.8133201195074429,0.745,0.745,0.745,0.745,0.745,0.0833333333333333,12,6.0,5.4,42.0,28.0,3.0,-4.79223537809994,0.9880454208558319
LC_dv28_Tlc3p0_TTC06_CP5_S6p233_E16p233.mp4,CP5,-1.0878281600917494,0.9317687241171025,1.0,1.0,1.0,1.0,1.0,0.2083333333333333,12,6.0,4.8,37.33333333333333,28.0,3.0,-4.556802567682358,0.9981817282233968
LC_dv28_Tlc3p0_TTC07_CP1_S5p067_E15p067.mp4,CP1,0.0021361233272380363,0.07000000000000002,0.085,0.085,0.085,0.085,0.085,0.0416666666666666,12,7.0,7.0,54.44444444444444,28.0,3.0,-5.3110546024196355,0.06448428486105212
LC_dv28_Tlc3p0_TTC07_CP2_S5p367_E15p367.mp4,CP2,-0.884494878586825,0.622783990647481,0.57,0.57,0.57,0.57,0.57,0.0,12,7.0,6.7,52.11111111111112,28.0,3.0,-5.223476699001524,0.9248374121597888
LC_dv28_Tlc3p0_TTC07_CP4_S5p967_E15p967.mp4,CP4,-1.0511705995651526,0.9024126596882053,1.0,1.0,1.0,1.0,1.0,0.2083333333333333,12,7.0,6.1,47.44444444444444,28.0,3.0,-5.035906465150155,0.9950135522485216
LC_dv28_Tlc4p0_TTC02_CP1_S5p067_E15p067.mp4,CP1,0.0021476184997556015,0.07000000000000002,0.085,0.085,0.085,0.085,0.085,0.0,24,2.0,2.0,15.555555555555555,28.0,4.0,-2.8088826911727645,0.06812539860546084
LC_dv28_Tlc4p0_TTC02_CP2_S5p367_E15p367.mp4,CP2,-0.6678468888198718,0.16570082316605628,0.155,0.155,0.155,0.155,0.155,0.6666666666666666,12,2.0,1.7,13.22222222222222,28.0,4.0,-2.4852442360388385,0.7716961802889222
LC_dv28_Tlc4p0_TTC02_CP3_S5p667_E15p667.mp4,CP3,-0.7668193544040945,0.33939370759543896,0.295,0.295,0.295,0.295,0.295,0.7916666666666666,12,2.0,1.4,10.888888888888888,28.0,4.0,-2.099320482560076,0.938881822275994
LC_dv28_Tlc4p0_TTC02_CP4_S5p967_E15p967.mp4,CP4,-0.7611778171440813,0.3271852724076693,0.285,0.285,0.285,0.285,0.285,0.9166666666666666,12,2.0,1.1,8.555555555555555,28.0,4.0,-1.62158054054924,0.9325361882255854
LC_dv28_Tlc4p0_TTC02_CP5_S6p267_E16p267.mp4,CP5,-0.7847935194395932,0.37981952138002906,0.995,0.995,0.995,0.995,0.995,0.9166666666666666,12,2.0,0.8,6.222222222222222,28.0,4.0,-0.995262057665552,0.9813204598217244
LC_dv28_Tlc4p0_TTC03_CP1_S5p033_E15p033.mp4,CP1,-0.00036237899540762704,0.07000000000000002,0.085,0.085,0.085,0.085,0.085,0.0,24,3.0,3.0,23.33333333333333,28.0,4.0,-3.6177852734137246,0.06879198247347298
LC_dv28_Tlc4p0_TTC03_CP2_S5p333_E15p333.mp4,CP2,-0.48451360226477885,0.07000000000000002,0.085,0.085,0.085,0.085,0.085,0.375,12,3.0,2.7,21.0,28.0,4.0,-3.407445049870862,0.5510374230668955
LC_dv28_Tlc4p0_TTC03_CP3_S5p633_E15p633.mp4,CP3,-0.7511035828906449,0.3060120494065909,0.265,0.265,0.265,0.265,0.265,0.5,12,3.0,2.4,18.666666666666664,28.0,4.0,-3.1724111148818412,0.9225191252157893
LC_dv28_Tlc4p0_TTC03_CP4_S5p933_E15p933.mp4,CP4,-0.7811783721484,0.37151438570989914,0.325,0.325,0.325,0.325,0.325,0.6666666666666666,12,3.0,2.1,16.333333333333332,28.0,4.0,-2.9061239874823364,0.9330618737386368
LC_dv28_Tlc4p0_TTC03_CP5_S6p233_E16p233.mp4,CP5,-0.7845087633290678,0.3791623876567482,0.995,0.995,0.995,0.995,0.995,0.7916666666666666,12,3.0,1.8,14.0,28.0,4.0,-2.5990165391119375,0.9598099465153931
LC_dv28_Tlc4p0_TTC04_CP1_S5p067_E15p067.mp4,CP1,0.0021434154479290225,0.07000000000000002,0.085,0.085,0.085,0.085,0.085,0.0,24,4.0,4.0,31.11111111111111,28.0,4.0,-4.192438774014104,0.06667647449733112
LC_dv28_Tlc4p0_TTC04_CP2_S5p367_E15p367.mp4,CP2,-0.6545093568428672,0.14902228846053794,0.15,0.15,0.15,0.15,0.15,0.2916666666666667,12,4.0,3.7,28.77777777777778,28.0,4.0,-4.036669905896323,0.7545534039309789
LC_dv28_Tlc4p0_TTC04_CP3_S5p667_E15p667.mp4,CP3,-0.7548433097320174,0.3137753796757265,0.275,0.275,0.275,0.275,0.275,0.4583333333333333,12,4.0,3.4,26.444444444444443,28.0,4.0,-3.8677519092575547,0.9318746013945377
LC_dv28_Tlc4p0_TTC04_CP4_S5p967_E15p967.mp4,CP4,-0.784502044017272,0.3791468874705378,0.325,0.325,0.325,0.325,0.325,0.4583333333333333,12,4.0,3.1,24.11111111111111,28.0,4.0,-3.683261845150956,0.9403330754400755
LC_dv28_Tlc4p0_TTC04_CP5_S6p267_E16p267.mp4,CP5,-0.7997534772522973,0.4149909176871003,0.995,0.995,1.0,1.0,1.0,0.625,12,4.0,2.8,21.77777777777777,28.0,4.0,-3.480039750725194,0.9832172263274955
LC_dv28_Tlc4p0_TTC05_CP1_S5p067_E15p067.mp4,CP1,-0.0011766102729859867,0.07000000000000002,0.085,0.085,0.085,0.085,0.085,0.0,12,5.0,5.0,38.888888888888886,28.0,4.0,-4.6383967788013445,0.06733209223175714
LC_dv28_Tlc4p0_TTC05_CP2_S5p367_E15p367.mp4,CP2,-0.664513556337054,0.16139058996663094,0.155,0.155,0.155,0.155,0.155,0.25,12,5.0,4.7,36.55555555555556,28.0,4.0,-4.514723053637006,0.7633659258264385
LC_dv28_Tlc4p0_TTC05_CP4_S5p967_E15p967.mp4,CP4,-0.7845226367325708,0.37919439186345877,0.325,0.325,0.325,0.325,0.325,0.375,12,5.0,4.1,31.88888888888889,28.0,4.0,-4.241779956088589,0.9400930928972294
LC_dv28_Tlc4p0_TTC07_CP1_S5p067_E15p067.mp4,CP1,0.0021476184997556015,0.07000000000000002,0.085,0.085,0.085,0.085,0.085,0.0416666666666666,12,7.0,7.0,54.44444444444444,28.0,4.0,-5.3110546024196355,0.06448428486105212
LC_dv28_Tlc4p0_TTC07_CP3_S5p667_E15p667.mp4,CP3,-0.7668193544040932,0.339393707595436,0.295,0.295,0.295,0.295,0.295,0.0833333333333333,12,7.0,6.4,49.77777777777778,28.0,4.0,-5.131888902333795,0.935388332463109
LC_dv28_Tlc4p0_TTC07_CP5_S6p267_E16p267.mp4,CP5,-0.7877769149505206,0.38673381868684886,0.995,0.995,0.995,1.0,1.0,0.25,12,7.0,5.8,45.11111111111111,28.0,4.0,-4.935086487174845,0.9806647860250347
LC_dv35_Tlc2p0_TTC02_CP1_S5p033_E15p033.mp4,CP1,0.0006679122694919212,0.07000000000000002,0.085,0.085,0.085,0.085,0.085,0.0,21,2.0,2.0,19.444444444444443,35.0,2.0,-3.0307128046501712,0.06919433995083918
LC_dv35_Tlc2p0_TTC02_CP2_S5p333_E15p333.mp4,CP2,-0.9825619093822942,0.8183559199203393,0.755,0.755,0.755,0.755,0.755,0.6363636363636364,11,2.0,1.7,16.527777777777775,35.0,2.0,-2.706571966576927,0.9639098953833413
LC_dv35_Tlc2p0_TTC02_CP3_S5p633_E15p633.mp4,CP3,-1.4737666431556264,0.9990496519235528,1.0,1.0,1.0,1.0,1.0,0.8,10,2.0,1.4,13.611111111111107,35.0,2.0,-2.319791867954003,0.9999880663507497
LC_dv35_Tlc2p0_TTC02_CP4_S5p933_E15p933.mp4,CP4,-1.5858822221297988,0.9997518878418474,1.0,1.0,1.0,1.0,1.0,0.8636363636363636,11,2.0,1.1,10.694444444444445,35.0,2.0,-1.8404118891983026,0.9999974001604599
LC_dv35_Tlc2p0_TTC02_CP5_S6p233_E16p233.mp4,CP5,-1.6368049298071088,0.9998668410459685,1.0,1.0,1.0,1.0,1.0,0.9,10,2.0,0.8,7.777777777777778,35.0,2.0,-1.2103235205216587,0.9999999035541652
LC_dv35_Tlc2p0_TTC03_CP1_S5p067_E15p067.mp4,CP1,0.0007336029168743709,0.07000000000000002,0.085,0.085,0.085,0.085,0.085,0.0238095238095238,21,3.0,3.0,29.166666666666664,35.0,2.0,-3.8403441027990013,0.06825831495507322
LC_dv35_Tlc2p0_TTC03_CP2_S5p367_E15p367.mp4,CP2,-1.2901450810544353,0.9921293273732719,0.985,0.985,0.985,0.985,0.985,0.6363636363636364,11,3.0,2.7,26.25,35.0,2.0,-3.6298669477037375,0.9975469194209788
LC_dv35_Tlc2p0_TTC03_CP3_S5p667_E15p667.mp4,CP3,-1.5373712456124868,0.9995543268256344,1.0,1.0,1.0,1.0,1.0,0.3,10,3.0,2.4,23.33333333333333,35.0,2.0,-3.394641722099515,0.9999975103330181
LC_dv35_Tlc2p0_TTC03_CP4_S5p967_E15p967.mp4,CP4,-1.593481946922525,0.9997737839901355,1.0,1.0,1.0,1.0,1.0,0.6363636363636364,11,3.0,2.1,20.416666666666664,35.0,2.0,-3.128075880540896,0.9999986129158244
LC_dv35_Tlc2p0_TTC03_CP5_S6p267_E16p267.mp4,CP5,-1.615221608314487,0.9998264866624845,1.0,1.0,1.0,1.0,1.0,0.75,10,3.0,1.8,17.5,35.0,2.0,-2.8205396992386476,0.9999999967826697
LC_dv35_Tlc2p0_TTC04_CP1_S5p067_E15p067.mp4,CP1,0.0007336029168743709,0.07000000000000002,0.085,0.085,0.085,0.085,0.085,0.0,21,4.0,4.0,38.888888888888886,35.0,2.0,-4.415253227487135,0.06720057157626577
LC_dv35_Tlc2p0_TTC04_CP2_S5p367_E15p367.mp4,CP2,-1.2634865168904952,0.9894078337546771,0.985,0.985,0.985,0.985,0.985,0.2272727272727272,11,4.0,3.7,35.97222222222222,35.0,2.0,-4.2594288772590065,0.99669781652087
LC_dv35_Tlc2p0_TTC04_CP3_S5p667_E15p667.mp4,CP3,-1.5352244919241365,0.9995426985592173,1.0,1.0,1.0,1.0,1.0,0.2,10,4.0,3.4,33.05555555555555,35.0,2.0,-4.090440092932224,0.9999971926735736
LC_dv35_Tlc2p0_TTC04_CP4_S5p967_E15p967.mp4,CP4,-1.596813032019082,0.9997827736161112,1.0,1.0,1.0,1.0,1.0,0.5454545454545454,11,4.0,3.1,30.13888888888889,35.0,2.0,-3.905857743782941,0.9999985852823381
LC_dv35_Tlc2p0_TTC04_CP5_S6p267_E16p267.mp4,CP5,-1.6459912809444848,0.9998810790059837,1.0,1.0,1.0,1.0,1.0,0.2,10,4.0,2.8,27.22222222222221,35.0,2.0,-3.7025121973742765,0.9999999982155765
LC_dv35_Tlc2p0_TTC05_CP1_S5p033_E15p033.mp4,CP1,0.0006588843785552668,0.07000000000000002,0.085,0.085,0.085,0.085,0.085,0.0454545454545454,11,5.0,5.0,48.61111111111111,35.0,2.0,-4.861329650644311,0.06641561494934686
LC_dv35_Tlc2p0_TTC05_CP2_S5p333_E15p333.mp4,CP2,-0.9792311453383735,0.8131622726142453,0.74,0.74,0.74,0.74,0.74,0.3181818181818182,11,5.0,4.7,45.69444444444444,35.0,2.0,-4.737628186940948,0.9612732580711751
LC_dv35_Tlc2p0_TTC05_CP4_S5p933_E15p933.mp4,CP4,-1.5825414901204682,0.9997416177010792,1.0,1.0,1.0,1.0,1.0,0.4545454545454545,11,5.0,4.1,39.86111111111111,35.0,2.0,-4.46461025602528,0.999997083075516
LC_dv35_Tlc2p0_TTC07_CP1_S5p067_E15p067.mp4,CP1,0.0007428807708557491,0.07000000000000002,0.085,0.085,0.085,0.085,0.085,0.0,10,7.0,7.0,68.05555555555554,35.0,2.0,-5.534090638937313,0.06461166753689067
LC_dv35_Tlc2p0_TTC07_CP3_S5p667_E15p667.mp4,CP3,-1.534379569159344,0.9995380408654775,1.0,1.0,1.0,1.0,1.0,0.0,10,7.0,6.4,62.22222222222222,35.0,2.0,-5.354903841055232,0.9999969982017984
LC_dv35_Tlc2p0_TTC07_CP5_S6p267_E16p267.mp4,CP5,-1.6421700435243194,0.9998753475929557,1.0,1.0,1.0,1.0,1.0,0.0,10,7.0,5.8,56.388888888888886,35.0,2.0,-5.158073450022496,0.9999999979082266
LC_dv35_Tlc3p0_TTC02_CP1_S5p067_E15p067.mp4,CP1,0.0007428807708513083,0.07000000000000002,0.085,0.085,0.085,0.085,0.085,0.0,24,2.0,2.0,19.444444444444443,35.0,3.0,-3.0307128046501712,0.06919433995084183
LC_dv35_Tlc3p0_TTC02_CP2_S5p367_E15p367.mp4,CP2,-0.8668460332194403,0.5802286425275666,0.525,0.525,0.525,0.525,0.525,0.7083333333333334,12,2.0,1.7,16.527777777777775,35.0,3.0,-2.706571966576927,0.9205958556856881
LC_dv35_Tlc3p0_TTC02_CP3_S5p667_E15p667.mp4,CP3,-0.9954762542117314,0.8374732901852299,0.775,0.775,0.775,0.775,0.775,0.7083333333333334,12,2.0,1.4,13.611111111111107,35.0,3.0,-2.319791867954003,0.9929666495958812
LC_dv35_Tlc3p0_TTC02_CP4_S5p967_E15p967.mp4,CP4,-1.0535104088534275,0.9045720623441823,1.0,1.0,1.0,1.0,1.0,0.9166666666666666,12,2.0,1.1,10.694444444444445,35.0,3.0,-1.8404118891983026,0.9954069640975973
LC_dv35_Tlc3p0_TTC02_CP5_S6p267_E16p267.mp4,CP5,-1.0643492642165358,0.9140427498016488,1.0,1.0,1.0,1.0,1.0,0.8333333333333334,12,2.0,0.8,7.777777777777778,35.0,3.0,-1.2103235205216587,0.9995724949043961
LC_dv35_Tlc3p0_TTC03_CP1_S5p033_E15p033.mp4,CP1,0.0006679122694932547,0.07000000000000002,0.085,0.085,0.085,0.085,0.085,0.0,24,3.0,3.0,29.166666666666664,35.0,3.0,-3.8403441027990013,0.06825831495507322
LC_dv35_Tlc3p0_TTC03_CP2_S5p333_E15p333.mp4,CP2,-0.6625885410119413,0.15894489448220053,0.155,0.155,0.155,0.155,0.155,0.1666666666666666,12,3.0,2.7,26.25,35.0,3.0,-3.6298669477037375,0.7655415413192528
LC_dv35_Tlc3p0_TTC03_CP3_S5p633_E15p633.mp4,CP3,-1.0023176108170189,0.846951651287239,0.78,0.78,0.78,0.78,0.78,0.375,12,3.0,2.4,23.33333333333333,35.0,3.0,-3.394641722099515,0.9916427690811422
LC_dv35_Tlc3p0_TTC03_CP4_S5p933_E15p933.mp4,CP4,-1.049238829460411,0.9005981827518548,1.0,1.0,1.0,1.0,1.0,0.5416666666666666,12,3.0,2.1,20.416666666666664,35.0,3.0,-3.128075880540896,0.9941524336336097
LC_dv35_Tlc3p0_TTC03_CP5_S6p233_E16p233.mp4,CP5,-1.0701667123768808,0.9187779925636067,1.0,1.0,1.0,1.0,1.0,0.6666666666666666,12,3.0,1.8,17.5,35.0,3.0,-2.8205396992386476,0.9981817282233967
LC_dv35_Tlc3p0_TTC04_CP1_S5p067_E15p067.mp4,CP1,0.0007428807708587098,0.07000000000000002,0.085,0.085,0.085,0.085,0.085,0.0208333333333333,24,4.0,4.0,38.888888888888886,35.0,3.0,-4.415253227487135,0.06733209223175714
LC_dv35_Tlc3p0_TTC04_CP2_S5p367_E15p367.mp4,CP2,-0.8668281949294796,0.5801850160724593,0.525,0.525,0.525,0.525,0.525,0.2083333333333333,12,4.0,3.7,35.97222222222222,35.0,3.0,-4.2594288772590065,0.91848446493261
LC_dv35_Tlc3p0_TTC04_CP3_S5p667_E15p667.mp4,CP3,-1.0254288054246428,0.8757637579714822,0.815,0.815,0.815,0.815,0.815,0.3333333333333333,12,4.0,3.4,33.05555555555555,35.0,3.0,-4.090440092932224,0.9945747147030212
LC_dv35_Tlc3p0_TTC04_CP4_S5p967_E15p967.mp4,CP4,-1.036825910151729,0.8882351098059429,1.0,1.0,1.0,1.0,1.0,0.3333333333333333,12,4.0,3.1,30.13888888888889,35.0,3.0,-3.905857743782941,0.9944637763344878
LC_dv35_Tlc3p0_TTC04_CP5_S6p267_E16p267.mp4,CP5,-1.0763168876017728,0.9235320344019448,1.0,1.0,1.0,1.0,1.0,0.4166666666666667,12,4.0,2.8,27.22222222222221,35.0,3.0,-3.7025121973742765,0.9996167910294771
LC_dv35_Tlc3p0_TTC05_CP1_S5p067_E15p067.mp4,CP1,0.0007336029168743709,0.07000000000000002,0.085,0.085,0.085,0.085,0.085,0.0416666666666666,12,5.0,5.0,48.61111111111111,35.0,3.0,-4.861329650644311,0.06641561494934686
LC_dv35_Tlc3p0_TTC05_CP3_S5p667_E15p667.mp4,CP3,-1.0074546330877259,0.8537785481228433,0.785,0.785,0.785,0.785,0.785,0.2083333333333333,12,5.0,4.4,42.77777777777778,35.0,3.0,-4.605772025398682,0.9934271580510342
LC_dv35_Tlc3p0_TTC05_CP5_S6p267_E16p267.mp4,CP5,-1.0643509492680938,0.9140441557987921,1.0,1.0,1.0,1.0,1.0,0.2916666666666667,12,5.0,3.8,36.94444444444444,35.0,3.0,-4.312729853349183,0.9995453314548949
LC_dv35_Tlc3p0_TTC06_CP1_S5p067_E15p067.mp4,CP1,0.000749582629725093,0.07000000000000002,0.085,0.085,0.085,0.085,0.085,0.0416666666666666,12,6.0,6.0,58.33333333333333,35.0,3.0,-5.225858302455897,0.06550882590497294
LC_dv35_Tlc3p0_TTC06_CP2_S5p367_E15p367.mp4,CP2,-0.8868379156738468,0.6283249659721885,0.58,0.58,0.58,0.58,0.58,0.0,12,6.0,5.7,55.41666666666666,35.0,3.0,-5.123299818704919,0.9261179979653257
LC_dv35_Tlc3p0_TTC06_CP4_S5p967_E15p967.mp4,CP4,-1.050168964402036,0.9014754375777613,1.0,1.0,1.0,1.0,1.0,0.0833333333333333,12,6.0,5.1,49.58333333333333,35.0,3.0,-4.900920359704262,0.9949254433860201
LC_dv35_Tlc4p0_TTC02_CP1_S5p067_E15p067.mp4,CP1,0.0007502966228726612,0.07000000000000002,0.085,0.085,0.085,0.085,0.085,0.02,25,2.0,2.0,19.444444444444443,35.0,4.0,-3.0307128046501712,0.06919433995084183
LC_dv35_Tlc4p0_TTC02_CP2_S5p367_E15p367.mp4,CP2,-0.6668430857972587,0.1643927423157337,0.155,0.155,0.155,0.155,0.155,0.4615384615384615,13,2.0,1.7,16.527777777777775,35.0,4.0,-2.706571966576927,0.7710848319713266
LC_dv35_Tlc4p0_TTC02_CP3_S5p667_E15p667.mp4,CP3,-0.7679531971526237,0.3418765505948888,0.295,0.295,0.295,0.295,0.295,0.8333333333333334,12,2.0,1.4,13.611111111111107,35.0,4.0,-2.319791867954003,0.9398523550145249
LC_dv35_Tlc4p0_TTC02_CP4_S5p967_E15p967.mp4,CP4,-0.7835016190590708,0.3768422102771993,0.325,0.325,0.325,0.325,0.325,0.8076923076923077,13,2.0,1.1,10.694444444444445,35.0,4.0,-1.8404118891983026,0.941874646971597
LC_dv35_Tlc4p0_TTC02_CP5_S6p267_E16p267.mp4,CP5,-0.7978831969304817,0.41052938188042215,0.995,0.995,0.995,0.995,0.995,0.9583333333333334,12,2.0,0.8,7.777777777777778,35.0,4.0,-1.2103235205216587,0.9837571984566634
LC_dv35_Tlc4p0_TTC03_CP1_S5p067_E15p067.mp4,CP1,0.0007310333795122267,0.07000000000000002,0.085,0.085,0.085,0.085,0.085,0.0,25,3.0,3.0,29.166666666666664,35.0,4.0,-3.8403441027990013,0.06825831495507322
LC_dv35_Tlc4p0_TTC03_CP2_S5p367_E15p367.mp4,CP2,-0.6668447081176672,0.16439484936669815,0.155,0.155,0.155,0.155,0.155,0.3846153846153846,13,3.0,2.7,26.25,35.0,4.0,-3.6298669477037375,0.768937894036086
LC_dv35_Tlc4p0_TTC03_CP3_S5p667_E15p667.mp4,CP3,-0.7679531971526237,0.3418765505948888,0.295,0.295,0.295,0.295,0.295,0.5,12,3.0,2.4,23.33333333333333,35.0,4.0,-3.394641722099515,0.9390038040456546
LC_dv35_Tlc4p0_TTC03_CP4_S5p967_E15p967.mp4,CP4,-0.7601741506571591,0.3250391799494725,0.285,0.285,0.285,0.285,0.285,0.6538461538461539,13,3.0,2.1,20.416666666666664,35.0,4.0,-3.128075880540896,0.9313417350539159
LC_dv35_Tlc4p0_TTC03_CP5_S6p267_E16p267.mp4,CP5,-0.7978916219259614,0.4105494416809355,0.995,0.995,0.995,0.995,0.995,0.7916666666666666,12,3.0,1.8,17.5,35.0,4.0,-2.8205396992386476,0.9831750612928226
LC_dv35_Tlc4p0_TTC04_CP1_S5p067_E15p067.mp4,CP1,0.0007428807708587098,0.07000000000000002,0.085,0.085,0.085,0.085,0.085,0.0,25,4.0,4.0,38.888888888888886,35.0,4.0,-4.415253227487135,0.06720057157626577
LC_dv35_Tlc4p0_TTC04_CP2_S5p367_E15p367.mp4,CP2,-0.6668349788803906,0.16438221348689172,0.155,0.155,0.155,0.155,0.155,0.1538461538461538,13,4.0,3.7,35.97222222222222,35.0,4.0,-4.2594288772590065,0.766470549142413
LC_dv35_Tlc4p0_TTC04_CP3_S5p667_E15p667.mp4,CP3,-0.765784596861628,0.3371362501513706,0.29,0.29,0.29,0.29,0.29,0.0833333333333333,12,4.0,3.4,33.05555555555555,35.0,4.0,-4.090440092932224,0.9367788342576372
LC_dv35_Tlc4p0_TTC04_CP4_S5p967_E15p967.mp4,CP4,-0.7835074786877924,0.37685569099465904,0.325,0.325,0.325,0.325,0.325,0.4230769230769231,13,4.0,3.1,30.13888888888889,35.0,4.0,-3.905857743782941,0.9400930928972293
LC_dv35_Tlc4p0_TTC04_CP5_S6p267_E16p267.mp4,CP5,-0.7867391031848059,0.38432255136833515,0.995,0.995,0.995,1.0,1.0,0.5,12,4.0,2.8,27.22222222222221,35.0,4.0,-3.7025121973742765,0.981227966754402
LC_dv35_Tlc4p0_TTC06_CP1_S5p067_E15p067.mp4,CP1,0.0007477293119369677,0.07000000000000002,0.085,0.085,0.085,0.085,0.085,0.0416666666666666,12,6.0,6.0,58.33333333333333,35.0,4.0,-5.225858302455897,0.06550882590497294
LC_dv35_Tlc4p0_TTC06_CP3_S5p667_E15p667.mp4,CP3,-0.7619550641405468,0.3288526591329812,0.285,0.285,0.285,0.285,0.285,0.0416666666666666,12,6.0,5.4,52.5,35.0,4.0,-5.015198293358574,0.9298597763332355
LC_dv35_Tlc4p0_TTC06_CP5_S6p267_E16p267.mp4,CP5,-0.8068652301279651,0.4321006249626101,0.995,0.995,1.0,1.0,1.0,0.2083333333333333,12,6.0,4.8,46.66666666666666,35.0,4.0,-4.779717526471482,0.9826186186888856
LC_dv35_Tlc4p0_TTC07_CP1_S5p067_E15p067.mp4,CP1,0.0007521496935266215,0.07000000000000002,0.085,0.085,0.085,0.085,0.085,0.0,13,7.0,7.0,68.05555555555554,35.0,4.0,-5.534090638937313,0.06448428486105157
LC_dv35_Tlc4p0_TTC07_CP2_S5p367_E15p367.mp4,CP2,-0.6534994023932686,0.14782019102939523,0.145,0.145,0.145,0.145,0.145,0.0,13,7.0,6.7,65.13888888888889,35.0,4.0,-5.446502894403274,0.7458913763955981
LC_dv35_Tlc4p0_TTC07_CP4_S5p967_E15p967.mp4,CP4,-0.786843058526239,0.38456379521469675,0.335,0.335,0.335,0.335,0.335,0.1923076923076923,13,7.0,6.1,59.30555555555555,35.0,4.0,-5.258908446556339,0.9378990930854724
LC_dv42_Tlc2p0_TTC02_CP1_S5p033_E15p033.mp4,CP1,0.0015973311959253673,0.07000000000000002,0.085,0.085,0.085,0.085,0.085,0.0769230769230769,26,2.0,2.0,23.33333333333333,42.0,2.0,-3.2123201653055604,0.06865826494608443
LC_dv42_Tlc2p0_TTC02_CP2_S5p333_E15p333.mp4,CP2,-0.9548646931184771,0.7718642762408426,0.7,0.7,0.7,0.7,0.7,0.6923076923076923,13,2.0,1.7,19.83333333333333,42.0,2.0,-2.8879057678418696,0.9559074972773316
LC_dv42_Tlc2p0_TTC02_CP3_S5p633_E15p633.mp4,CP3,-1.5259548842438524,0.9994889836816504,1.0,1.0,1.0,1.0,1.0,0.6923076923076923,13,2.0,1.4,16.333333333333332,42.0,2.0,-2.500658879374172,0.9999949056922037
LC_dv42_Tlc2p0_TTC02_CP4_S5p933_E15p933.mp4,CP4,-1.5815372915790833,0.9997384499583811,1.0,1.0,1.0,1.0,1.0,0.8846153846153846,13,2.0,1.1,12.833333333333334,42.0,2.0,-2.020383197456979,0.9999973369519305
LC_dv42_Tlc2p0_TTC02_CP5_S6p233_E16p233.mp4,CP5,-1.6381915514234853,0.9998690926047193,1.0,1.0,1.0,1.0,1.0,0.9230769230769232,13,2.0,0.8,9.333333333333334,42.0,2.0,-1.3882272737337427,0.9999999116056838
LC_dv42_Tlc2p0_TTC03_CP1_S5p067_E15p067.mp4,CP1,0.0017666722759394399,0.07000000000000002,0.085,0.085,0.085,0.085,0.085,0.0384615384615384,26,3.0,3.0,35.0,42.0,2.0,-4.022347889502803,0.06772784818573437
LC_dv42_Tlc2p0_TTC03_CP2_S5p367_E15p367.mp4,CP2,-1.2882005995329862,0.9919562053036086,0.985,0.985,0.985,0.985,0.985,0.5384615384615384,13,3.0,2.7,31.5,42.0,2.0,-3.8117962768064957,0.997515919232072
LC_dv42_Tlc2p0_TTC03_CP3_S5p667_E15p667.mp4,CP3,-1.5303591342782759,0.9995152338819432,1.0,1.0,1.0,1.0,1.0,0.2692307692307692,13,3.0,2.4,28.0,42.0,2.0,-3.5764670090793667,0.9999971926735736
LC_dv42_Tlc2p0_TTC03_CP4_S5p967_E15p967.mp4,CP4,-1.574852375034333,0.9997163710552086,1.0,1.0,1.0,1.0,1.0,0.6153846153846154,13,3.0,2.1,24.5,42.0,2.0,-3.3097495211028414,0.9999981383843228
LC_dv42_Tlc2p0_TTC03_CP5_S6p267_E16p267.mp4,CP5,-1.6441233151220829,0.9998783103168319,1.0,1.0,1.0,1.0,1.0,0.5,13,3.0,1.8,21.0,42.0,2.0,-3.0019799417626976,0.9999999982480744
LC_dv42_Tlc2p0_TTC04_CP1_S5p067_E15p067.mp4,CP1,-0.0015607810391789637,0.07000000000000002,0.085,0.085,0.085,0.085,0.085,0.0192307692307692,26,4.0,4.0,46.66666666666666,42.0,2.0,-4.597395969677527,0.06799268213764327
LC_dv42_Tlc2p0_TTC04_CP2_S5p367_E15p367.mp4,CP2,-1.314867259102225,0.9940388878941552,0.985,0.985,0.985,0.985,0.985,0.3461538461538461,13,4.0,3.7,43.16666666666666,42.0,2.0,-4.4415414644163445,0.9980731718505068
LC_dv42_Tlc2p0_TTC04_CP3_S5p667_E15p667.mp4,CP3,-1.5273597935677925,0.9994975048715901,1.0,1.0,1.0,1.0,1.0,0.2692307692307692,13,4.0,3.4,39.66666666666666,42.0,2.0,-4.272514202585939,0.9999970409298782
LC_dv42_Tlc2p0_TTC04_CP4_S5p967_E15p967.mp4,CP4,-1.5715249024971656,0.999704710482963,1.0,1.0,1.0,1.0,1.0,0.4615384615384615,13,4.0,3.1,36.16666666666666,42.0,2.0,-4.08788168447215,0.999998026381933
LC_dv42_Tlc2p0_TTC04_CP5_S6p267_E16p267.mp4,CP5,-1.6411315146521952,0.9998737436694038,1.0,1.0,1.0,1.0,1.0,0.3076923076923077,13,4.0,2.8,32.666666666666664,42.0,2.0,-3.884469014623358,0.9999999981145223
LC_dv42_Tlc2p0_TTC05_CP1_S5p067_E15p067.mp4,CP1,-0.0015749775326441987,0.07000000000000002,0.085,0.085,0.085,0.085,0.085,0.0,13,5.0,5.0,58.33333333333333,42.0,2.0,-5.043536745661942,0.0669381262613655
LC_dv42_Tlc2p0_TTC05_CP3_S5p667_E15p667.mp4,CP3,-1.5124026135756343,0.9993991735992068,1.0,1.0,1.0,1.0,1.0,0.0769230769230769,13,5.0,4.4,51.333333333333336,42.0,2.0,-4.78794578881124,0.9999958554126696
LC_dv42_Tlc2p0_TTC05_CP5_S6p267_E16p267.mp4,CP5,-1.6501249145517238,0.9998869881104929,1.0,1.0,1.0,1.0,1.0,0.2692307692307692,13,5.0,3.8,44.33333333333333,42.0,2.0,-4.494853288230364,0.9999999982587785
LC_dv42_Tlc2p0_TTC06_CP1_S5p067_E15p067.mp4,CP1,-0.0015607810391863653,0.07000000000000002,0.085,0.085,0.085,0.085,0.085,0.0769230769230769,13,6.0,6.0,70.0,42.0,2.0,-5.408100364196231,0.0657669232431335
LC_dv42_Tlc2p0_TTC06_CP2_S5p367_E15p367.mp4,CP2,-1.291539801923478,0.9922512738765754,0.985,0.985,0.985,0.985,0.985,0.1923076923076923,13,6.0,5.7,66.5,42.0,2.0,-5.305533294434385,0.9974046088101287
LC_dv42_Tlc2p0_TTC06_CP4_S5p967_E15p967.mp4,CP4,-1.5948523697170864,0.999777525662528,1.0,1.0,1.0,1.0,1.0,0.3461538461538461,13,6.0,5.1,59.49999999999999,42.0,2.0,-5.083131898056322,0.9999984843450851
LC_dv42_Tlc3p0_TTC02_CP1_S5p067_E15p067.mp4,CP1,-0.0015583503893227602,0.07000000000000002,0.085,0.085,0.085,0.085,0.085,0.0,24,2.0,2.0,23.33333333333333,42.0,3.0,-3.2123201653055604,0.07027615797873049
LC_dv42_Tlc3p0_TTC02_CP2_S5p367_E15p367.mp4,CP2,-0.8648951467237589,0.5754514924543146,0.52,0.52,0.52,0.52,0.52,0.4583333333333333,12,2.0,1.7,19.83333333333333,42.0,3.0,-2.8879057678418696,0.9202967883807338
LC_dv42_Tlc3p0_TTC02_CP3_S5p667_E15p667.mp4,CP3,-1.021399351344561,0.8710867732688172,0.815,0.815,0.815,0.815,0.815,0.7916666666666666,12,2.0,1.4,16.333333333333332,42.0,3.0,-2.500658879374172,0.994590400674706
LC_dv42_Tlc3p0_TTC02_CP4_S5p967_E15p967.mp4,CP4,-1.0382260007922954,0.8896919039256121,1.0,1.0,1.0,1.0,1.0,0.875,12,2.0,1.1,12.833333333333334,42.0,3.0,-2.020383197456979,0.9948058096425682
LC_dv42_Tlc3p0_TTC02_CP5_S6p267_E16p267.mp4,CP5,-1.0752840029814763,0.9227512995400129,1.0,1.0,1.0,1.0,1.0,1.0,12,2.0,0.8,9.333333333333334,42.0,3.0,-1.3882272737337427,0.9996332851516281
LC_dv42_Tlc3p0_TTC03_CP1_S5p067_E15p067.mp4,CP1,0.0017559220454588201,0.07000000000000002,0.085,0.085,0.085,0.085,0.085,0.0208333333333333,24,3.0,3.0,35.0,42.0,3.0,-4.022347889502803,0.06772784818573437
LC_dv42_Tlc3p0_TTC03_CP2_S5p367_E15p367.mp4,CP2,-0.8848760940846798,0.6236874903805695,0.575,0.575,0.575,0.575,0.575,0.2083333333333333,12,3.0,2.7,31.5,42.0,3.0,-3.8117962768064957,0.9284913009848366
LC_dv42_Tlc3p0_TTC03_CP3_S5p667_E15p667.mp4,CP3,-1.0064217463008391,0.8524256824819896,0.785,0.785,0.785,0.785,0.785,0.4583333333333333,12,3.0,2.4,28.0,42.0,3.0,-3.5764670090793667,0.9936110297408024
LC_dv42_Tlc3p0_TTC03_CP4_S5p967_E15p967.mp4,CP4,-1.0548826908993951,0.9058192019351626,1.0,1.0,1.0,1.0,1.0,0.7083333333333334,12,3.0,2.1,24.5,42.0,3.0,-3.3097495211028414,0.9954742254283996
LC_dv42_Tlc3p0_TTC03_CP5_S6p267_E16p267.mp4,CP5,-1.0752855123323068,0.9227524455736426,1.0,1.0,1.0,1.0,1.0,0.75,12,3.0,1.8,21.0,42.0,3.0,-3.0019799417626976,0.9996292246011834
LC_dv42_Tlc3p0_TTC04_CP1_S5p067_E15p067.mp4,CP1,-0.0015583503893227602,0.07000000000000002,0.085,0.085,0.085,0.085,0.085,0.0,24,4.0,4.0,46.66666666666666,42.0,3.0,-4.597395969677527,0.06799268213764327
LC_dv42_Tlc3p0_TTC04_CP2_S5p367_E15p367.mp4,CP2,-0.8848868293874983,0.6237129226124731,0.575,0.575,0.575,0.575,0.575,0.0833333333333333,12,4.0,3.7,43.16666666666666,42.0,3.0,-4.4415414644163445,0.9273818432199595
LC_dv42_Tlc3p0_TTC04_CP3_S5p667_E15p667.mp4,CP3,-1.021399351344557,0.8710867732688125,0.815,0.815,0.815,0.815,0.815,0.3333333333333333,12,4.0,3.4,39.66666666666666,42.0,3.0,-4.272514202585939,0.9944156175742096
LC_dv42_Tlc3p0_TTC04_CP4_S5p967_E15p967.mp4,CP4,-1.051551019715316,0.9027665952179947,1.0,1.0,1.0,1.0,1.0,0.4583333333333333,12,4.0,3.1,36.16666666666666,42.0,3.0,-4.08788168447215,0.9952836421687731
LC_dv42_Tlc3p0_TTC04_CP5_S6p267_E16p267.mp4,CP5,-1.0483394118932658,0.8997435149709754,1.0,1.0,1.0,1.0,1.0,0.5,12,4.0,2.8,32.666666666666664,42.0,3.0,-3.884469014623358,0.9994616862397425
LC_dv42_Tlc3p0_TTC06_CP1_S5p067_E15p067.mp4,CP1,-0.0015624426109687507,0.07000000000000002,0.085,0.085,0.085,0.085,0.085,0.0416666666666666,12,6.0,6.0,70.0,42.0,3.0,-5.408100364196231,0.0657669232431335
LC_dv42_Tlc3p0_TTC06_CP3_S5p667_E15p667.mp4,CP3,-1.0213918021009742,0.8710778767406048,0.815,0.815,0.815,0.815,0.815,0.0,12,6.0,5.4,63.0,42.0,3.0,-5.19742171318497,0.9941356251246968
LC_dv42_Tlc3p0_TTC06_CP5_S6p267_E16p267.mp4,CP5,-1.0633148065687081,0.9131757872034594,1.0,1.0,1.0,1.0,1.0,0.0416666666666666,12,6.0,4.8,55.99999999999999,42.0,3.0,-4.961914887642475,0.9995303115002806
LC_dv42_Tlc3p0_TTC07_CP1_S5p033_E15p033.mp4,CP1,0.0025477480387547853,0.07000000000000002,0.085,0.085,0.085,0.085,0.085,0.0416666666666666,12,7.0,7.0,81.66666666666666,42.0,3.0,-5.7163537877864945,0.06322116574236226
LC_dv42_Tlc3p0_TTC07_CP2_S5p333_E15p333.mp4,CP2,-0.6648893199212165,0.16187169217188624,0.155,0.155,0.155,0.155,0.155,0.0,12,7.0,6.7,78.16666666666667,42.0,3.0,-5.6287606965334245,0.7567729333535345
LC_dv42_Tlc3p0_TTC07_CP4_S5p933_E15p933.mp4,CP4,-1.0448743917902719,0.8963916608152361,1.0,1.0,1.0,1.0,1.0,0.0833333333333333,12,7.0,6.1,71.16666666666666,42.0,3.0,-5.441153092776717,0.9933898271860861
LC_dv42_Tlc4p0_TTC02_CP1_S5p067_E15p067.mp4,CP1,-0.001569091928493486,0.07000000000000002,0.085,0.085,0.085,0.085,0.085,0.0625,24,2.0,2.0,23.33333333333333,42.0,4.0,-3.2123201653055604,0.07027615797873049
LC_dv42_Tlc4p0_TTC02_CP2_S5p367_E15p367.mp4,CP2,-0.6515484549791627,0.14552183352578135,0.145,0.145,0.145,0.145,0.145,0.4583333333333333,12,2.0,1.7,19.83333333333333,42.0,4.0,-2.8879057678418696,0.7567729333535361
LC_dv42_Tlc4p0_TTC02_CP3_S5p667_E15p667.mp4,CP3,-0.7669338867436044,0.339644069668387,0.295,0.295,0.295,0.295,0.295,0.7916666666666666,12,2.0,1.4,16.333333333333332,42.0,4.0,-2.500658879374172,0.9391255954181246
LC_dv42_Tlc4p0_TTC02_CP4_S5p967_E15p967.mp4,CP4,-0.788227484388716,0.3877826508904009,0.335,0.335,0.335,0.335,0.335,0.9166666666666666,12,2.0,1.1,12.833333333333334,42.0,4.0,-2.020383197456979,0.943728805900176
LC_dv42_Tlc4p0_TTC02_CP5_S6p267_E16p267.mp4,CP5,-0.7968649191786399,0.4081074559914349,0.995,0.995,0.995,0.995,0.995,0.9583333333333334,12,2.0,0.8,9.333333333333334,42.0,4.0,-1.3882272737337427,0.9835926608635548
LC_dv42_Tlc4p0_TTC03_CP1_S5p067_E15p067.mp4,CP1,0.0017650094101521513,0.07000000000000002,0.085,0.085,0.085,0.085,0.085,0.0,24,3.0,3.0,35.0,42.0,4.0,-4.022347889502803,0.06772784818573437
LC_dv42_Tlc4p0_TTC03_CP2_S5p367_E15p367.mp4,CP2,-0.6682175478646312,0.16618604599930925,0.155,0.155,0.155,0.155,0.155,0.2916666666666667,12,3.0,2.7,31.5,42.0,4.0,-3.8117962768064957,0.7710848319713277
LC_dv42_Tlc4p0_TTC03_CP3_S5p667_E15p667.mp4,CP3,-0.7669187597916207,0.33961099725812594,0.295,0.295,0.295,0.295,0.295,0.5,12,3.0,2.4,28.0,42.0,4.0,-3.5764670090793667,0.9386372868532369
LC_dv42_Tlc4p0_TTC03_CP4_S5p967_E15p967.mp4,CP4,-0.7715567282368934,0.3498303179674516,0.305,0.305,0.305,0.305,0.305,0.5,12,3.0,2.1,24.5,42.0,4.0,-3.3097495211028414,0.93665339587422
LC_dv42_Tlc4p0_TTC03_CP5_S6p267_E16p267.mp4,CP5,-0.7878677736534213,0.3869452233274753,0.995,0.995,0.995,0.995,0.995,0.625,12,3.0,1.8,21.0,42.0,4.0,-3.0019799417626976,0.9817771275155813
LC_dv42_Tlc4p0_TTC04_CP1_S5p067_E15p067.mp4,CP1,-0.001560781039180444,0.07000000000000002,0.085,0.085,0.085,0.085,0.085,0.0,24,4.0,4.0,46.66666666666666,42.0,4.0,-4.597395969677527,0.06799268213764327
LC_dv42_Tlc4p0_TTC04_CP2_S5p367_E15p367.mp4,CP2,-0.6649000661818312,0.1618854687857397,0.155,0.155,0.155,0.155,0.155,0.2916666666666667,12,4.0,3.7,43.16666666666666,42.0,4.0,-4.4415414644163445,0.7652314182648815
LC_dv42_Tlc4p0_TTC04_CP3_S5p667_E15p667.mp4,CP3,-0.763932309003967,0.333115524871723,0.285,0.285,0.285,0.285,0.285,0.3333333333333333,12,4.0,3.4,39.66666666666666,42.0,4.0,-4.272514202585939,0.9362759180631313
LC_dv42_Tlc4p0_TTC04_CP4_S5p967_E15p967.mp4,CP4,-0.7748793248729039,0.35724663836758036,0.305,0.305,0.305,0.305,0.305,0.375,12,4.0,3.1,36.16666666666666,42.0,4.0,-4.08788168447215,0.936904079148713
LC_dv42_Tlc4p0_TTC04_CP5_S6p267_E16p267.mp4,CP5,-0.7878746263089728,0.3869611696415821,0.995,0.995,0.995,1.0,1.0,0.5416666666666666,12,4.0,2.8,32.666666666666664,42.0,4.0,-3.884469014623358,0.9814125647085615
LC_dv42_Tlc4p0_TTC05_CP1_S5p067_E15p067.mp4,CP1,0.00177255140794289,0.07000000000000002,0.085,0.085,0.085,0.085,0.085,0.0,12,5.0,5.0,58.33333333333333,42.0,4.0,-5.043536745661942,0.06550882590497284
LC_dv42_Tlc4p0_TTC05_CP2_S5p367_E15p367.mp4,CP2,-0.6682275163271636,0.1661991119942907,0.155,0.155,0.155,0.155,0.155,0.0416666666666666,12,5.0,4.7,54.833333333333336,42.0,4.0,-4.9198202088875975,0.7658514375836123
LC_dv42_Tlc4p0_TTC05_CP4_S5p967_E15p967.mp4,CP4,-0.7582150932871434,0.32087322392891526,0.28,0.28,0.28,0.28,0.28,0.3333333333333333,12,5.0,4.1,47.83333333333333,42.0,4.0,-4.646761610439117,0.9286290636861354
LC_dv42_Tlc4p0_TTC07_CP1_S5p067_E15p067.mp4,CP1,0.0017666722759453611,0.07000000000000002,0.085,0.085,0.085,0.085,0.085,0.0,12,7.0,7.0,81.66666666666666,42.0,4.0,-5.7163537877864945,0.06334660412577858
LC_dv42_Tlc4p0_TTC07_CP3_S5p667_E15p667.mp4,CP3,-0.7669096955332296,0.33959118067879757,0.295,0.295,0.295,0.295,0.295,0.0,12,7.0,6.4,74.66666666666667,42.0,4.0,-5.53715552728479,0.9343622237825736
LC_dv42_Tlc4p0_TTC07_CP5_S6p267_E16p267.mp4,CP5,-0.7968513172222031,0.4080751392517917,0.995,0.995,1.0,1.0,1.0,0.2083333333333333,12,7.0,5.8,67.66666666666666,42.0,4.0,-5.340309936136368,0.9819122588278748
