scenario,cell,p,n,reading,h,c_inst,c_pers,t_open,pet,d_onc,t_sep,theta_dot
ltap,"50 km/h, PET 0.0",0.8837209302325582,172.0,K,3.0,1.5557577233305935,1.5557230394502533,,0.0,41.1843383560578,0.7009999999999987,0.016409953996038642
ltap,"50 km/h, PET 0.0",0.8837209302325582,172.0,K,4.0,1.5557546114204186,1.5557215122239005,,0.0,41.1843383560578,0.7009999999999987,0.016409953996038642
ltap,"50 km/h, PET 0.0",0.8837209302325582,172.0,K,5.0,1.5557541240069788,1.5557199849975494,,0.0,41.1843383560578,0.7009999999999987,0.016409953996038642
ltap,"50 km/h, PET 0.0",0.8837209302325582,172.0,K,6.0,1.5557541240069788,1.5557184577711975,,0.0,41.1843383560578,0.7009999999999987,0.016409953996038642
ltap,"50 km/h, PET 0.0",0.8837209302325582,172.0,P,3.0,0.0,0.0,,0.0,41.1843383560578,0.7009999999999987,0.016409953996038642
ltap,"50 km/h, PET 0.0",0.8837209302325582,172.0,P,4.0,0.0,0.0,,0.0,41.1843383560578,0.7009999999999987,0.016409953996038642
ltap,"50 km/h, PET 0.0",0.8837209302325582,172.0,P,5.0,0.0,0.0,,0.0,41.1843383560578,0.7009999999999987,0.016409953996038642
ltap,"50 km/h, PET 0.0",0.8837209302325582,172.0,P,6.0,0.0,0.0,,0.0,41.1843383560578,0.7009999999999987,0.016409953996038642
ltap,"50 km/h, PET 0.0",0.8837209302325582,172.0,KP,3.0,0.0,0.0,,0.0,41.1843383560578,0.7009999999999987,0.016409953996038642
ltap,"50 km/h, PET 0.0",0.8837209302325582,172.0,KP,4.0,0.0,0.0,,0.0,41.1843383560578,0.7009999999999987,0.016409953996038642
ltap,"50 km/h, PET 0.0",0.8837209302325582,172.0,KP,5.0,0.0,0.0,,0.0,41.1843383560578,0.7009999999999987,0.016409953996038642
ltap,"50 km/h, PET 0.0",0.8837209302325582,172.0,KP,6.0,0.0,0.0,,0.0,41.1843383560578,0.7009999999999987,0.016409953996038642
ltap,"50 km/h, PET 0.5",0.9069767441860465,172.0,K,3.0,1.5557656370500335,1.5557351664341033,,0.5,49.005728324254356,1.4009999999999998,0.011591808020299618
ltap,"50 km/h, PET 0.5",0.9069767441860465,172.0,K,4.0,1.5557656370500335,1.5557351664341033,,0.5,49.005728324254356,1.4009999999999998,0.011591808020299618
ltap,"50 km/h, PET 0.5",0.9069767441860465,172.0,K,5.0,1.5557656370500335,1.5557351664341033,,0.5,49.005728324254356,1.4009999999999998,0.011591808020299618
ltap,"50 km/h, PET 0.5",0.9069767441860465,172.0,K,6.0,1.5557656370500335,1.5557351664341033,,0.5,49.005728324254356,1.4009999999999998,0.011591808020299618
ltap,"50 km/h, PET 0.5",0.9069767441860465,172.0,P,3.0,4.121956610289224,4.121956610289224,,0.5,49.005728324254356,1.4009999999999998,0.011591808020299618
ltap,"50 km/h, PET 0.5",0.9069767441860465,172.0,P,4.0,0.0,0.0,,0.5,49.005728324254356,1.4009999999999998,0.011591808020299618
ltap,"50 km/h, PET 0.5",0.9069767441860465,172.0,P,5.0,0.0,0.0,,0.5,49.005728324254356,1.4009999999999998,0.011591808020299618
ltap,"50 km/h, PET 0.5",0.9069767441860465,172.0,P,6.0,0.0,0.0,,0.5,49.005728324254356,1.4009999999999998,0.011591808020299618
ltap,"50 km/h, PET 0.5",0.9069767441860465,172.0,KP,3.0,1.5557656370500335,1.5557351664341033,,0.5,49.005728324254356,1.4009999999999998,0.011591808020299618
ltap,"50 km/h, PET 0.5",0.9069767441860465,172.0,KP,4.0,0.0,0.0,,0.5,49.005728324254356,1.4009999999999998,0.011591808020299618
ltap,"50 km/h, PET 0.5",0.9069767441860465,172.0,KP,5.0,0.0,0.0,,0.5,49.005728324254356,1.4009999999999998,0.011591808020299618
ltap,"50 km/h, PET 0.5",0.9069767441860465,172.0,KP,6.0,0.0,0.0,,0.5,49.005728324254356,1.4009999999999998,0.011591808020299618
ltap,"50 km/h, PET 1.0",0.8197674418604651,172.0,K,3.0,1.5557554188229477,1.5557366509676602,,1.0,53.215324512549806,1.7020000000000017,0.00983091561789374
ltap,"50 km/h, PET 1.0",0.8197674418604651,172.0,K,4.0,1.5557549218651736,1.5557359891823535,,1.0,53.215324512549806,1.7020000000000017,0.00983091561789374
ltap,"50 km/h, PET 1.0",0.8197674418604651,172.0,K,5.0,1.5557544394820644,1.5557353273970471,,1.0,53.215324512549806,1.7020000000000017,0.00983091561789374
ltap,"50 km/h, PET 1.0",0.8197674418604651,172.0,K,6.0,1.5557544394820644,1.5557346656117408,,1.0,53.215324512549806,1.7020000000000017,0.00983091561789374
ltap,"50 km/h, PET 1.0",0.8197674418604651,172.0,P,3.0,7.600255658629078,7.600255658629078,,1.0,53.215324512549806,1.7020000000000017,0.00983091561789374
ltap,"50 km/h, PET 1.0",0.8197674418604651,172.0,P,4.0,0.0,0.0,,1.0,53.215324512549806,1.7020000000000017,0.00983091561789374
ltap,"50 km/h, PET 1.0",0.8197674418604651,172.0,P,5.0,0.0,0.0,,1.0,53.215324512549806,1.7020000000000017,0.00983091561789374
ltap,"50 km/h, PET 1.0",0.8197674418604651,172.0,P,6.0,0.0,0.0,,1.0,53.215324512549806,1.7020000000000017,0.00983091561789374
ltap,"50 km/h, PET 1.0",0.8197674418604651,172.0,KP,3.0,1.5557554188229477,1.5557366509676602,,1.0,53.215324512549806,1.7020000000000017,0.00983091561789374
ltap,"50 km/h, PET 1.0",0.8197674418604651,172.0,KP,4.0,0.0,0.0,,1.0,53.215324512549806,1.7020000000000017,0.00983091561789374
ltap,"50 km/h, PET 1.0",0.8197674418604651,172.0,KP,5.0,0.0,0.0,,1.0,53.215324512549806,1.7020000000000017,0.00983091561789374
ltap,"50 km/h, PET 1.0",0.8197674418604651,172.0,KP,6.0,0.0,0.0,,1.0,53.215324512549806,1.7020000000000017,0.00983091561789374
ltap,"50 km/h, PET 1.5",0.6569767441860465,172.0,K,3.0,1.5557532190309222,1.555747243844267,,1.5,63.586438328027725,2.402000000000001,0.006886277133315537
ltap,"50 km/h, PET 1.5",0.6569767441860465,172.0,K,4.0,1.55575139290247,1.5557459239937113,,1.5,63.586438328027725,2.402000000000001,0.006886277133315537
ltap,"50 km/h, PET 1.5",0.6569767441860465,172.0,K,5.0,1.5557495667740164,1.5557445453838956,,1.5,63.586438328027725,2.402000000000001,0.006886277133315537
ltap,"50 km/h, PET 1.5",0.6569767441860465,172.0,K,6.0,1.5557482533266214,1.5557431667740789,,1.5,63.586438328027725,2.402000000000001,0.006886277133315537
ltap,"50 km/h, PET 1.5",0.6569767441860465,172.0,P,3.0,17.032857803025923,17.032857803025923,,1.5,63.586438328027725,2.402000000000001,0.006886277133315537
ltap,"50 km/h, PET 1.5",0.6569767441860465,172.0,P,4.0,4.499886464087056,4.499886464087056,,1.5,63.586438328027725,2.402000000000001,0.006886277133315537
ltap,"50 km/h, PET 1.5",0.6569767441860465,172.0,P,5.0,0.0,0.0,,1.5,63.586438328027725,2.402000000000001,0.006886277133315537
ltap,"50 km/h, PET 1.5",0.6569767441860465,172.0,P,6.0,0.0,0.0,,1.5,63.586438328027725,2.402000000000001,0.006886277133315537
ltap,"50 km/h, PET 1.5",0.6569767441860465,172.0,KP,3.0,1.5557532190309222,1.555747243844267,,1.5,63.586438328027725,2.402000000000001,0.006886277133315537
ltap,"50 km/h, PET 1.5",0.6569767441860465,172.0,KP,4.0,1.55575139290247,1.5557459239937113,,1.5,63.586438328027725,2.402000000000001,0.006886277133315537
ltap,"50 km/h, PET 1.5",0.6569767441860465,172.0,KP,5.0,0.0,0.0,,1.5,63.586438328027725,2.402000000000001,0.006886277133315537
ltap,"50 km/h, PET 1.5",0.6569767441860465,172.0,KP,6.0,0.0,0.0,,1.5,63.586438328027725,2.402000000000001,0.006886277133315537
ltap,"50 km/h, PET 2.0",0.6046511627906976,172.0,K,3.0,1.5557596232698565,1.5557453013675564,,2.0,70.5656210503408,2.9029999999999987,0.0055917954858787245
ltap,"50 km/h, PET 2.0",0.6046511627906976,172.0,K,4.0,1.5557590062370683,1.555740710030847,,2.0,70.5656210503408,2.9029999999999987,0.0055917954858787245
ltap,"50 km/h, PET 2.0",0.6046511627906976,172.0,K,5.0,1.55575838920428,1.5557361186941374,,2.0,70.5656210503408,2.9029999999999987,0.0055917954858787245
ltap,"50 km/h, PET 2.0",0.6046511627906976,172.0,K,6.0,1.5557577721714912,1.555731527357428,,2.0,70.5656210503408,2.9029999999999987,0.0055917954858787245
ltap,"50 km/h, PET 2.0",0.6046511627906976,172.0,P,3.0,23.721178403619188,23.721178403619188,,2.0,70.5656210503408,2.9029999999999987,0.0055917954858787245
ltap,"50 km/h, PET 2.0",0.6046511627906976,172.0,P,4.0,10.63349929023697,10.63349929023697,,2.0,70.5656210503408,2.9029999999999987,0.0055917954858787245
ltap,"50 km/h, PET 2.0",0.6046511627906976,172.0,P,5.0,0.0,0.0,,2.0,70.5656210503408,2.9029999999999987,0.0055917954858787245
ltap,"50 km/h, PET 2.0",0.6046511627906976,172.0,P,6.0,0.0,0.0,,2.0,70.5656210503408,2.9029999999999987,0.0055917954858787245
ltap,"50 km/h, PET 2.0",0.6046511627906976,172.0,KP,3.0,1.5557596232698565,1.5557453013675564,,2.0,70.5656210503408,2.9029999999999987,0.0055917954858787245
ltap,"50 km/h, PET 2.0",0.6046511627906976,172.0,KP,4.0,1.5557590062370683,1.555740710030847,,2.0,70.5656210503408,2.9029999999999987,0.0055917954858787245
ltap,"50 km/h, PET 2.0",0.6046511627906976,172.0,KP,5.0,0.0,0.0,,2.0,70.5656210503408,2.9029999999999987,0.0055917954858787245
ltap,"50 km/h, PET 2.0",0.6046511627906976,172.0,KP,6.0,0.0,0.0,,2.0,70.5656210503408,2.9029999999999987,0.0055917954858787245
ltap,"50 km/h, PET 2.5",0.5058139534883721,172.0,K,3.0,1.5557489519015029,1.5557380134752627,,2.5,81.14544179184097,3.705,0.004228900584846903
ltap,"50 km/h, PET 2.5",0.5058139534883721,172.0,K,4.0,1.555747240588214,1.5557377680244548,,2.5,81.14544179184097,3.705,0.004228900584846903
ltap,"50 km/h, PET 2.5",0.5058139534883721,172.0,K,5.0,1.5557455292749243,1.5557375225736467,,2.5,81.14544179184097,3.705,0.004228900584846903
ltap,"50 km/h, PET 2.5",0.5058139534883721,172.0,K,6.0,1.555743817961636,1.5557372771228388,,2.5,81.14544179184097,3.705,0.004228900584846903
ltap,"50 km/h, PET 2.5",0.5058139534883721,172.0,P,3.0,33.854178004576575,33.854178004576575,,2.5,81.14544179184097,3.705,0.004228900584846903
ltap,"50 km/h, PET 2.5",0.5058139534883721,172.0,P,4.0,20.43938259503007,20.43938259503007,,2.5,81.14544179184097,3.705,0.004228900584846903
ltap,"50 km/h, PET 2.5",0.5058139534883721,172.0,P,5.0,7.5875569326470105,7.5875569326470105,,2.5,81.14544179184097,3.705,0.004228900584846903
ltap,"50 km/h, PET 2.5",0.5058139534883721,172.0,P,6.0,0.0,0.0,,2.5,81.14544179184097,3.705,0.004228900584846903
ltap,"50 km/h, PET 2.5",0.5058139534883721,172.0,KP,3.0,1.5557489519015029,1.5557380134752627,,2.5,81.14544179184097,3.705,0.004228900584846903
ltap,"50 km/h, PET 2.5",0.5058139534883721,172.0,KP,4.0,1.555747240588214,1.5557377680244548,,2.5,81.14544179184097,3.705,0.004228900584846903
ltap,"50 km/h, PET 2.5",0.5058139534883721,172.0,KP,5.0,1.5557455292749243,1.5557375225736467,,2.5,81.14544179184097,3.705,0.004228900584846903
ltap,"50 km/h, PET 2.5",0.5058139534883721,172.0,KP,6.0,0.0,0.0,,2.5,81.14544179184097,3.705,0.004228900584846903
ltap,"50 km/h, PET 3.0",0.4418604651162791,172.0,K,3.0,1.5557594654687226,1.5557468493382407,,3.0,83.42481976747513,4.004,0.004001015103387749
ltap,"50 km/h, PET 3.0",0.4418604651162791,172.0,K,4.0,1.5557594654687226,1.5557468493382407,,3.0,83.42481976747513,4.004,0.004001015103387749
ltap,"50 km/h, PET 3.0",0.4418604651162791,172.0,K,5.0,1.5557594654687226,1.5557468493382407,,3.0,83.42481976747513,4.004,0.004001015103387749
ltap,"50 km/h, PET 3.0",0.4418604651162791,172.0,K,6.0,1.5557594654687226,1.5557468493382407,,3.0,83.42481976747513,4.004,0.004001015103387749
ltap,"50 km/h, PET 3.0",0.4418604651162791,172.0,P,3.0,36.086565608768716,36.086565608768716,,3.0,83.42481976747513,4.004,0.004001015103387749
ltap,"50 km/h, PET 3.0",0.4418604651162791,172.0,P,4.0,22.629506621692084,22.629506621692084,,3.0,83.42481976747513,4.004,0.004001015103387749
ltap,"50 km/h, PET 3.0",0.4418604651162791,172.0,P,5.0,9.60723452940378,9.60723452940378,,3.0,83.42481976747513,4.004,0.004001015103387749
ltap,"50 km/h, PET 3.0",0.4418604651162791,172.0,P,6.0,0.0,0.0,,3.0,83.42481976747513,4.004,0.004001015103387749
ltap,"50 km/h, PET 3.0",0.4418604651162791,172.0,KP,3.0,1.5557594654687226,1.5557468493382407,,3.0,83.42481976747513,4.004,0.004001015103387749
ltap,"50 km/h, PET 3.0",0.4418604651162791,172.0,KP,4.0,1.5557594654687226,1.5557468493382407,,3.0,83.42481976747513,4.004,0.004001015103387749
ltap,"50 km/h, PET 3.0",0.4418604651162791,172.0,KP,5.0,1.5557594654687226,1.5557468493382407,,3.0,83.42481976747513,4.004,0.004001015103387749
ltap,"50 km/h, PET 3.0",0.4418604651162791,172.0,KP,6.0,0.0,0.0,,3.0,83.42481976747513,4.004,0.004001015103387749
ltap,"50 km/h, PET 3.5",0.3372093023255814,172.0,K,3.0,1.5557717455421245,1.5557448600965065,,3.5,92.12564763852528,4.504999999999999,0.0032810155337098046
ltap,"50 km/h, PET 3.5",0.3372093023255814,172.0,K,4.0,1.5557697284746084,1.5557439862352644,,3.5,92.12564763852528,4.504999999999999,0.0032810155337098046
ltap,"50 km/h, PET 3.5",0.3372093023255814,172.0,K,5.0,1.555767711407093,1.5557439862352644,,3.5,92.12564763852528,4.504999999999999,0.0032810155337098046
ltap,"50 km/h, PET 3.5",0.3372093023255814,172.0,K,6.0,1.555765694339578,1.5557439862352644,,3.5,92.12564763852528,4.504999999999999,0.0032810155337098046
ltap,"50 km/h, PET 3.5",0.3372093023255814,172.0,P,3.0,44.60893126939062,44.60893126939062,,3.5,92.12564763852528,4.504999999999999,0.0032810155337098046
ltap,"50 km/h, PET 3.5",0.3372093023255814,172.0,P,4.0,31.011061311080663,31.011061311080663,,3.5,92.12564763852528,4.504999999999999,0.0032810155337098046
ltap,"50 km/h, PET 3.5",0.3372093023255814,172.0,P,5.0,17.672960873549822,17.672960873549822,,3.5,92.12564763852528,4.504999999999999,0.0032810155337098046
ltap,"50 km/h, PET 3.5",0.3372093023255814,172.0,P,6.0,5.053754958367066,5.053754958367066,,3.5,92.12564763852528,4.504999999999999,0.0032810155337098046
ltap,"50 km/h, PET 3.5",0.3372093023255814,172.0,KP,3.0,1.5557717455421245,1.5557448600965065,,3.5,92.12564763852528,4.504999999999999,0.0032810155337098046
ltap,"50 km/h, PET 3.5",0.3372093023255814,172.0,KP,4.0,1.5557697284746084,1.5557439862352644,,3.5,92.12564763852528,4.504999999999999,0.0032810155337098046
ltap,"50 km/h, PET 3.5",0.3372093023255814,172.0,KP,5.0,1.555767711407093,1.5557439862352644,,3.5,92.12564763852528,4.504999999999999,0.0032810155337098046
ltap,"50 km/h, PET 3.5",0.3372093023255814,172.0,KP,6.0,1.555765694339578,1.5557439862352644,,3.5,92.12564763852528,4.504999999999999,0.0032810155337098046
ltap,"50 km/h, PET 4.0",0.2558139534883721,172.0,K,3.0,1.555764222514334,1.5557322921226207,,4.0,98.19991253955024,4.905000000000001,0.002887716948676041
ltap,"50 km/h, PET 4.0",0.2558139534883721,172.0,K,4.0,1.555762403022051,1.5557316439496043,,4.0,98.19991253955024,4.905000000000001,0.002887716948676041
ltap,"50 km/h, PET 4.0",0.2558139534883721,172.0,K,5.0,1.5557605835297699,1.5557309957765868,,4.0,98.19991253955024,4.905000000000001,0.002887716948676041
ltap,"50 km/h, PET 4.0",0.2558139534883721,172.0,K,6.0,1.5557587640374868,1.5557303476035682,,4.0,98.19991253955024,4.905000000000001,0.002887716948676041
ltap,"50 km/h, PET 4.0",0.2558139534883721,172.0,P,3.0,50.32651019749332,50.32651019749332,,4.0,98.19991253955024,4.905000000000001,0.002887716948676041
ltap,"50 km/h, PET 4.0",0.2558139534883721,172.0,P,4.0,36.69833682360092,36.69833682360092,,4.0,98.19991253955024,4.905000000000001,0.002887716948676041
ltap,"50 km/h, PET 4.0",0.2558139534883721,172.0,P,5.0,23.24102455624433,23.24102455624433,,4.0,98.19991253955024,4.905000000000001,0.002887716948676041
ltap,"50 km/h, PET 4.0",0.2558139534883721,172.0,P,6.0,10.186318507333613,10.186318507333613,,4.0,98.19991253955024,4.905000000000001,0.002887716948676041
ltap,"50 km/h, PET 4.0",0.2558139534883721,172.0,KP,3.0,1.555764222514334,1.5557322921226207,,4.0,98.19991253955024,4.905000000000001,0.002887716948676041
ltap,"50 km/h, PET 4.0",0.2558139534883721,172.0,KP,4.0,1.555762403022051,1.5557316439496043,,4.0,98.19991253955024,4.905000000000001,0.002887716948676041
ltap,"50 km/h, PET 4.0",0.2558139534883721,172.0,KP,5.0,1.5557605835297699,1.5557309957765868,,4.0,98.19991253955024,4.905000000000001,0.002887716948676041
ltap,"50 km/h, PET 4.0",0.2558139534883721,172.0,KP,6.0,1.5557587640374868,1.5557303476035682,,4.0,98.19991253955024,4.905000000000001,0.002887716948676041
ltap,"70 km/h, PET 0.0",0.7965116279069767,172.0,K,3.0,1.5557612098686557,1.5557241036069045,,0.0,55.39522775581905,0.6999999999999993,0.012707677098595757
ltap,"70 km/h, PET 0.0",0.7965116279069767,172.0,K,4.0,1.5557605975931765,1.5557241036069045,,0.0,55.39522775581905,0.6999999999999993,0.012707677098595757
ltap,"70 km/h, PET 0.0",0.7965116279069767,172.0,K,5.0,1.5557605975931765,1.5557241036069045,,0.0,55.39522775581905,0.6999999999999993,0.012707677098595757
ltap,"70 km/h, PET 0.0",0.7965116279069767,172.0,K,6.0,1.5557605975931765,1.5557241036069045,,0.0,55.39522775581905,0.6999999999999993,0.012707677098595757
ltap,"70 km/h, PET 0.0",0.7965116279069767,172.0,P,3.0,0.0,0.0,,0.0,55.39522775581905,0.6999999999999993,0.012707677098595757
ltap,"70 km/h, PET 0.0",0.7965116279069767,172.0,P,4.0,0.0,0.0,,0.0,55.39522775581905,0.6999999999999993,0.012707677098595757
ltap,"70 km/h, PET 0.0",0.7965116279069767,172.0,P,5.0,0.0,0.0,,0.0,55.39522775581905,0.6999999999999993,0.012707677098595757
ltap,"70 km/h, PET 0.0",0.7965116279069767,172.0,P,6.0,0.0,0.0,,0.0,55.39522775581905,0.6999999999999993,0.012707677098595757
ltap,"70 km/h, PET 0.0",0.7965116279069767,172.0,KP,3.0,0.0,0.0,,0.0,55.39522775581905,0.6999999999999993,0.012707677098595757
ltap,"70 km/h, PET 0.0",0.7965116279069767,172.0,KP,4.0,0.0,0.0,,0.0,55.39522775581905,0.6999999999999993,0.012707677098595757
ltap,"70 km/h, PET 0.0",0.7965116279069767,172.0,KP,5.0,0.0,0.0,,0.0,55.39522775581905,0.6999999999999993,0.012707677098595757
ltap,"70 km/h, PET 0.0",0.7965116279069767,172.0,KP,6.0,0.0,0.0,,0.0,55.39522775581905,0.6999999999999993,0.012707677098595757
ltap,"70 km/h, PET 0.5",0.7267441860465116,172.0,K,3.0,1.555781986172212,1.5557432363400152,,0.5,68.4836511015892,1.5020000000000007,0.00831548101944114
ltap,"70 km/h, PET 0.5",0.7267441860465116,172.0,K,4.0,1.555781986172212,1.5557432363400152,,0.5,68.4836511015892,1.5020000000000007,0.00831548101944114
ltap,"70 km/h, PET 0.5",0.7267441860465116,172.0,K,5.0,1.555781986172212,1.5557432363400152,,0.5,68.4836511015892,1.5020000000000007,0.00831548101944114
ltap,"70 km/h, PET 0.5",0.7267441860465116,172.0,K,6.0,1.555781986172212,1.5557432363400152,,0.5,68.4836511015892,1.5020000000000007,0.00831548101944114
ltap,"70 km/h, PET 0.5",0.7267441860465116,172.0,P,3.0,6.653745741143065,6.653745741143065,,0.5,68.4836511015892,1.5020000000000007,0.00831548101944114
ltap,"70 km/h, PET 0.5",0.7267441860465116,172.0,P,4.0,0.0,0.0,,0.5,68.4836511015892,1.5020000000000007,0.00831548101944114
ltap,"70 km/h, PET 0.5",0.7267441860465116,172.0,P,5.0,0.0,0.0,,0.5,68.4836511015892,1.5020000000000007,0.00831548101944114
ltap,"70 km/h, PET 0.5",0.7267441860465116,172.0,P,6.0,0.0,0.0,,0.5,68.4836511015892,1.5020000000000007,0.00831548101944114
ltap,"70 km/h, PET 0.5",0.7267441860465116,172.0,KP,3.0,1.555781986172212,1.5557432363400152,,0.5,68.4836511015892,1.5020000000000007,0.00831548101944114
ltap,"70 km/h, PET 0.5",0.7267441860465116,172.0,KP,4.0,0.0,0.0,,0.5,68.4836511015892,1.5020000000000007,0.00831548101944114
ltap,"70 km/h, PET 0.5",0.7267441860465116,172.0,KP,5.0,0.0,0.0,,0.5,68.4836511015892,1.5020000000000007,0.00831548101944114
ltap,"70 km/h, PET 0.5",0.7267441860465116,172.0,KP,6.0,0.0,0.0,,0.5,68.4836511015892,1.5020000000000007,0.00831548101944114
ltap,"70 km/h, PET 1.0",0.6162790697674418,172.0,K,3.0,1.5557676271835434,1.5557624012806501,,1.0,78.94077368577321,2.0020000000000007,0.006258080922113585
ltap,"70 km/h, PET 1.0",0.6162790697674418,172.0,K,4.0,1.5557672094784054,1.5557624012806501,,1.0,78.94077368577321,2.0020000000000007,0.006258080922113585
ltap,"70 km/h, PET 1.0",0.6162790697674418,172.0,K,5.0,1.5557668370723983,1.5557624012806501,,1.0,78.94077368577321,2.0020000000000007,0.006258080922113585
ltap,"70 km/h, PET 1.0",0.6162790697674418,172.0,K,6.0,1.5557668370723983,1.5557624012806501,,1.0,78.94077368577321,2.0020000000000007,0.006258080922113585
ltap,"70 km/h, PET 1.0",0.6162790697674418,172.0,P,3.0,16.11777890513131,16.11777890513131,,1.0,78.94077368577321,2.0020000000000007,0.006258080922113585
ltap,"70 km/h, PET 1.0",0.6162790697674418,172.0,P,4.0,0.0,0.0,,1.0,78.94077368577321,2.0020000000000007,0.006258080922113585
ltap,"70 km/h, PET 1.0",0.6162790697674418,172.0,P,5.0,0.0,0.0,,1.0,78.94077368577321,2.0020000000000007,0.006258080922113585
ltap,"70 km/h, PET 1.0",0.6162790697674418,172.0,P,6.0,0.0,0.0,,1.0,78.94077368577321,2.0020000000000007,0.006258080922113585
ltap,"70 km/h, PET 1.0",0.6162790697674418,172.0,KP,3.0,1.5557676271835434,1.5557624012806501,,1.0,78.94077368577321,2.0020000000000007,0.006258080922113585
ltap,"70 km/h, PET 1.0",0.6162790697674418,172.0,KP,4.0,0.0,0.0,,1.0,78.94077368577321,2.0020000000000007,0.006258080922113585
ltap,"70 km/h, PET 1.0",0.6162790697674418,172.0,KP,5.0,0.0,0.0,,1.0,78.94077368577321,2.0020000000000007,0.006258080922113585
ltap,"70 km/h, PET 1.0",0.6162790697674418,172.0,KP,6.0,0.0,0.0,,1.0,78.94077368577321,2.0020000000000007,0.006258080922113585
ltap,"70 km/h, PET 1.5",0.5,172.0,K,3.0,1.5557680963776765,1.5557123947842562,,1.5,87.67729777097702,2.5029999999999983,0.005073719573730389
ltap,"70 km/h, PET 1.5",0.5,172.0,K,4.0,1.555767155954554,1.5557123947842562,,1.5,87.67729777097702,2.5029999999999983,0.005073719573730389
ltap,"70 km/h, PET 1.5",0.5,172.0,K,5.0,1.555766215531432,1.5557123947842562,,1.5,87.67729777097702,2.5029999999999983,0.005073719573730389
ltap,"70 km/h, PET 1.5",0.5,172.0,K,6.0,1.5557658922547244,1.5557123947842562,,1.5,87.67729777097702,2.5029999999999983,0.005073719573730389
ltap,"70 km/h, PET 1.5",0.5,172.0,P,3.0,24.734094400907274,24.734094400907274,,1.5,87.67729777097702,2.5029999999999983,0.005073719573730389
ltap,"70 km/h, PET 1.5",0.5,172.0,P,4.0,6.668158764845743,6.668158764845743,,1.5,87.67729777097702,2.5029999999999983,0.005073719573730389
ltap,"70 km/h, PET 1.5",0.5,172.0,P,5.0,0.0,0.0,,1.5,87.67729777097702,2.5029999999999983,0.005073719573730389
ltap,"70 km/h, PET 1.5",0.5,172.0,P,6.0,0.0,0.0,,1.5,87.67729777097702,2.5029999999999983,0.005073719573730389
ltap,"70 km/h, PET 1.5",0.5,172.0,KP,3.0,1.5557680963776765,1.5557123947842562,,1.5,87.67729777097702,2.5029999999999983,0.005073719573730389
ltap,"70 km/h, PET 1.5",0.5,172.0,KP,4.0,1.555767155954554,1.5557123947842562,,1.5,87.67729777097702,2.5029999999999983,0.005073719573730389
ltap,"70 km/h, PET 1.5",0.5,172.0,KP,5.0,0.0,0.0,,1.5,87.67729777097702,2.5029999999999983,0.005073719573730389
ltap,"70 km/h, PET 1.5",0.5,172.0,KP,6.0,0.0,0.0,,1.5,87.67729777097702,2.5029999999999983,0.005073719573730389
ltap,"70 km/h, PET 2.0",0.36046511627906974,172.0,K,3.0,1.5557504090693441,1.5557504090693441,,2.0,101.57542251689094,3.003000000000002,0.0037800274350647755
ltap,"70 km/h, PET 2.0",0.36046511627906974,172.0,K,4.0,1.5557504090693441,1.555750259908064,,2.0,101.57542251689094,3.003000000000002,0.0037800274350647755
ltap,"70 km/h, PET 2.0",0.36046511627906974,172.0,K,5.0,1.5557504090693441,1.555749910120964,,2.0,101.57542251689094,3.003000000000002,0.0037800274350647755
ltap,"70 km/h, PET 2.0",0.36046511627906974,172.0,K,6.0,1.5557504090693441,1.5557477809898475,,2.0,101.57542251689094,3.003000000000002,0.0037800274350647755
ltap,"70 km/h, PET 2.0",0.36046511627906974,172.0,P,3.0,44.076435573589045,44.076435573589045,,2.0,101.57542251689094,3.003000000000002,0.0037800274350647755
ltap,"70 km/h, PET 2.0",0.36046511627906974,172.0,P,4.0,27.177926183551193,27.177926183551193,,2.0,101.57542251689094,3.003000000000002,0.0037800274350647755
ltap,"70 km/h, PET 2.0",0.36046511627906974,172.0,P,5.0,10.768373040403741,10.768373040403741,,2.0,101.57542251689094,3.003000000000002,0.0037800274350647755
ltap,"70 km/h, PET 2.0",0.36046511627906974,172.0,P,6.0,0.0,0.0,,2.0,101.57542251689094,3.003000000000002,0.0037800274350647755
ltap,"70 km/h, PET 2.0",0.36046511627906974,172.0,KP,3.0,1.5557504090693441,1.5557504090693441,,2.0,101.57542251689094,3.003000000000002,0.0037800274350647755
ltap,"70 km/h, PET 2.0",0.36046511627906974,172.0,KP,4.0,1.5557504090693441,1.555750259908064,,2.0,101.57542251689094,3.003000000000002,0.0037800274350647755
ltap,"70 km/h, PET 2.0",0.36046511627906974,172.0,KP,5.0,1.5557504090693441,1.555749910120964,,2.0,101.57542251689094,3.003000000000002,0.0037800274350647755
ltap,"70 km/h, PET 2.0",0.36046511627906974,172.0,KP,6.0,0.0,0.0,,2.0,101.57542251689094,3.003000000000002,0.0037800274350647755
ltap,"70 km/h, PET 2.5",0.22674418604651161,172.0,K,3.0,1.5557568516667002,1.5557447406369198,,2.5,109.44843330553599,3.604000000000001,0.003255799103237059
ltap,"70 km/h, PET 2.5",0.22674418604651161,172.0,K,4.0,1.5557548394171778,1.5557434546323812,,2.5,109.44843330553599,3.604000000000001,0.003255799103237059
ltap,"70 km/h, PET 2.5",0.22674418604651161,172.0,K,5.0,1.5557528271676553,1.5557421686278436,,2.5,109.44843330553599,3.604000000000001,0.003255799103237059
ltap,"70 km/h, PET 2.5",0.22674418604651161,172.0,K,6.0,1.5557508149181327,1.5557408826233048,,2.5,109.44843330553599,3.604000000000001,0.003255799103237059
ltap,"70 km/h, PET 2.5",0.22674418604651161,172.0,P,3.0,45.31241556177987,45.31241556177987,,2.5,109.44843330553599,3.604000000000001,0.003255799103237059
ltap,"70 km/h, PET 2.5",0.22674418604651161,172.0,P,4.0,26.335386646377412,26.335386646377412,,2.5,109.44843330553599,3.604000000000001,0.003255799103237059
ltap,"70 km/h, PET 2.5",0.22674418604651161,172.0,P,5.0,8.090101116632406,8.090101116632406,,2.5,109.44843330553599,3.604000000000001,0.003255799103237059
ltap,"70 km/h, PET 2.5",0.22674418604651161,172.0,P,6.0,0.0,0.0,,2.5,109.44843330553599,3.604000000000001,0.003255799103237059
ltap,"70 km/h, PET 2.5",0.22674418604651161,172.0,KP,3.0,1.5557568516667002,1.5557447406369198,,2.5,109.44843330553599,3.604000000000001,0.003255799103237059
ltap,"70 km/h, PET 2.5",0.22674418604651161,172.0,KP,4.0,1.5557548394171778,1.5557434546323812,,2.5,109.44843330553599,3.604000000000001,0.003255799103237059
ltap,"70 km/h, PET 2.5",0.22674418604651161,172.0,KP,5.0,1.5557528271676553,1.5557421686278436,,2.5,109.44843330553599,3.604000000000001,0.003255799103237059
ltap,"70 km/h, PET 2.5",0.22674418604651161,172.0,KP,6.0,0.0,0.0,,2.5,109.44843330553599,3.604000000000001,0.003255799103237059
ltap,"70 km/h, PET 3.0",0.12790697674418605,172.0,K,3.0,1.5557523727089173,1.555740749466515,,3.0,119.00282667364392,4.104000000000001,0.0027540175482055323
ltap,"70 km/h, PET 3.0",0.12790697674418605,172.0,K,4.0,1.5557523727089173,1.555740749466515,,3.0,119.00282667364392,4.104000000000001,0.0027540175482055323
ltap,"70 km/h, PET 3.0",0.12790697674418605,172.0,K,5.0,1.5557523727089173,1.555740749466515,,3.0,119.00282667364392,4.104000000000001,0.0027540175482055323
ltap,"70 km/h, PET 3.0",0.12790697674418605,172.0,K,6.0,1.5557523727089173,1.555740749466515,,3.0,119.00282667364392,4.104000000000001,0.0027540175482055323
ltap,"70 km/h, PET 3.0",0.12790697674418605,172.0,P,3.0,54.76804133255912,54.76804133255912,,3.0,119.00282667364392,4.104000000000001,0.0027540175482055323
ltap,"70 km/h, PET 3.0",0.12790697674418605,172.0,P,4.0,35.65493150347365,35.65493150347365,,3.0,119.00282667364392,4.104000000000001,0.0027540175482055323
ltap,"70 km/h, PET 3.0",0.12790697674418605,172.0,P,5.0,16.908621574497595,16.908621574497595,,3.0,119.00282667364392,4.104000000000001,0.0027540175482055323
ltap,"70 km/h, PET 3.0",0.12790697674418605,172.0,P,6.0,0.08923868687128196,0.08923868687128196,,3.0,119.00282667364392,4.104000000000001,0.0027540175482055323
ltap,"70 km/h, PET 3.0",0.12790697674418605,172.0,KP,3.0,1.5557523727089173,1.555740749466515,,3.0,119.00282667364392,4.104000000000001,0.0027540175482055323
ltap,"70 km/h, PET 3.0",0.12790697674418605,172.0,KP,4.0,1.5557523727089173,1.555740749466515,,3.0,119.00282667364392,4.104000000000001,0.0027540175482055323
ltap,"70 km/h, PET 3.0",0.12790697674418605,172.0,KP,5.0,1.5557523727089173,1.555740749466515,,3.0,119.00282667364392,4.104000000000001,0.0027540175482055323
ltap,"70 km/h, PET 3.0",0.12790697674418605,172.0,KP,6.0,0.08923868687128196,0.08923868687128196,,3.0,119.00282667364392,4.104000000000001,0.0027540175482055323
ltap,"70 km/h, PET 3.5",0.11627906976744186,172.0,K,3.0,1.5557621903813703,1.5557553565525548,,3.5,128.2025676539966,4.504999999999999,0.002372983073121694
ltap,"70 km/h, PET 3.5",0.11627906976744186,172.0,K,4.0,1.5557601838388606,1.5557551372000287,,3.5,128.2025676539966,4.504999999999999,0.002372983073121694
ltap,"70 km/h, PET 3.5",0.11627906976744186,172.0,K,5.0,1.5557581772963514,1.5557549178475039,,3.5,128.2025676539966,4.504999999999999,0.002372983073121694
ltap,"70 km/h, PET 3.5",0.11627906976744186,172.0,K,6.0,1.5557561707538436,1.5557514497464904,,3.5,128.2025676539966,4.504999999999999,0.002372983073121694
ltap,"70 km/h, PET 3.5",0.11627906976744186,172.0,P,3.0,64.00644854365649,64.00644854365649,,3.5,128.2025676539966,4.504999999999999,0.002372983073121694
ltap,"70 km/h, PET 3.5",0.11627906976744186,172.0,P,4.0,44.8079696121564,44.8079696121564,,3.5,128.2025676539966,4.504999999999999,0.002372983073121694
ltap,"70 km/h, PET 3.5",0.11627906976744186,172.0,P,5.0,25.82418921884976,25.82418921884976,,3.5,128.2025676539966,4.504999999999999,0.002372983073121694
ltap,"70 km/h, PET 3.5",0.11627906976744186,172.0,P,6.0,7.641114733978629,7.641114733978629,,3.5,128.2025676539966,4.504999999999999,0.002372983073121694
ltap,"70 km/h, PET 3.5",0.11627906976744186,172.0,KP,3.0,1.5557621903813703,1.5557553565525548,,3.5,128.2025676539966,4.504999999999999,0.002372983073121694
ltap,"70 km/h, PET 3.5",0.11627906976744186,172.0,KP,4.0,1.5557601838388606,1.5557551372000287,,3.5,128.2025676539966,4.504999999999999,0.002372983073121694
ltap,"70 km/h, PET 3.5",0.11627906976744186,172.0,KP,5.0,1.5557581772963514,1.5557549178475039,,3.5,128.2025676539966,4.504999999999999,0.002372983073121694
ltap,"70 km/h, PET 3.5",0.11627906976744186,172.0,KP,6.0,1.5557561707538436,1.5557514497464904,,3.5,128.2025676539966,4.504999999999999,0.002372983073121694
ltap,"70 km/h, PET 4.0",0.11046511627906977,172.0,K,3.0,1.5557641881420676,1.5557473511327933,,4.0,138.17893719673157,5.2059999999999995,0.0020427140794547992
ltap,"70 km/h, PET 4.0",0.11046511627906977,172.0,K,4.0,1.5557626332020675,1.5557471196484505,,4.0,138.17893719673157,5.2059999999999995,0.0020427140794547992
ltap,"70 km/h, PET 4.0",0.11046511627906977,172.0,K,5.0,1.5557610782620677,1.5557468881641086,,4.0,138.17893719673157,5.2059999999999995,0.0020427140794547992
ltap,"70 km/h, PET 4.0",0.11046511627906977,172.0,K,6.0,1.5557595233220676,1.5557466566797662,,4.0,138.17893719673157,5.2059999999999995,0.0020427140794547992
ltap,"70 km/h, PET 4.0",0.11046511627906977,172.0,P,3.0,73.45362454315199,73.45362454315199,,4.0,138.17893719673157,5.2059999999999995,0.0020427140794547992
ltap,"70 km/h, PET 4.0",0.11046511627906977,172.0,P,4.0,54.20388623960554,54.20388623960554,,4.0,138.17893719673157,5.2059999999999995,0.0020427140794547992
ltap,"70 km/h, PET 4.0",0.11046511627906977,172.0,P,5.0,35.08763782123043,35.08763782123043,,4.0,138.17893719673157,5.2059999999999995,0.0020427140794547992
ltap,"70 km/h, PET 4.0",0.11046511627906977,172.0,P,6.0,16.371930684721267,16.371930684721267,,4.0,138.17893719673157,5.2059999999999995,0.0020427140794547992
ltap,"70 km/h, PET 4.0",0.11046511627906977,172.0,KP,3.0,1.5557641881420676,1.5557473511327933,,4.0,138.17893719673157,5.2059999999999995,0.0020427140794547992
ltap,"70 km/h, PET 4.0",0.11046511627906977,172.0,KP,4.0,1.5557626332020675,1.5557471196484505,,4.0,138.17893719673157,5.2059999999999995,0.0020427140794547992
ltap,"70 km/h, PET 4.0",0.11046511627906977,172.0,KP,5.0,1.5557610782620677,1.5557468881641086,,4.0,138.17893719673157,5.2059999999999995,0.0020427140794547992
ltap,"70 km/h, PET 4.0",0.11046511627906977,172.0,KP,6.0,1.5557595233220676,1.5557466566797662,,4.0,138.17893719673157,5.2059999999999995,0.0020427140794547992
overtake,0.5m C1,0.22093023255813954,172.0,K,3.0,0.0,0.0,-9.0,,,,
overtake,0.5m C2,0.22093023255813954,172.0,K,3.0,0.0,0.0,-9.0,,,,
overtake,0.5m C3,0.3953488372093023,172.0,K,3.0,0.0,0.0,-9.0,,,,
overtake,0.5m C4,0.5755813953488372,172.0,K,3.0,0.0,0.0,-9.0,,,,
overtake,0.5m C5,0.686046511627907,172.0,K,3.0,0.08721739422586168,0.0,-9.0,,,,
overtake,0.5m C1,0.22093023255813954,172.0,K,4.0,0.0,0.0,-9.0,,,,
overtake,0.5m C2,0.22093023255813954,172.0,K,4.0,0.0,0.0,-9.0,,,,
overtake,0.5m C3,0.3953488372093023,172.0,K,4.0,0.0,0.0,-9.0,,,,
overtake,0.5m C4,0.5755813953488372,172.0,K,4.0,0.0,0.0,-9.0,,,,
overtake,0.5m C5,0.686046511627907,172.0,K,4.0,0.08721739422586168,0.0,-9.0,,,,
overtake,0.5m C1,0.22093023255813954,172.0,K,5.0,0.0,0.0,-9.0,,,,
overtake,0.5m C2,0.22093023255813954,172.0,K,5.0,0.0,0.0,-9.0,,,,
overtake,0.5m C3,0.3953488372093023,172.0,K,5.0,0.0,0.0,-9.0,,,,
overtake,0.5m C4,0.5755813953488372,172.0,K,5.0,0.0,0.0,-9.0,,,,
overtake,0.5m C5,0.686046511627907,172.0,K,5.0,0.08721739422586168,0.0,-9.0,,,,
overtake,0.5m C1,0.22093023255813954,172.0,K,6.0,0.0,0.0,-9.0,,,,
overtake,0.5m C2,0.22093023255813954,172.0,K,6.0,0.0,0.0,-9.0,,,,
overtake,0.5m C3,0.3953488372093023,172.0,K,6.0,0.0,0.0,-9.0,,,,
overtake,0.5m C4,0.5755813953488372,172.0,K,6.0,0.0,0.0,-9.0,,,,
overtake,0.5m C5,0.686046511627907,172.0,K,6.0,0.08721739422586168,0.0,-9.0,,,,
overtake,0.5m C1,0.22093023255813954,172.0,P,3.0,0.00628422062076974,0.0,-9.0,,,,
overtake,0.5m C2,0.22093023255813954,172.0,P,3.0,0.10444997006428752,0.0,-9.0,,,,
overtake,0.5m C3,0.3953488372093023,172.0,P,3.0,0.14644371396412215,0.0,-9.0,,,,
overtake,0.5m C4,0.5755813953488372,172.0,P,3.0,0.23002377441882985,0.0,-9.0,,,,
overtake,0.5m C5,0.686046511627907,172.0,P,3.0,0.26794273938151275,0.0,-9.0,,,,
overtake,0.5m C1,0.22093023255813954,172.0,P,4.0,0.00628422062076974,0.0,-9.0,,,,
overtake,0.5m C2,0.22093023255813954,172.0,P,4.0,0.10444997006428752,0.0,-9.0,,,,
overtake,0.5m C3,0.3953488372093023,172.0,P,4.0,0.14644371396412215,0.0,-9.0,,,,
overtake,0.5m C4,0.5755813953488372,172.0,P,4.0,0.23002377441882985,0.0,-9.0,,,,
overtake,0.5m C5,0.686046511627907,172.0,P,4.0,0.26794273938151275,0.0,-9.0,,,,
overtake,0.5m C1,0.22093023255813954,172.0,P,5.0,0.00628422062076974,0.0,-9.0,,,,
overtake,0.5m C2,0.22093023255813954,172.0,P,5.0,0.10444997006428752,0.0,-9.0,,,,
overtake,0.5m C3,0.3953488372093023,172.0,P,5.0,0.14644371396412215,0.0,-9.0,,,,
overtake,0.5m C4,0.5755813953488372,172.0,P,5.0,0.23002377441882985,0.0,-9.0,,,,
overtake,0.5m C5,0.686046511627907,172.0,P,5.0,0.24478489083672994,0.0,-9.0,,,,
overtake,0.5m C1,0.22093023255813954,172.0,P,6.0,0.00628422062076974,0.0,-9.0,,,,
overtake,0.5m C2,0.22093023255813954,172.0,P,6.0,0.10444997006428752,0.0,-9.0,,,,
overtake,0.5m C3,0.3953488372093023,172.0,P,6.0,0.14644371396412215,0.0,-9.0,,,,
overtake,0.5m C4,0.5755813953488372,172.0,P,6.0,0.04976552141524786,0.0,-9.0,,,,
overtake,0.5m C5,0.686046511627907,172.0,P,6.0,0.031258027100295765,0.0,-9.0,,,,
overtake,0.5m C1,0.22093023255813954,172.0,KP,3.0,0.0,0.0,-9.0,,,,
overtake,0.5m C2,0.22093023255813954,172.0,KP,3.0,0.0,0.0,-9.0,,,,
overtake,0.5m C3,0.3953488372093023,172.0,KP,3.0,0.0,0.0,-9.0,,,,
overtake,0.5m C4,0.5755813953488372,172.0,KP,3.0,0.0,0.0,-9.0,,,,
overtake,0.5m C5,0.686046511627907,172.0,KP,3.0,0.08721739422586168,0.0,-9.0,,,,
overtake,0.5m C1,0.22093023255813954,172.0,KP,4.0,0.0,0.0,-9.0,,,,
overtake,0.5m C2,0.22093023255813954,172.0,KP,4.0,0.0,0.0,-9.0,,,,
overtake,0.5m C3,0.3953488372093023,172.0,KP,4.0,0.0,0.0,-9.0,,,,
overtake,0.5m C4,0.5755813953488372,172.0,KP,4.0,0.0,0.0,-9.0,,,,
overtake,0.5m C5,0.686046511627907,172.0,KP,4.0,0.08721739422586168,0.0,-9.0,,,,
overtake,0.5m C1,0.22093023255813954,172.0,KP,5.0,0.0,0.0,-9.0,,,,
overtake,0.5m C2,0.22093023255813954,172.0,KP,5.0,0.0,0.0,-9.0,,,,
overtake,0.5m C3,0.3953488372093023,172.0,KP,5.0,0.0,0.0,-9.0,,,,
overtake,0.5m C4,0.5755813953488372,172.0,KP,5.0,0.0,0.0,-9.0,,,,
overtake,0.5m C5,0.686046511627907,172.0,KP,5.0,0.08721739422586168,0.0,-9.0,,,,
overtake,0.5m C1,0.22093023255813954,172.0,KP,6.0,0.0,0.0,-9.0,,,,
overtake,0.5m C2,0.22093023255813954,172.0,KP,6.0,0.0,0.0,-9.0,,,,
overtake,0.5m C3,0.3953488372093023,172.0,KP,6.0,0.0,0.0,-9.0,,,,
overtake,0.5m C4,0.5755813953488372,172.0,KP,6.0,0.0,0.0,-9.0,,,,
overtake,0.5m C5,0.686046511627907,172.0,KP,6.0,0.031258027100295765,0.0,-9.0,,,,
overtake,1m C1,0.20348837209302326,172.0,K,3.0,0.0,0.0,-9.0,,,,
overtake,1m C2,0.18023255813953487,172.0,K,3.0,0.0,0.0,-9.0,,,,
overtake,1m C3,0.23837209302325582,172.0,K,3.0,0.0,0.0,-9.0,,,,
overtake,1m C4,0.3488372093023256,172.0,K,3.0,0.0,0.0,-9.0,,,,
overtake,1m C5,0.37209302325581395,172.0,K,3.0,0.29341394091681006,0.0,-9.0,,,,
overtake,1m C1,0.20348837209302326,172.0,K,4.0,0.0,0.0,-9.0,,,,
overtake,1m C2,0.18023255813953487,172.0,K,4.0,0.0,0.0,-9.0,,,,
overtake,1m C3,0.23837209302325582,172.0,K,4.0,0.0,0.0,-9.0,,,,
overtake,1m C4,0.3488372093023256,172.0,K,4.0,0.0,0.0,-9.0,,,,
overtake,1m C5,0.37209302325581395,172.0,K,4.0,0.29341394091681006,0.0,-9.0,,,,
overtake,1m C1,0.20348837209302326,172.0,K,5.0,0.0,0.0,-9.0,,,,
overtake,1m C2,0.18023255813953487,172.0,K,5.0,0.0,0.0,-9.0,,,,
overtake,1m C3,0.23837209302325582,172.0,K,5.0,0.0,0.0,-9.0,,,,
overtake,1m C4,0.3488372093023256,172.0,K,5.0,0.0,0.0,-9.0,,,,
overtake,1m C5,0.37209302325581395,172.0,K,5.0,0.29341394091681006,0.0,-9.0,,,,
overtake,1m C1,0.20348837209302326,172.0,K,6.0,0.0,0.0,-9.0,,,,
overtake,1m C2,0.18023255813953487,172.0,K,6.0,0.0,0.0,-9.0,,,,
overtake,1m C3,0.23837209302325582,172.0,K,6.0,0.0,0.0,-9.0,,,,
overtake,1m C4,0.3488372093023256,172.0,K,6.0,0.0,0.0,-9.0,,,,
overtake,1m C5,0.37209302325581395,172.0,K,6.0,0.29341394091681006,0.0,-9.0,,,,
overtake,1m C1,0.20348837209302326,172.0,P,3.0,0.31870137962397477,0.0,-9.0,,,,
overtake,1m C2,0.18023255813953487,172.0,P,3.0,0.44371550616528016,0.0,-9.0,,,,
overtake,1m C3,0.23837209302325582,172.0,P,3.0,0.5021846707989739,0.0,-9.0,,,,
overtake,1m C4,0.3488372093023256,172.0,P,3.0,0.6111969741998358,0.0,-9.0,,,,
overtake,1m C5,0.37209302325581395,172.0,P,3.0,0.6600988727846261,0.0,-9.0,,,,
overtake,1m C1,0.20348837209302326,172.0,P,4.0,0.31870137962397477,0.0,-9.0,,,,
overtake,1m C2,0.18023255813953487,172.0,P,4.0,0.44371550616528016,0.0,-9.0,,,,
overtake,1m C3,0.23837209302325582,172.0,P,4.0,0.5021846707989739,0.0,-9.0,,,,
overtake,1m C4,0.3488372093023256,172.0,P,4.0,0.6111969741998358,0.0,-9.0,,,,
overtake,1m C5,0.37209302325581395,172.0,P,4.0,0.6600988727846261,0.0,-9.0,,,,
overtake,1m C1,0.20348837209302326,172.0,P,5.0,0.31870137962397477,0.0,-9.0,,,,
overtake,1m C2,0.18023255813953487,172.0,P,5.0,0.44371550616528016,0.0,-9.0,,,,
overtake,1m C3,0.23837209302325582,172.0,P,5.0,0.5021846707989739,0.0,-9.0,,,,
overtake,1m C4,0.3488372093023256,172.0,P,5.0,0.6111969741998358,0.0,-9.0,,,,
overtake,1m C5,0.37209302325581395,172.0,P,5.0,0.6600988727846261,0.0,-9.0,,,,
overtake,1m C1,0.20348837209302326,172.0,P,6.0,0.31870137962397477,0.0,-9.0,,,,
overtake,1m C2,0.18023255813953487,172.0,P,6.0,0.44371550616528016,0.0,-9.0,,,,
overtake,1m C3,0.23837209302325582,172.0,P,6.0,0.5021846707989739,0.0,-9.0,,,,
overtake,1m C4,0.3488372093023256,172.0,P,6.0,0.46582643221691467,0.0,-9.0,,,,
overtake,1m C5,0.37209302325581395,172.0,P,6.0,0.41517083224573753,0.0,-9.0,,,,
overtake,1m C1,0.20348837209302326,172.0,KP,3.0,0.0,0.0,-9.0,,,,
overtake,1m C2,0.18023255813953487,172.0,KP,3.0,0.0,0.0,-9.0,,,,
overtake,1m C3,0.23837209302325582,172.0,KP,3.0,0.0,0.0,-9.0,,,,
overtake,1m C4,0.3488372093023256,172.0,KP,3.0,0.0,0.0,-9.0,,,,
overtake,1m C5,0.37209302325581395,172.0,KP,3.0,0.29341394091681006,0.0,-9.0,,,,
overtake,1m C1,0.20348837209302326,172.0,KP,4.0,0.0,0.0,-9.0,,,,
overtake,1m C2,0.18023255813953487,172.0,KP,4.0,0.0,0.0,-9.0,,,,
overtake,1m C3,0.23837209302325582,172.0,KP,4.0,0.0,0.0,-9.0,,,,
overtake,1m C4,0.3488372093023256,172.0,KP,4.0,0.0,0.0,-9.0,,,,
overtake,1m C5,0.37209302325581395,172.0,KP,4.0,0.29341394091681006,0.0,-9.0,,,,
overtake,1m C1,0.20348837209302326,172.0,KP,5.0,0.0,0.0,-9.0,,,,
overtake,1m C2,0.18023255813953487,172.0,KP,5.0,0.0,0.0,-9.0,,,,
overtake,1m C3,0.23837209302325582,172.0,KP,5.0,0.0,0.0,-9.0,,,,
overtake,1m C4,0.3488372093023256,172.0,KP,5.0,0.0,0.0,-9.0,,,,
overtake,1m C5,0.37209302325581395,172.0,KP,5.0,0.29341394091681006,0.0,-9.0,,,,
overtake,1m C1,0.20348837209302326,172.0,KP,6.0,0.0,0.0,-9.0,,,,
overtake,1m C2,0.18023255813953487,172.0,KP,6.0,0.0,0.0,-9.0,,,,
overtake,1m C3,0.23837209302325582,172.0,KP,6.0,0.0,0.0,-9.0,,,,
overtake,1m C4,0.3488372093023256,172.0,KP,6.0,0.0,0.0,-9.0,,,,
overtake,1m C5,0.37209302325581395,172.0,KP,6.0,0.29341394091681006,0.0,-9.0,,,,
overtake,1.5m C1,0.1686046511627907,172.0,K,3.0,0.0,0.0,-9.0,,,,
overtake,1.5m C2,0.16279069767441862,172.0,K,3.0,0.0,0.0,-9.0,,,,
overtake,1.5m C3,0.1686046511627907,172.0,K,3.0,0.0,0.0,-9.0,,,,
overtake,1.5m C4,0.13953488372093023,172.0,K,3.0,0.2547557513536488,0.0,-9.0,,,,
overtake,1.5m C5,0.1569767441860465,172.0,K,3.0,0.6211070580452326,0.0,-9.0,,,,
overtake,1.5m C1,0.1686046511627907,172.0,K,4.0,0.0,0.0,-9.0,,,,
overtake,1.5m C2,0.16279069767441862,172.0,K,4.0,0.0,0.0,-9.0,,,,
overtake,1.5m C3,0.1686046511627907,172.0,K,4.0,0.0,0.0,-9.0,,,,
overtake,1.5m C4,0.13953488372093023,172.0,K,4.0,0.2547557513536488,0.0,-9.0,,,,
overtake,1.5m C5,0.1569767441860465,172.0,K,4.0,0.6211070580452326,0.0,-9.0,,,,
overtake,1.5m C1,0.1686046511627907,172.0,K,5.0,0.0,0.0,-9.0,,,,
overtake,1.5m C2,0.16279069767441862,172.0,K,5.0,0.0,0.0,-9.0,,,,
overtake,1.5m C3,0.1686046511627907,172.0,K,5.0,0.0,0.0,-9.0,,,,
overtake,1.5m C4,0.13953488372093023,172.0,K,5.0,0.2547557513536488,0.0,-9.0,,,,
overtake,1.5m C5,0.1569767441860465,172.0,K,5.0,0.6211070580452326,0.0,-9.0,,,,
overtake,1.5m C1,0.1686046511627907,172.0,K,6.0,0.0,0.0,-9.0,,,,
overtake,1.5m C2,0.16279069767441862,172.0,K,6.0,0.0,0.0,-9.0,,,,
overtake,1.5m C3,0.1686046511627907,172.0,K,6.0,0.0,0.0,-9.0,,,,
overtake,1.5m C4,0.13953488372093023,172.0,K,6.0,0.2547557513536488,0.0,-9.0,,,,
overtake,1.5m C5,0.1569767441860465,172.0,K,6.0,0.6211070580452326,0.0,-9.0,,,,
overtake,1.5m C1,0.1686046511627907,172.0,P,3.0,0.6534871812581284,0.0,-9.0,,,,
overtake,1.5m C2,0.16279069767441862,172.0,P,3.0,0.8117483314712316,0.0,-9.0,,,,
overtake,1.5m C3,0.1686046511627907,172.0,P,3.0,0.8838644250989429,0.0,-9.0,,,,
overtake,1.5m C4,0.13953488372093023,172.0,P,3.0,1.018324027423303,0.0,-9.0,,,,
overtake,1.5m C5,0.1569767441860465,172.0,P,3.0,1.0808493640511778,0.0,-9.0,,,,
overtake,1.5m C1,0.1686046511627907,172.0,P,4.0,0.6534871812581284,0.0,-9.0,,,,
overtake,1.5m C2,0.16279069767441862,172.0,P,4.0,0.8117483314712316,0.0,-9.0,,,,
overtake,1.5m C3,0.1686046511627907,172.0,P,4.0,0.8838644250989429,0.0,-9.0,,,,
overtake,1.5m C4,0.13953488372093023,172.0,P,4.0,1.018324027423303,0.0,-9.0,,,,
overtake,1.5m C5,0.1569767441860465,172.0,P,4.0,1.0808493640511778,0.0,-9.0,,,,
overtake,1.5m C1,0.1686046511627907,172.0,P,5.0,0.6534871812581284,0.0,-9.0,,,,
overtake,1.5m C2,0.16279069767441862,172.0,P,5.0,0.8117483314712316,0.0,-9.0,,,,
overtake,1.5m C3,0.1686046511627907,172.0,P,5.0,0.8838644250989429,0.0,-9.0,,,,
overtake,1.5m C4,0.13953488372093023,172.0,P,5.0,1.018324027423303,0.0,-9.0,,,,
overtake,1.5m C5,0.1569767441860465,172.0,P,5.0,1.0808493640511778,0.0,-9.0,,,,
overtake,1.5m C1,0.1686046511627907,172.0,P,6.0,0.6534871812581284,0.0,-9.0,,,,
overtake,1.5m C2,0.16279069767441862,172.0,P,6.0,0.8117483314712316,0.0,-9.0,,,,
overtake,1.5m C3,0.1686046511627907,172.0,P,6.0,0.8838644250989429,0.0,-9.0,,,,
overtake,1.5m C4,0.13953488372093023,172.0,P,6.0,0.8084975772356504,0.0,-9.0,,,,
overtake,1.5m C5,0.1569767441860465,172.0,P,6.0,0.7476324123456487,0.0,-9.0,,,,
overtake,1.5m C1,0.1686046511627907,172.0,KP,3.0,0.0,0.0,-9.0,,,,
overtake,1.5m C2,0.16279069767441862,172.0,KP,3.0,0.0,0.0,-9.0,,,,
overtake,1.5m C3,0.1686046511627907,172.0,KP,3.0,0.0,0.0,-9.0,,,,
overtake,1.5m C4,0.13953488372093023,172.0,KP,3.0,0.2547557513536488,0.0,-9.0,,,,
overtake,1.5m C5,0.1569767441860465,172.0,KP,3.0,0.6211070580452326,0.0,-9.0,,,,
overtake,1.5m C1,0.1686046511627907,172.0,KP,4.0,0.0,0.0,-9.0,,,,
overtake,1.5m C2,0.16279069767441862,172.0,KP,4.0,0.0,0.0,-9.0,,,,
overtake,1.5m C3,0.1686046511627907,172.0,KP,4.0,0.0,0.0,-9.0,,,,
overtake,1.5m C4,0.13953488372093023,172.0,KP,4.0,0.2547557513536488,0.0,-9.0,,,,
overtake,1.5m C5,0.1569767441860465,172.0,KP,4.0,0.6211070580452326,0.0,-9.0,,,,
overtake,1.5m C1,0.1686046511627907,172.0,KP,5.0,0.0,0.0,-9.0,,,,
overtake,1.5m C2,0.16279069767441862,172.0,KP,5.0,0.0,0.0,-9.0,,,,
overtake,1.5m C3,0.1686046511627907,172.0,KP,5.0,0.0,0.0,-9.0,,,,
overtake,1.5m C4,0.13953488372093023,172.0,KP,5.0,0.2547557513536488,0.0,-9.0,,,,
overtake,1.5m C5,0.1569767441860465,172.0,KP,5.0,0.6211070580452326,0.0,-9.0,,,,
overtake,1.5m C1,0.1686046511627907,172.0,KP,6.0,0.0,0.0,-9.0,,,,
overtake,1.5m C2,0.16279069767441862,172.0,KP,6.0,0.0,0.0,-9.0,,,,
overtake,1.5m C3,0.1686046511627907,172.0,KP,6.0,0.0,0.0,-9.0,,,,
overtake,1.5m C4,0.13953488372093023,172.0,KP,6.0,0.2547557513536488,0.0,-9.0,,,,
overtake,1.5m C5,0.1569767441860465,172.0,KP,6.0,0.6211070580452326,0.0,-9.0,,,,
