video,cp,eps,epistemic,g_alpha1,p,n,ttc_start,ttc_true,distance
LC_dv07_Tlc2p0_TTC02_CP1_S5p033_E15p033.mp4,CP1,1933.667877642008,78.51149672574388,1855.1563809162642,0.0,21,2.0,2.0,3.888888888888889
LC_dv07_Tlc2p0_TTC02_CP2_S5p333_E15p333.mp4,CP2,1933.6678776420201,46.17665373861678,1887.4912239034034,0.9545454545454546,11,2.0,1.7,3.305555555555556
LC_dv07_Tlc2p0_TTC02_CP3_S5p633_E15p633.mp4,CP3,1946.099408080098,60.172495760101356,1885.9269123199967,0.85,10,2.0,1.4,2.722222222222222
LC_dv07_Tlc2p0_TTC02_CP4_S5p933_E15p933.mp4,CP4,1933.6678776424353,6.3768128431638615,1927.2910647992715,1.0,11,2.0,1.1,2.138888888888889
LC_dv07_Tlc2p0_TTC02_CP5_S6p233_E16p233.mp4,CP5,211619.35352828,36.609865864069434,211582.74366241592,0.85,10,2.0,0.8,1.5555555555555556
LC_dv07_Tlc2p0_TTC03_CP1_S5p033_E15p033.mp4,CP1,8371.617456055052,82.53960672285939,8289.077849332192,0.0238095238095238,21,3.0,3.0,5.833333333333333
LC_dv07_Tlc2p0_TTC03_CP2_S5p333_E15p333.mp4,CP2,1933.6678776420251,70.98365340274995,1862.6842242392752,0.8181818181818182,11,3.0,2.7,5.25
LC_dv07_Tlc2p0_TTC03_CP3_S5p633_E15p633.mp4,CP3,2852.341346698868,97.30393419208076,2755.0374125067874,0.75,10,3.0,2.4,4.666666666666666
LC_dv07_Tlc2p0_TTC03_CP4_S5p933_E15p933.mp4,CP4,1934.424438581146,55.26772285514221,1879.1567157260038,0.9545454545454546,11,3.0,2.1,4.083333333333333
LC_dv07_Tlc2p0_TTC03_CP5_S6p233_E16p233.mp4,CP5,75435.09568878745,36.79881659896637,75398.29687218848,0.8,10,3.0,1.8,3.5
LC_dv07_Tlc2p0_TTC04_CP1_S5p067_E15p067.mp4,CP1,1454.8400860496909,33.002076782753875,1421.838009266937,0.0,21,4.0,4.0,7.777777777777778
LC_dv07_Tlc2p0_TTC04_CP2_S5p367_E15p367.mp4,CP2,2111.3710633026963,31.87632646385441,2079.494736838842,0.8636363636363636,11,4.0,3.7,7.194444444444445
LC_dv07_Tlc2p0_TTC04_CP3_S5p667_E15p667.mp4,CP3,11254.603538541933,183.78870793284295,11070.81483060909,0.7,10,4.0,3.4,6.611111111111111
LC_dv07_Tlc2p0_TTC04_CP4_S5p967_E15p967.mp4,CP4,1932.8766727199784,34.077069185085975,1898.7996035348924,0.8181818181818182,11,4.0,3.1,6.027777777777778
LC_dv07_Tlc2p0_TTC04_CP5_S6p267_E16p267.mp4,CP5,8403.398946231035,99.81942648506629,8303.579519745968,0.85,10,4.0,2.8,5.444444444444444
LC_dv07_Tlc2p0_TTC05_CP1_S5p067_E15p067.mp4,CP1,1454.8400860496909,31.877556578830763,1422.96252947086,0.0,11,5.0,5.0,9.72222222222222
LC_dv07_Tlc2p0_TTC05_CP2_S5p367_E15p367.mp4,CP2,2022.4239172602304,32.78085182585323,1989.6430654343771,0.8181818181818182,11,5.0,4.7,9.13888888888889
LC_dv07_Tlc2p0_TTC05_CP4_S5p967_E15p967.mp4,CP4,1932.8766727199784,33.00610676734573,1899.8705659526327,0.8636363636363636,11,5.0,4.1,7.972222222222221
LC_dv07_Tlc2p0_TTC07_CP1_S5p067_E15p067.mp4,CP1,3236.530763627119,12.198362600615383,3224.3324010265037,0.0,10,7.0,7.0,13.61111111111111
LC_dv07_Tlc2p0_TTC07_CP3_S5p667_E15p667.mp4,CP3,4905.138708169688,184.3589151902479,4720.77979297944,0.4,10,7.0,6.4,12.444444444444445
LC_dv07_Tlc2p0_TTC07_CP5_S6p267_E16p267.mp4,CP5,1933.621693387747,62.01993185172614,1871.6017615360208,0.35,10,7.0,5.8,11.277777777777777
LC_dv07_Tlc3p0_TTC02_CP1_S5p067_E15p067.mp4,CP1,1452.3843864503285,47.349856966311336,1405.0345294840172,0.0625,24,2.0,2.0,3.888888888888889
LC_dv07_Tlc3p0_TTC02_CP2_S5p367_E15p367.mp4,CP2,2221.984028023346,31.404897944775712,2190.5791300785704,0.75,12,2.0,1.7,3.305555555555556
LC_dv07_Tlc3p0_TTC02_CP3_S5p667_E15p667.mp4,CP3,9312.397892492496,83.12751157948696,9229.270380913009,0.9166666666666666,12,2.0,1.4,2.722222222222222
LC_dv07_Tlc3p0_TTC02_CP4_S5p967_E15p967.mp4,CP4,1932.8766727199784,6.043219810667779,1926.8334529093106,0.875,12,2.0,1.1,2.138888888888889
LC_dv07_Tlc3p0_TTC02_CP5_S6p267_E16p267.mp4,CP5,9342.151195600312,91.99213458970917,9250.159061010603,0.9583333333333334,12,2.0,0.8,1.5555555555555556
LC_dv07_Tlc3p0_TTC03_CP1_S5p067_E15p067.mp4,CP1,1454.8400860496909,33.90066432936737,1420.9394217203235,0.0416666666666666,24,3.0,3.0,5.833333333333333
LC_dv07_Tlc3p0_TTC03_CP2_S5p367_E15p367.mp4,CP2,2174.7063943072426,31.981420774022354,2142.7249735332202,0.75,12,3.0,2.7,5.25
LC_dv07_Tlc3p0_TTC03_CP3_S5p667_E15p667.mp4,CP3,2269.7489378449036,86.1769718611863,2183.5719659837173,0.875,12,3.0,2.4,4.666666666666666
LC_dv07_Tlc3p0_TTC03_CP4_S5p967_E15p967.mp4,CP4,1932.8766727199784,34.79354649014249,1898.083126229836,0.7916666666666666,12,3.0,2.1,4.083333333333333
LC_dv07_Tlc3p0_TTC03_CP5_S6p267_E16p267.mp4,CP5,8618.347930230766,91.6589160288604,8526.689014201906,0.8333333333333334,12,3.0,1.8,3.5
LC_dv07_Tlc3p0_TTC04_CP1_S5p033_E15p033.mp4,CP1,1932.8766727199745,83.22713283188432,1849.6495398880902,0.0625,24,4.0,4.0,7.777777777777778
LC_dv07_Tlc3p0_TTC04_CP2_S5p333_E15p333.mp4,CP2,1929.9628684943436,33.419836994429716,1896.543031499914,0.375,12,4.0,3.7,7.194444444444445
LC_dv07_Tlc3p0_TTC04_CP3_S5p633_E15p633.mp4,CP3,2533.1712253540977,94.41233809600953,2438.758887258088,0.5833333333333334,12,4.0,3.4,6.611111111111111
LC_dv07_Tlc3p0_TTC04_CP4_S5p933_E15p933.mp4,CP4,1930.471285745317,33.739938701782194,1896.7313470435347,0.875,12,4.0,3.1,6.027777777777778
LC_dv07_Tlc3p0_TTC04_CP5_S6p233_E16p233.mp4,CP5,1454.8400860496909,37.876699728298036,1416.9633863213928,0.75,12,4.0,2.8,5.444444444444444
LC_dv07_Tlc3p0_TTC05_CP1_S5p067_E15p067.mp4,CP1,1454.8400860496909,31.882565754233383,1422.9575202954575,0.0416666666666666,12,5.0,5.0,9.72222222222222
LC_dv07_Tlc3p0_TTC05_CP3_S5p667_E15p667.mp4,CP3,10204.089970966275,193.91873887616202,10010.171232090113,0.75,12,5.0,4.4,8.555555555555555
LC_dv07_Tlc3p0_TTC05_CP5_S6p267_E16p267.mp4,CP5,7245.872150087764,115.6067326830098,7130.265417404754,0.6666666666666666,12,5.0,3.8,7.388888888888888
LC_dv07_Tlc3p0_TTC06_CP1_S5p067_E15p067.mp4,CP1,1932.8766727204008,14.33080504894383,1918.545867671457,0.0416666666666666,12,6.0,6.0,11.666666666666666
LC_dv07_Tlc3p0_TTC06_CP2_S5p367_E15p367.mp4,CP2,1932.8766727204106,35.58155533157765,1897.295117388833,0.25,12,6.0,5.7,11.083333333333334
LC_dv07_Tlc3p0_TTC06_CP4_S5p967_E15p967.mp4,CP4,1932.8766727204056,31.870071486290954,1901.0066012341147,0.375,12,6.0,5.1,9.916666666666666
LC_dv07_Tlc4p0_TTC02_CP1_S5p067_E15p067.mp4,CP1,1454.6901270709893,69.30837916943369,1385.3817479015556,0.0,25,2.0,2.0,3.888888888888889
LC_dv07_Tlc4p0_TTC02_CP2_S5p367_E15p367.mp4,CP2,2219.896077081406,31.43210162197738,2188.4639754594286,0.6538461538461539,13,2.0,1.7,3.305555555555556
LC_dv07_Tlc4p0_TTC02_CP3_S5p667_E15p667.mp4,CP3,9368.046968699373,83.09771453061876,9284.949254168754,1.0,12,2.0,1.4,2.722222222222222
LC_dv07_Tlc4p0_TTC02_CP4_S5p967_E15p967.mp4,CP4,1932.8766727199784,5.104626496342917,1927.7720462236355,0.8461538461538461,13,2.0,1.1,2.138888888888889
LC_dv07_Tlc4p0_TTC02_CP5_S6p267_E16p267.mp4,CP5,9653.386803357662,92.23807802802548,9561.148725329636,1.0,12,2.0,0.8,1.5555555555555556
LC_dv07_Tlc4p0_TTC03_CP1_S5p067_E15p067.mp4,CP1,1455.5342504809496,33.94060988371325,1421.5936405972363,0.0,25,3.0,3.0,5.833333333333333
LC_dv07_Tlc4p0_TTC03_CP2_S5p367_E15p367.mp4,CP2,2170.335890402227,32.04857890563653,2138.2873114965905,0.6538461538461539,13,3.0,2.7,5.25
LC_dv07_Tlc4p0_TTC03_CP3_S5p667_E15p667.mp4,CP3,1933.5672603260714,80.72716498668751,1852.8400953393839,0.9583333333333334,12,3.0,2.4,4.666666666666666
LC_dv07_Tlc4p0_TTC03_CP4_S5p967_E15p967.mp4,CP4,1930.379052207398,48.2620210785542,1882.1170311288438,0.8461538461538461,13,3.0,2.1,4.083333333333333
LC_dv07_Tlc4p0_TTC03_CP5_S6p267_E16p267.mp4,CP5,9663.864127411332,82.0599966648806,9581.804130746452,0.9583333333333334,12,3.0,1.8,3.5
LC_dv07_Tlc4p0_TTC04_CP1_S5p033_E15p033.mp4,CP1,1930.0401073717228,80.04615657529916,1849.9939507964236,0.02,25,4.0,4.0,7.777777777777778
LC_dv07_Tlc4p0_TTC04_CP2_S5p333_E15p333.mp4,CP2,1932.8766727199784,33.36766750046149,1899.509005219517,0.5769230769230769,13,4.0,3.7,7.194444444444445
LC_dv07_Tlc4p0_TTC04_CP3_S5p633_E15p633.mp4,CP3,2114.907882364589,88.26010527314816,2026.647777091441,0.7083333333333334,12,4.0,3.4,6.611111111111111
LC_dv07_Tlc4p0_TTC04_CP4_S5p933_E15p933.mp4,CP4,1934.5340558945882,33.705893864284235,1900.828162030304,0.7307692307692307,13,4.0,3.1,6.027777777777778
LC_dv07_Tlc4p0_TTC04_CP5_S6p233_E16p233.mp4,CP5,1454.8400860496895,38.098210483897674,1416.7418755657918,0.8333333333333334,12,4.0,2.8,5.444444444444444
LC_dv07_Tlc4p0_TTC06_CP1_S5p067_E15p067.mp4,CP1,1454.8400860496909,32.05168844583841,1422.7883976038524,0.0416666666666666,12,6.0,6.0,11.666666666666666
LC_dv07_Tlc4p0_TTC06_CP3_S5p667_E15p667.mp4,CP3,2462.570835680439,105.28620697528959,2357.2846287051493,0.4583333333333333,12,6.0,5.4,10.5
LC_dv07_Tlc4p0_TTC06_CP5_S6p267_E16p267.mp4,CP5,3538.478454161394,124.63845105775044,3413.8400031036435,0.7083333333333334,12,6.0,4.8,9.333333333333332
LC_dv07_Tlc4p0_TTC07_CP1_S5p067_E15p067.mp4,CP1,3254.2705524838793,12.276764250224915,3241.9937882336544,0.0384615384615384,13,7.0,7.0,13.61111111111111
LC_dv07_Tlc4p0_TTC07_CP2_S5p367_E15p367.mp4,CP2,1932.8766727204056,58.856677667039776,1874.0199950533658,0.3076923076923077,13,7.0,6.7,13.02777777777778
LC_dv07_Tlc4p0_TTC07_CP4_S5p967_E15p967.mp4,CP4,1933.6678776420201,32.17382993068259,1901.4940477113375,0.5769230769230769,13,7.0,6.1,11.86111111111111
LC_dv14_Tlc2p0_TTC02_CP1_S5p067_E15p067.mp4,CP1,1933.849922554116,28.22353769647657,1905.6263848576393,0.0769230769230769,26,2.0,2.0,7.777777777777778
LC_dv14_Tlc2p0_TTC02_CP2_S5p367_E15p367.mp4,CP2,2340.321922217197,30.14178057225672,2310.1801416449402,0.9230769230769232,13,2.0,1.7,6.611111111111111
LC_dv14_Tlc2p0_TTC02_CP3_S5p667_E15p667.mp4,CP3,47582.863673811764,171.05785168164584,47411.80582213012,1.0,13,2.0,1.4,5.444444444444444
LC_dv14_Tlc2p0_TTC02_CP4_S5p967_E15p967.mp4,CP4,2412.1450994607876,28.312968617310617,2383.832130843477,0.9230769230769232,13,2.0,1.1,4.277777777777778
LC_dv14_Tlc2p0_TTC02_CP5_S6p267_E16p267.mp4,CP5,10555.61587390478,87.22472903055677,10468.391144874224,1.0,13,2.0,0.8,3.111111111111111
LC_dv14_Tlc2p0_TTC03_CP1_S5p067_E15p067.mp4,CP1,1935.6065302028956,12.135850021602437,1923.4706801812931,0.0576923076923076,26,3.0,3.0,11.666666666666666
LC_dv14_Tlc2p0_TTC03_CP2_S5p367_E15p367.mp4,CP2,2263.1120727142174,30.567575592427147,2232.5444971217903,0.9615384615384616,13,3.0,2.7,10.5
LC_dv14_Tlc2p0_TTC03_CP3_S5p667_E15p667.mp4,CP3,44730.937433225314,189.16757973322092,44541.76985349209,0.8076923076923077,13,3.0,2.4,9.333333333333332
LC_dv14_Tlc2p0_TTC03_CP4_S5p967_E15p967.mp4,CP4,2412.1450994607876,28.304593875664523,2383.840505585123,0.9230769230769232,13,3.0,2.1,8.166666666666666
LC_dv14_Tlc2p0_TTC03_CP5_S6p267_E16p267.mp4,CP5,4209.11222253336,157.08362380823655,4052.0285987251236,0.8846153846153846,13,3.0,1.8,7.0
LC_dv14_Tlc2p0_TTC04_CP1_S5p067_E15p067.mp4,CP1,6522.877184514581,76.06538362212177,6446.811800892459,0.0192307692307692,26,4.0,4.0,15.555555555555555
LC_dv14_Tlc2p0_TTC04_CP2_S5p367_E15p367.mp4,CP2,34303.09381198046,178.00076088481728,34125.093051095646,0.6923076923076923,13,4.0,3.7,14.38888888888889
LC_dv14_Tlc2p0_TTC04_CP3_S5p667_E15p667.mp4,CP3,29577.419799893763,173.82237035123035,29403.597429542533,0.4615384615384615,13,4.0,3.4,13.22222222222222
LC_dv14_Tlc2p0_TTC04_CP4_S5p967_E15p967.mp4,CP4,1934.5702744602272,29.43856257820903,1905.1317118820182,0.8076923076923077,13,4.0,3.1,12.055555555555555
LC_dv14_Tlc2p0_TTC04_CP5_S6p267_E16p267.mp4,CP5,1935.806439836009,58.60555853218398,1877.200881303825,0.6538461538461539,13,4.0,2.8,10.888888888888888
LC_dv14_Tlc2p0_TTC05_CP1_S5p067_E15p067.mp4,CP1,2574.3319398418485,101.61034713249182,2472.7215927093566,0.0,13,5.0,5.0,19.444444444444443
LC_dv14_Tlc2p0_TTC05_CP3_S5p667_E15p667.mp4,CP3,4418.567315950025,98.7469191908076,4319.820396759217,0.3076923076923077,13,5.0,4.4,17.11111111111111
LC_dv14_Tlc2p0_TTC05_CP5_S6p267_E16p267.mp4,CP5,2055.382365513462,77.64283890478782,1977.7395266086742,0.4615384615384615,13,5.0,3.8,14.777777777777777
LC_dv14_Tlc2p0_TTC06_CP1_S5p067_E15p067.mp4,CP1,2197.1167037059386,108.03431239850124,2089.0823913074373,0.1153846153846153,13,6.0,6.0,23.33333333333333
LC_dv14_Tlc2p0_TTC06_CP2_S5p367_E15p367.mp4,CP2,2553.8210711010925,87.01140980822902,2466.8096612928634,0.4230769230769231,13,6.0,5.7,22.166666666666668
LC_dv14_Tlc2p0_TTC06_CP4_S5p967_E15p967.mp4,CP4,2815.475907798063,114.9364023921571,2700.539505405906,0.5,13,6.0,5.1,19.83333333333333
LC_dv14_Tlc3p0_TTC02_CP1_S5p033_E15p033.mp4,CP1,49603.7531710836,156.32319396165258,49447.429977121945,0.0,24,2.0,2.0,7.777777777777778
LC_dv14_Tlc3p0_TTC02_CP2_S5p333_E15p333.mp4,CP2,2412.9290556891415,28.656250255565283,2384.272805433576,0.6666666666666666,12,2.0,1.7,6.611111111111111
LC_dv14_Tlc3p0_TTC02_CP3_S5p633_E15p633.mp4,CP3,2386.526735131116,86.46230199377624,2300.0644331373396,1.0,12,2.0,1.4,5.444444444444444
LC_dv14_Tlc3p0_TTC02_CP4_S5p933_E15p933.mp4,CP4,1933.8499225537053,28.90453043175421,1904.945392121951,0.875,12,2.0,1.1,4.277777777777778
LC_dv14_Tlc3p0_TTC02_CP5_S6p233_E16p233.mp4,CP5,3286.792261627498,30.415614918614665,3256.3766467088835,1.0,12,2.0,0.8,3.111111111111111
LC_dv14_Tlc3p0_TTC03_CP1_S5p067_E15p067.mp4,CP1,1933.849922554116,12.105647204202114,1921.7442753499138,0.0833333333333333,24,3.0,3.0,11.666666666666666
LC_dv14_Tlc3p0_TTC03_CP2_S5p367_E15p367.mp4,CP2,2265.069664257309,30.525776789929296,2234.5438874673796,0.7083333333333334,12,3.0,2.7,10.5
LC_dv14_Tlc3p0_TTC03_CP3_S5p667_E15p667.mp4,CP3,48399.35008898413,172.95849172892486,48226.391597255206,0.8333333333333334,12,3.0,2.4,9.333333333333332
LC_dv14_Tlc3p0_TTC03_CP4_S5p967_E15p967.mp4,CP4,2409.684719262607,28.25951017843545,2381.4252090841715,0.875,12,3.0,2.1,8.166666666666666
LC_dv14_Tlc3p0_TTC03_CP5_S6p267_E16p267.mp4,CP5,141892.9435835017,160.76010304593365,141732.18348045577,1.0,12,3.0,1.8,7.0
LC_dv14_Tlc3p0_TTC04_CP1_S5p067_E15p067.mp4,CP1,6173.905532561178,76.24769414047023,6097.657838420708,0.0,24,4.0,4.0,15.555555555555555
LC_dv14_Tlc3p0_TTC04_CP2_S5p367_E15p367.mp4,CP2,3176.2361607842313,99.5966896993641,3076.639471084867,0.4583333333333333,12,4.0,3.7,14.38888888888889
LC_dv14_Tlc3p0_TTC04_CP3_S5p667_E15p667.mp4,CP3,2281.529117214089,85.00138010216415,2196.527737111925,0.7083333333333334,12,4.0,3.4,13.22222222222222
LC_dv14_Tlc3p0_TTC04_CP4_S5p967_E15p967.mp4,CP4,2412.145099460799,29.4007045082717,2382.7443949525273,0.6666666666666666,12,4.0,3.1,12.055555555555555
LC_dv14_Tlc3p0_TTC04_CP5_S6p267_E16p267.mp4,CP5,1933.849922553693,58.561697372354274,1875.2882251813387,0.7916666666666666,12,4.0,2.8,10.888888888888888
LC_dv14_Tlc3p0_TTC06_CP1_S5p067_E15p067.mp4,CP1,2203.297453557462,107.94433141580521,2095.353122141657,0.0416666666666666,12,6.0,6.0,23.33333333333333
LC_dv14_Tlc3p0_TTC06_CP3_S5p667_E15p667.mp4,CP3,3460.225654640534,114.68636790731352,3345.5392867332203,0.2916666666666667,12,6.0,5.4,21.0
LC_dv14_Tlc3p0_TTC06_CP5_S6p267_E16p267.mp4,CP5,4028.9168725174586,134.27222203364454,3894.644650483814,0.4166666666666667,12,6.0,4.8,18.666666666666664
LC_dv14_Tlc3p0_TTC07_CP1_S5p067_E15p067.mp4,CP1,2302.151961785581,104.1618296151687,2197.9901321704124,0.0416666666666666,12,7.0,7.0,27.22222222222222
LC_dv14_Tlc3p0_TTC07_CP2_S5p367_E15p367.mp4,CP2,2761.18364945991,97.54660715588398,2663.637042304026,0.2083333333333333,12,7.0,6.7,26.05555555555556
LC_dv14_Tlc3p0_TTC07_CP4_S5p967_E15p967.mp4,CP4,205992.20345960205,67.83264180927654,205924.37081779278,0.4583333333333333,12,7.0,6.1,23.72222222222222
LC_dv14_Tlc4p0_TTC02_CP1_S5p067_E15p067.mp4,CP1,1933.8499225541286,28.212413898821296,1905.6375086553073,0.0416666666666666,24,2.0,2.0,7.777777777777778
LC_dv14_Tlc4p0_TTC02_CP2_S5p367_E15p367.mp4,CP2,2335.020647606782,30.140812551456747,2304.879835055325,0.7916666666666666,12,2.0,1.7,6.611111111111111
LC_dv14_Tlc4p0_TTC02_CP3_S5p667_E15p667.mp4,CP3,2391.7694387774904,84.45617531742027,2307.31326346007,0.9583333333333334,12,2.0,1.4,5.444444444444444
LC_dv14_Tlc4p0_TTC02_CP4_S5p967_E15p967.mp4,CP4,1933.8499225540972,28.44863736065895,1905.4012851934383,0.9583333333333334,12,2.0,1.1,4.277777777777778
LC_dv14_Tlc4p0_TTC02_CP5_S6p267_E16p267.mp4,CP5,11849.513622383241,87.76124821405756,11761.752374169184,0.9583333333333334,12,2.0,0.8,3.111111111111111
LC_dv14_Tlc4p0_TTC03_CP1_S5p067_E15p067.mp4,CP1,1933.849922554116,12.10834640363305,1921.7415761504828,0.0,24,3.0,3.0,11.666666666666666
LC_dv14_Tlc4p0_TTC03_CP2_S5p367_E15p367.mp4,CP2,2264.7003994765482,30.558115356058806,2234.1422841204894,0.5,12,3.0,2.7,10.5
LC_dv14_Tlc4p0_TTC03_CP3_S5p667_E15p667.mp4,CP3,3083.2355561023064,98.98312080896585,2984.2524352933406,0.7916666666666666,12,3.0,2.4,9.333333333333332
LC_dv14_Tlc4p0_TTC03_CP4_S5p967_E15p967.mp4,CP4,2412.929055689576,28.203269978927437,2384.725785710649,0.875,12,3.0,2.1,8.166666666666666
LC_dv14_Tlc4p0_TTC03_CP5_S6p267_E16p267.mp4,CP5,2501.6097937926925,121.73023192713481,2379.8795618655577,0.9166666666666666,12,3.0,1.8,7.0
LC_dv14_Tlc4p0_TTC04_CP1_S5p067_E15p067.mp4,CP1,6227.539947147613,76.03233138211999,6151.507615765493,0.0416666666666666,24,4.0,4.0,15.555555555555555
LC_dv14_Tlc4p0_TTC04_CP2_S5p367_E15p367.mp4,CP2,33119.70100229807,173.42667240158335,32946.274329896485,0.5416666666666666,12,4.0,3.7,14.38888888888889
LC_dv14_Tlc4p0_TTC04_CP3_S5p667_E15p667.mp4,CP3,2013.986896904543,68.93059087598772,1945.0563060285554,0.6666666666666666,12,4.0,3.4,13.22222222222222
LC_dv14_Tlc4p0_TTC04_CP4_S5p967_E15p967.mp4,CP4,2412.1450994607876,29.397237372401833,2382.747862088386,0.6666666666666666,12,4.0,3.1,12.055555555555555
LC_dv14_Tlc4p0_TTC04_CP5_S6p267_E16p267.mp4,CP5,1933.8499225537053,58.94271378296867,1874.9072087707366,0.6666666666666666,12,4.0,2.8,10.888888888888888
LC_dv14_Tlc4p0_TTC05_CP1_S5p033_E15p033.mp4,CP1,3246.949276344951,129.84402494626192,3117.1052513986892,0.0,12,5.0,5.0,19.444444444444443
LC_dv14_Tlc4p0_TTC05_CP2_S5p333_E15p333.mp4,CP2,2497.8755670361224,106.66722668032844,2391.208340355794,0.2916666666666667,12,5.0,4.7,18.27777777777778
LC_dv14_Tlc4p0_TTC05_CP4_S5p933_E15p933.mp4,CP4,6917.18574951769,34.30644871055847,6882.879300807132,0.5833333333333334,12,5.0,4.1,15.944444444444445
LC_dv14_Tlc4p0_TTC07_CP1_S5p067_E15p067.mp4,CP1,2462.1377504133175,108.4452564306066,2353.692493982711,0.0,12,7.0,7.0,27.22222222222222
LC_dv14_Tlc4p0_TTC07_CP3_S5p667_E15p667.mp4,CP3,8755.341969779607,122.87207337918699,8632.46989640042,0.375,12,7.0,6.4,24.88888888888889
LC_dv14_Tlc4p0_TTC07_CP5_S6p267_E16p267.mp4,CP5,2107.490589609694,86.60593396245554,2020.8846556472383,0.375,12,7.0,5.8,22.55555555555556
LC_dv21_Tlc2p0_TTC02_CP1_S5p067_E15p067.mp4,CP1,1943.0669211097702,35.36738116081847,1907.6995399489517,0.0,21,2.0,2.0,11.666666666666666
LC_dv21_Tlc2p0_TTC02_CP2_S5p367_E15p367.mp4,CP2,2919.3970864046755,28.029281331055245,2891.3678050736203,0.9090909090909092,11,2.0,1.7,9.916666666666666
LC_dv21_Tlc2p0_TTC02_CP3_S5p667_E15p667.mp4,CP3,4657.240742087759,76.41178334471078,4580.828958743048,0.85,10,2.0,1.4,8.166666666666666
LC_dv21_Tlc2p0_TTC02_CP4_S5p967_E15p967.mp4,CP4,1934.8741669887768,27.70073859987474,1907.173428388902,0.9090909090909092,11,2.0,1.1,6.416666666666667
LC_dv21_Tlc2p0_TTC02_CP5_S6p267_E16p267.mp4,CP5,12620.251091446231,83.42282606711888,12536.828265379112,0.85,10,2.0,0.8,4.666666666666667
LC_dv21_Tlc2p0_TTC03_CP1_S5p067_E15p067.mp4,CP1,2803.8283044069613,94.56317567392125,2709.26512873304,0.0,21,3.0,3.0,17.5
LC_dv21_Tlc2p0_TTC03_CP2_S5p367_E15p367.mp4,CP2,4685.5945843198915,106.29996423147986,4579.294620088412,0.6818181818181818,11,3.0,2.7,15.75
LC_dv21_Tlc2p0_TTC03_CP3_S5p667_E15p667.mp4,CP3,64065.95070077855,165.65660922878305,63900.29409154977,0.4,10,3.0,2.4,13.999999999999998
LC_dv21_Tlc2p0_TTC03_CP4_S5p967_E15p967.mp4,CP4,1934.7230470159666,36.50382271815215,1898.2192242978144,0.7727272727272727,11,3.0,2.1,12.25
LC_dv21_Tlc2p0_TTC03_CP5_S6p267_E16p267.mp4,CP5,225552.74262887117,161.84933152110898,225390.89329735006,0.6,10,3.0,1.8,10.5
LC_dv21_Tlc2p0_TTC04_CP1_S5p067_E15p067.mp4,CP1,8676.217553208646,178.09639106574468,8498.121162142901,0.0,21,4.0,4.0,23.33333333333333
LC_dv21_Tlc2p0_TTC04_CP2_S5p367_E15p367.mp4,CP2,3388.0402999950106,102.17254279088047,3285.86775720413,0.4090909090909091,11,4.0,3.7,21.58333333333333
LC_dv21_Tlc2p0_TTC04_CP3_S5p667_E15p667.mp4,CP3,8255.834929161088,115.41362326930266,8140.421305891786,0.1,10,4.0,3.4,19.83333333333333
LC_dv21_Tlc2p0_TTC04_CP4_S5p967_E15p967.mp4,CP4,4761.5008731329945,93.36807561242222,4668.132797520572,0.5909090909090909,11,4.0,3.1,18.08333333333333
LC_dv21_Tlc2p0_TTC04_CP5_S6p267_E16p267.mp4,CP5,2552.623544967944,72.39183052334647,2480.2317144445974,0.4,10,4.0,2.8,16.333333333333332
LC_dv21_Tlc2p0_TTC05_CP1_S5p067_E15p067.mp4,CP1,6842.4314479167915,113.54497573136086,6728.886472185431,0.0454545454545454,11,5.0,5.0,29.166666666666664
LC_dv21_Tlc2p0_TTC05_CP2_S5p367_E15p367.mp4,CP2,4322.525526173995,96.2548152902973,4226.270710883698,0.4545454545454545,11,5.0,4.7,27.416666666666668
LC_dv21_Tlc2p0_TTC05_CP4_S5p967_E15p967.mp4,CP4,16926.128940030292,168.3305532063423,16757.79838682395,0.4545454545454545,11,5.0,4.1,23.916666666666664
LC_dv21_Tlc2p0_TTC07_CP1_S5p033_E15p033.mp4,CP1,2712.933524732708,112.40934124128489,2600.524183491423,0.0,10,7.0,7.0,40.83333333333333
LC_dv21_Tlc2p0_TTC07_CP3_S5p633_E15p633.mp4,CP3,4171.57475570262,120.48848871351538,4051.0862669891044,0.0,10,7.0,6.4,37.333333333333336
LC_dv21_Tlc2p0_TTC07_CP5_S6p233_E16p233.mp4,CP5,5394.065808568431,118.78045498000756,5275.285353588423,0.05,10,7.0,5.8,33.83333333333333
LC_dv21_Tlc3p0_TTC02_CP1_S5p067_E15p067.mp4,CP1,1943.153921807585,35.34561789779241,1907.8083039097926,0.0208333333333333,24,2.0,2.0,11.666666666666666
LC_dv21_Tlc3p0_TTC02_CP2_S5p367_E15p367.mp4,CP2,2924.257835086321,27.98493352137575,2896.272901564945,0.5,12,2.0,1.7,9.916666666666666
LC_dv21_Tlc3p0_TTC02_CP3_S5p667_E15p667.mp4,CP3,10609.932662230674,103.26194920162197,10506.670713029052,0.75,12,2.0,1.4,8.166666666666666
LC_dv21_Tlc3p0_TTC02_CP4_S5p967_E15p967.mp4,CP4,1934.7230470159648,27.538451801051906,1907.1845952149129,0.875,12,2.0,1.1,6.416666666666667
LC_dv21_Tlc3p0_TTC02_CP5_S6p267_E16p267.mp4,CP5,12167.32456828086,47.103510279617694,12120.221058001242,0.9166666666666666,12,2.0,0.8,4.666666666666667
LC_dv21_Tlc3p0_TTC03_CP1_S5p067_E15p067.mp4,CP1,2742.494641420785,97.87975066475474,2644.61489075603,0.0208333333333333,24,3.0,3.0,17.5
LC_dv21_Tlc3p0_TTC03_CP2_S5p367_E15p367.mp4,CP2,2220.349400255859,89.5983476443455,2130.751052611514,0.3333333333333333,12,3.0,2.7,15.75
LC_dv21_Tlc3p0_TTC03_CP3_S5p667_E15p667.mp4,CP3,10415.184211602433,124.05508279897549,10291.129128803457,0.625,12,3.0,2.4,13.999999999999998
LC_dv21_Tlc3p0_TTC03_CP4_S5p967_E15p967.mp4,CP4,1934.8741669891917,35.25404696300825,1899.6201200261835,0.7083333333333334,12,3.0,2.1,12.25
LC_dv21_Tlc3p0_TTC03_CP5_S6p267_E16p267.mp4,CP5,169905.85920144783,153.98848786426242,169751.87071358357,0.7083333333333334,12,3.0,1.8,10.5
LC_dv21_Tlc3p0_TTC04_CP1_S5p067_E15p067.mp4,CP1,3716.0357589985997,110.76585909822643,3605.2698999003733,0.0208333333333333,24,4.0,4.0,23.33333333333333
LC_dv21_Tlc3p0_TTC04_CP2_S5p367_E15p367.mp4,CP2,2414.776246130334,84.32750184646193,2330.448744283872,0.2916666666666667,12,4.0,3.7,21.58333333333333
LC_dv21_Tlc3p0_TTC04_CP3_S5p667_E15p667.mp4,CP3,26923.982107009015,178.61859699567867,26745.363510013336,0.25,12,4.0,3.4,19.83333333333333
LC_dv21_Tlc3p0_TTC04_CP4_S5p967_E15p967.mp4,CP4,8456.119161655579,31.516132873048264,8424.60302878253,0.4583333333333333,12,4.0,3.1,18.08333333333333
LC_dv21_Tlc3p0_TTC04_CP5_S6p267_E16p267.mp4,CP5,2856.835357290724,71.6656453669566,2785.1697119237674,0.5833333333333334,12,4.0,2.8,16.333333333333332
LC_dv21_Tlc3p0_TTC05_CP1_S5p067_E15p067.mp4,CP1,4538.394404727495,112.39381621285429,4426.000588514641,0.0833333333333333,12,5.0,5.0,29.166666666666664
LC_dv21_Tlc3p0_TTC05_CP3_S5p667_E15p667.mp4,CP3,246126.41274176197,141.76489924581256,245984.64784251616,0.25,12,5.0,4.4,25.666666666666668
LC_dv21_Tlc3p0_TTC05_CP5_S6p267_E16p267.mp4,CP5,4658.502842195631,200.4138203038765,4458.089021891755,0.2916666666666667,12,5.0,3.8,22.166666666666664
LC_dv21_Tlc3p0_TTC06_CP1_S5p067_E15p067.mp4,CP1,65997.28138692986,120.56744579510996,65876.71394113475,0.0,12,6.0,6.0,35.0
LC_dv21_Tlc3p0_TTC06_CP2_S5p367_E15p367.mp4,CP2,4219.751117711731,105.39057504886614,4114.360542662866,0.1666666666666666,12,6.0,5.7,33.25
LC_dv21_Tlc3p0_TTC06_CP4_S5p967_E15p967.mp4,CP4,5122.664306738322,116.53847298814617,5006.125833750176,0.0416666666666666,12,6.0,5.1,29.75
LC_dv21_Tlc4p0_TTC02_CP1_S5p067_E15p067.mp4,CP1,1943.0651162971053,35.371027004482585,1907.6940892926227,0.02,25,2.0,2.0,11.666666666666666
LC_dv21_Tlc4p0_TTC02_CP2_S5p367_E15p367.mp4,CP2,2913.4296818948787,28.070631234094435,2885.3590506607843,0.6153846153846154,13,2.0,1.7,9.916666666666666
LC_dv21_Tlc4p0_TTC02_CP3_S5p667_E15p667.mp4,CP3,3082.9204420697733,86.29488617483821,2996.625555894935,0.9166666666666666,12,2.0,1.4,8.166666666666666
LC_dv21_Tlc4p0_TTC02_CP4_S5p967_E15p967.mp4,CP4,1931.8857154261727,27.421015308631013,1904.4647001175417,0.8846153846153846,13,2.0,1.1,6.416666666666667
LC_dv21_Tlc4p0_TTC02_CP5_S6p267_E16p267.mp4,CP5,14234.314357737576,83.80237428607688,14150.511983451499,0.9166666666666666,12,2.0,0.8,4.666666666666667
LC_dv21_Tlc4p0_TTC03_CP1_S5p067_E15p067.mp4,CP1,2818.0623362089395,93.4304385581263,2724.6318976508132,0.0,25,3.0,3.0,17.5
LC_dv21_Tlc4p0_TTC03_CP2_S5p367_E15p367.mp4,CP2,2887.856560023056,88.52723331727657,2799.3293267057793,0.4230769230769231,13,3.0,2.7,15.75
LC_dv21_Tlc4p0_TTC03_CP3_S5p667_E15p667.mp4,CP3,1934.7230470164363,64.93459143549103,1869.7884555809453,0.5833333333333334,12,3.0,2.4,13.999999999999998
LC_dv21_Tlc4p0_TTC03_CP4_S5p967_E15p967.mp4,CP4,1934.8741669887768,34.876729148020104,1899.9974378407567,0.6538461538461539,13,3.0,2.1,12.25
LC_dv21_Tlc4p0_TTC03_CP5_S6p267_E16p267.mp4,CP5,2414.026973845086,58.62577035739514,2355.401203487691,0.8333333333333334,12,3.0,1.8,10.5
LC_dv21_Tlc4p0_TTC04_CP1_S5p067_E15p067.mp4,CP1,8597.646722260617,177.56062079368894,8420.086101466928,0.0,25,4.0,4.0,23.33333333333333
LC_dv21_Tlc4p0_TTC04_CP2_S5p367_E15p367.mp4,CP2,2413.394687773339,73.39037281816218,2340.0043149551766,0.2307692307692307,13,4.0,3.7,21.58333333333333
LC_dv21_Tlc4p0_TTC04_CP3_S5p667_E15p667.mp4,CP3,8742.063456332722,109.65554923030686,8632.407907102415,0.3333333333333333,12,4.0,3.4,19.83333333333333
LC_dv21_Tlc4p0_TTC04_CP4_S5p967_E15p967.mp4,CP4,8569.10307573725,32.01813699020386,8537.084938747046,0.5,13,4.0,3.1,18.08333333333333
LC_dv21_Tlc4p0_TTC04_CP5_S6p267_E16p267.mp4,CP5,9770.721354491843,41.95252650516704,9728.768827986676,0.625,12,4.0,2.8,16.333333333333332
LC_dv21_Tlc4p0_TTC06_CP1_S5p067_E15p067.mp4,CP1,66007.22324660892,120.50896332114644,65886.71428328777,0.0,12,6.0,6.0,35.0
LC_dv21_Tlc4p0_TTC06_CP3_S5p667_E15p667.mp4,CP3,2604.677260139803,99.03588481781298,2505.64137532199,0.125,12,6.0,5.4,31.5
LC_dv21_Tlc4p0_TTC06_CP5_S6p267_E16p267.mp4,CP5,5577.588928656184,99.93850030408339,5477.650428352101,0.3333333333333333,12,6.0,4.8,28.0
LC_dv21_Tlc4p0_TTC07_CP1_S5p033_E15p033.mp4,CP1,2710.7791535967867,120.31798555043997,2590.4611680463468,0.0384615384615384,13,7.0,7.0,40.83333333333333
LC_dv21_Tlc4p0_TTC07_CP2_S5p333_E15p333.mp4,CP2,365807.85311248206,117.99698846414685,365689.8561240179,0.0769230769230769,13,7.0,6.7,39.083333333333336
LC_dv21_Tlc4p0_TTC07_CP4_S5p933_E15p933.mp4,CP4,3944.946945453446,113.8521448626434,3831.0948005908026,0.2307692307692307,13,7.0,6.1,35.58333333333333
LC_dv28_Tlc2p0_TTC02_CP1_S5p067_E15p067.mp4,CP1,2924.555412072624,41.449851020705864,2883.1055610519184,0.0576923076923076,26,2.0,2.0,15.555555555555555
LC_dv28_Tlc2p0_TTC02_CP2_S5p367_E15p367.mp4,CP2,7498.6931170478765,88.59454173823906,7410.098575309637,0.7307692307692307,13,2.0,1.7,13.22222222222222
LC_dv28_Tlc2p0_TTC02_CP3_S5p667_E15p667.mp4,CP3,148163.66011531765,167.19644634629367,147996.46366897135,0.9230769230769232,13,2.0,1.4,10.888888888888888
LC_dv28_Tlc2p0_TTC02_CP4_S5p967_E15p967.mp4,CP4,2414.328338642976,25.440501248813234,2388.887837394163,0.9615384615384616,13,2.0,1.1,8.555555555555555
LC_dv28_Tlc2p0_TTC02_CP5_S6p267_E16p267.mp4,CP5,18544.241036231826,141.48807666348876,18402.752959568337,0.9615384615384616,13,2.0,0.8,6.222222222222222
LC_dv28_Tlc2p0_TTC03_CP1_S5p067_E15p067.mp4,CP1,3474.9335179231343,100.63543439578098,3374.2980835273534,0.0384615384615384,26,3.0,3.0,23.33333333333333
LC_dv28_Tlc2p0_TTC03_CP2_S5p367_E15p367.mp4,CP2,6727.640909930814,89.52498737211863,6638.115922558695,0.5384615384615384,13,3.0,2.7,21.0
LC_dv28_Tlc2p0_TTC03_CP3_S5p667_E15p667.mp4,CP3,8159.848510427787,111.8376266319483,8048.010883795839,0.5,13,3.0,2.4,18.666666666666664
LC_dv28_Tlc2p0_TTC03_CP4_S5p967_E15p967.mp4,CP4,55404.517756375106,174.16850370877364,55230.34925266633,0.6923076923076923,13,3.0,2.1,16.333333333333332
LC_dv28_Tlc2p0_TTC03_CP5_S6p267_E16p267.mp4,CP5,2446.747400779456,68.49947731889324,2378.2479234605626,0.6538461538461539,13,3.0,1.8,14.0
LC_dv28_Tlc2p0_TTC04_CP1_S5p067_E15p067.mp4,CP1,6248.431162951041,101.21631273670755,6147.214850214334,0.0769230769230769,26,4.0,4.0,31.11111111111111
LC_dv28_Tlc2p0_TTC04_CP2_S5p367_E15p367.mp4,CP2,5287.123284696728,77.53395321325024,5209.5893314834775,0.3846153846153846,13,4.0,3.7,28.77777777777778
LC_dv28_Tlc2p0_TTC04_CP3_S5p667_E15p667.mp4,CP3,8443.807362973093,132.2690244527803,8311.538338520313,0.2692307692307692,13,4.0,3.4,26.444444444444443
LC_dv28_Tlc2p0_TTC04_CP4_S5p967_E15p967.mp4,CP4,3274.799710176949,67.00399872256321,3207.7957114543856,0.4615384615384615,13,4.0,3.1,24.11111111111111
LC_dv28_Tlc2p0_TTC04_CP5_S6p267_E16p267.mp4,CP5,28695.503005582308,178.6739213334804,28516.829084248828,0.3846153846153846,13,4.0,2.8,21.77777777777777
LC_dv28_Tlc2p0_TTC05_CP1_S5p067_E15p067.mp4,CP1,5234.403434184019,115.49949021246812,5118.903943971551,0.0,13,5.0,5.0,38.888888888888886
LC_dv28_Tlc2p0_TTC05_CP3_S5p667_E15p667.mp4,CP3,6328.63222904618,101.29540569457458,6227.336823351606,0.2692307692307692,13,5.0,4.4,34.22222222222222
LC_dv28_Tlc2p0_TTC05_CP5_S6p267_E16p267.mp4,CP5,45705.53904510707,134.18542397937563,45571.353621127695,0.1538461538461538,13,5.0,3.8,29.55555555555556
LC_dv28_Tlc2p0_TTC06_CP1_S5p033_E15p033.mp4,CP1,2670.094896151052,120.78643943229326,2549.308456718759,0.0769230769230769,13,6.0,6.0,46.66666666666666
LC_dv28_Tlc2p0_TTC06_CP2_S5p333_E15p333.mp4,CP2,5473.478014530463,145.15106516598553,5328.3269493644775,0.2307692307692307,13,6.0,5.7,44.333333333333336
LC_dv28_Tlc2p0_TTC06_CP4_S5p933_E15p933.mp4,CP4,3682.948938675422,84.9825119558036,3597.9664267196185,0.3846153846153846,13,6.0,5.1,39.66666666666666
LC_dv28_Tlc3p0_TTC02_CP1_S5p033_E15p033.mp4,CP1,2414.3283386425646,69.04996700042602,2345.2783716421386,0.0416666666666666,24,2.0,2.0,15.555555555555555
LC_dv28_Tlc3p0_TTC02_CP2_S5p333_E15p333.mp4,CP2,8226.08513662342,47.87340281874458,8178.2117338046755,0.5416666666666666,12,2.0,1.7,13.22222222222222
LC_dv28_Tlc3p0_TTC02_CP3_S5p633_E15p633.mp4,CP3,59835.38924112429,162.80530677875504,59672.58393434554,0.7916666666666666,12,2.0,1.4,10.888888888888888
LC_dv28_Tlc3p0_TTC02_CP4_S5p933_E15p933.mp4,CP4,2414.3283386425646,25.37708298603775,2388.951255656527,0.9166666666666666,12,2.0,1.1,8.555555555555555
LC_dv28_Tlc3p0_TTC02_CP5_S6p233_E16p233.mp4,CP5,4895.027089101227,27.770668159543675,4867.256420941683,1.0,12,2.0,0.8,6.222222222222222
LC_dv28_Tlc3p0_TTC03_CP1_S5p067_E15p067.mp4,CP1,3471.287410455537,99.15955958171253,3372.1278508738246,0.0,24,3.0,3.0,23.33333333333333
LC_dv28_Tlc3p0_TTC03_CP2_S5p367_E15p367.mp4,CP2,8907.719846383428,120.46143348619444,8787.258412897234,0.4166666666666667,12,3.0,2.7,21.0
LC_dv28_Tlc3p0_TTC03_CP3_S5p667_E15p667.mp4,CP3,77933.82552325194,159.98932405683445,77773.83619919511,0.6666666666666666,12,3.0,2.4,18.666666666666664
LC_dv28_Tlc3p0_TTC03_CP4_S5p967_E15p967.mp4,CP4,10897.51957539186,28.37485432368885,10869.14472106817,0.8333333333333334,12,3.0,2.1,16.333333333333332
LC_dv28_Tlc3p0_TTC03_CP5_S6p267_E16p267.mp4,CP5,2570.9028786759222,70.57585383377636,2500.327024842146,0.8333333333333334,12,3.0,1.8,14.0
LC_dv28_Tlc3p0_TTC04_CP1_S5p067_E15p067.mp4,CP1,5310.367364117219,118.3005139912284,5192.066850125991,0.0208333333333333,24,4.0,4.0,31.11111111111111
LC_dv28_Tlc3p0_TTC04_CP2_S5p367_E15p367.mp4,CP2,6308.889498910379,78.09501166437076,6230.794487246008,0.2083333333333333,12,4.0,3.7,28.77777777777778
LC_dv28_Tlc3p0_TTC04_CP3_S5p667_E15p667.mp4,CP3,2990.734783078742,94.72981008514171,2896.0049729936004,0.4166666666666667,12,4.0,3.4,26.444444444444443
LC_dv28_Tlc3p0_TTC04_CP4_S5p967_E15p967.mp4,CP4,8822.867626280731,78.02246040907812,8744.845165871653,0.4583333333333333,12,4.0,3.1,24.11111111111111
LC_dv28_Tlc3p0_TTC04_CP5_S6p267_E16p267.mp4,CP5,12423.445878521015,194.1113053655663,12229.33457315545,0.6666666666666666,12,4.0,2.8,21.77777777777777
LC_dv28_Tlc3p0_TTC06_CP1_S5p033_E15p033.mp4,CP1,2671.841514735791,120.38343771851669,2551.4580770172743,0.0,12,6.0,6.0,46.66666666666666
LC_dv28_Tlc3p0_TTC06_CP3_S5p633_E15p633.mp4,CP3,5407.600590159637,112.08283775504788,5295.517752404589,0.0833333333333333,12,6.0,5.4,42.0
LC_dv28_Tlc3p0_TTC06_CP5_S6p233_E16p233.mp4,CP5,6140.571894357161,137.2811210701011,6003.29077328706,0.2083333333333333,12,6.0,4.8,37.33333333333333
LC_dv28_Tlc3p0_TTC07_CP1_S5p067_E15p067.mp4,CP1,3561.9479372250635,126.07019073691072,3435.8777464881528,0.0416666666666666,12,7.0,7.0,54.44444444444444
LC_dv28_Tlc3p0_TTC07_CP2_S5p367_E15p367.mp4,CP2,20013.906224326056,153.09363858937286,19860.812585736683,0.0,12,7.0,6.7,52.11111111111112
LC_dv28_Tlc3p0_TTC07_CP4_S5p967_E15p967.mp4,CP4,121455.71952980588,160.59374225026113,121295.12578755562,0.2083333333333333,12,7.0,6.1,47.44444444444444
LC_dv28_Tlc4p0_TTC02_CP1_S5p067_E15p067.mp4,CP1,2925.2306506110926,41.43329104130635,2883.7973595697863,0.0,24,2.0,2.0,15.555555555555555
LC_dv28_Tlc4p0_TTC02_CP2_S5p367_E15p367.mp4,CP2,5458.148316741798,95.70378477865052,5362.444531963148,0.6666666666666666,12,2.0,1.7,13.22222222222222
LC_dv28_Tlc4p0_TTC02_CP3_S5p667_E15p667.mp4,CP3,2546.5415442774374,56.46092286584144,2490.080621411596,0.7916666666666666,12,2.0,1.4,10.888888888888888
LC_dv28_Tlc4p0_TTC02_CP4_S5p967_E15p967.mp4,CP4,2415.1217687172016,25.35493790601322,2389.7668308111884,0.9166666666666666,12,2.0,1.1,8.555555555555555
LC_dv28_Tlc4p0_TTC02_CP5_S6p267_E16p267.mp4,CP5,65915.24333610506,140.1157708178216,65775.12756528724,0.9166666666666666,12,2.0,0.8,6.222222222222222
LC_dv28_Tlc4p0_TTC03_CP1_S5p033_E15p033.mp4,CP1,8925.599929728764,130.27468026528913,8795.325249463474,0.0,24,3.0,3.0,23.33333333333333
LC_dv28_Tlc4p0_TTC03_CP2_S5p333_E15p333.mp4,CP2,10799.410953635608,163.53360027124654,10635.877353364362,0.375,12,3.0,2.7,21.0
LC_dv28_Tlc4p0_TTC03_CP3_S5p633_E15p633.mp4,CP3,9577.630185008602,109.31029823625431,9468.319886772348,0.5,12,3.0,2.4,18.666666666666664
LC_dv28_Tlc4p0_TTC03_CP4_S5p933_E15p933.mp4,CP4,11091.483968873254,28.772829262921732,11062.711139610332,0.6666666666666666,12,3.0,2.1,16.333333333333332
LC_dv28_Tlc4p0_TTC03_CP5_S6p233_E16p233.mp4,CP5,2415.1217687167964,45.13463612146052,2369.987132595336,0.7916666666666666,12,3.0,1.8,14.0
LC_dv28_Tlc4p0_TTC04_CP1_S5p067_E15p067.mp4,CP1,6254.557069687576,101.19869178219142,6153.358377905384,0.0,24,4.0,4.0,31.11111111111111
LC_dv28_Tlc4p0_TTC04_CP2_S5p367_E15p367.mp4,CP2,6324.511211830181,103.17550427900733,6221.335707551174,0.2916666666666667,12,4.0,3.7,28.77777777777778
LC_dv28_Tlc4p0_TTC04_CP3_S5p667_E15p667.mp4,CP3,12432.862658572789,99.90075292982328,12332.961905642966,0.4583333333333333,12,4.0,3.4,26.444444444444443
LC_dv28_Tlc4p0_TTC04_CP4_S5p967_E15p967.mp4,CP4,8768.647880930523,125.54640813458172,8643.101472795941,0.4583333333333333,12,4.0,3.1,24.11111111111111
LC_dv28_Tlc4p0_TTC04_CP5_S6p267_E16p267.mp4,CP5,8761.812692458157,181.14370948083706,8580.66898297732,0.625,12,4.0,2.8,21.77777777777777
LC_dv28_Tlc4p0_TTC05_CP1_S5p067_E15p067.mp4,CP1,4351.261207418706,115.18446179901275,4236.076745619694,0.0,12,5.0,5.0,38.888888888888886
LC_dv28_Tlc4p0_TTC05_CP2_S5p367_E15p367.mp4,CP2,5283.55556349503,113.03330386792277,5170.522259627107,0.25,12,5.0,4.7,36.55555555555556
LC_dv28_Tlc4p0_TTC05_CP4_S5p967_E15p967.mp4,CP4,4876.336881690158,101.34742209617707,4774.989459593981,0.375,12,5.0,4.1,31.88888888888889
LC_dv28_Tlc4p0_TTC07_CP1_S5p067_E15p067.mp4,CP1,3652.7354721451634,126.53976243468651,3526.195709710477,0.0416666666666666,12,7.0,7.0,54.44444444444444
LC_dv28_Tlc4p0_TTC07_CP3_S5p667_E15p667.mp4,CP3,3874.973264845874,120.49246988960522,3754.4807949562687,0.0833333333333333,12,7.0,6.4,49.77777777777778
LC_dv28_Tlc4p0_TTC07_CP5_S6p267_E16p267.mp4,CP5,3145.741775775132,128.88256913707028,3016.8592066380616,0.25,12,7.0,5.8,45.11111111111111
LC_dv35_Tlc2p0_TTC02_CP1_S5p033_E15p033.mp4,CP1,2415.8394977904986,62.952318623384144,2352.8871791671145,0.0,21,2.0,2.0,19.444444444444443
LC_dv35_Tlc2p0_TTC02_CP2_S5p333_E15p333.mp4,CP2,2420.37149167656,82.79070549105836,2337.5807861855014,0.6363636363636364,11,2.0,1.7,16.527777777777775
LC_dv35_Tlc2p0_TTC02_CP3_S5p633_E15p633.mp4,CP3,7341.714520407745,85.0304096360187,7256.684110771726,0.8,10,2.0,1.4,13.611111111111107
LC_dv35_Tlc2p0_TTC02_CP4_S5p933_E15p933.mp4,CP4,2415.9393945390457,28.569921483174767,2387.369473055871,0.8636363636363636,11,2.0,1.1,10.694444444444445
LC_dv35_Tlc2p0_TTC02_CP5_S6p233_E16p233.mp4,CP5,8928.376910916233,27.28880531078721,8901.088105605446,0.9,10,2.0,0.8,7.777777777777778
LC_dv35_Tlc2p0_TTC03_CP1_S5p067_E15p067.mp4,CP1,8572.136357719477,105.46436546391487,8466.671992255562,0.0238095238095238,21,3.0,3.0,29.166666666666664
LC_dv35_Tlc2p0_TTC03_CP2_S5p367_E15p367.mp4,CP2,7010.032592290681,68.67282275871275,6941.359769531969,0.6363636363636364,11,3.0,2.7,26.25
LC_dv35_Tlc2p0_TTC03_CP3_S5p667_E15p667.mp4,CP3,7383.691096377933,115.32935467961943,7268.361741698313,0.3,10,3.0,2.4,23.33333333333333
LC_dv35_Tlc2p0_TTC03_CP4_S5p967_E15p967.mp4,CP4,10192.655004185885,59.223626119697656,10133.431378066187,0.6363636363636364,11,3.0,2.1,20.416666666666664
LC_dv35_Tlc2p0_TTC03_CP5_S6p267_E16p267.mp4,CP5,21783.87389028346,127.77014596684603,21656.103744316613,0.75,10,3.0,1.8,17.5
LC_dv35_Tlc2p0_TTC04_CP1_S5p067_E15p067.mp4,CP1,17402.389674654125,116.42060599421893,17285.969068659906,0.0,21,4.0,4.0,38.888888888888886
LC_dv35_Tlc2p0_TTC04_CP2_S5p367_E15p367.mp4,CP2,7644.55763361322,88.57070578279763,7555.986927830422,0.2272727272727272,11,4.0,3.7,35.97222222222222
LC_dv35_Tlc2p0_TTC04_CP3_S5p667_E15p667.mp4,CP3,7507.874161799524,99.84045302142476,7408.033708778099,0.2,10,4.0,3.4,33.05555555555555
LC_dv35_Tlc2p0_TTC04_CP4_S5p967_E15p967.mp4,CP4,173343.74090218655,147.902143129264,173195.83875905728,0.5454545454545454,11,4.0,3.1,30.13888888888889
LC_dv35_Tlc2p0_TTC04_CP5_S6p267_E16p267.mp4,CP5,9769.347665870668,199.57773800052382,9569.769927870144,0.2,10,4.0,2.8,27.22222222222221
LC_dv35_Tlc2p0_TTC05_CP1_S5p033_E15p033.mp4,CP1,3551.1233969795835,102.34920281745872,3448.774194162125,0.0454545454545454,11,5.0,5.0,48.61111111111111
LC_dv35_Tlc2p0_TTC05_CP2_S5p333_E15p333.mp4,CP2,5196.256580977486,101.06741346005947,5095.1891675174265,0.3181818181818182,11,5.0,4.7,45.69444444444444
LC_dv35_Tlc2p0_TTC05_CP4_S5p933_E15p933.mp4,CP4,7013.578765315741,89.89264392630321,6923.686121389438,0.4545454545454545,11,5.0,4.1,39.86111111111111
LC_dv35_Tlc2p0_TTC07_CP1_S5p067_E15p067.mp4,CP1,3213.8414132665494,117.459899648798,3096.3815136177514,0.0,10,7.0,7.0,68.05555555555554
LC_dv35_Tlc2p0_TTC07_CP3_S5p667_E15p667.mp4,CP3,86542.3346092285,127.38523670226277,86414.94937252624,0.0,10,7.0,6.4,62.22222222222222
LC_dv35_Tlc2p0_TTC07_CP5_S6p267_E16p267.mp4,CP5,4647.528357855711,111.01820894320554,4536.510148912505,0.0,10,7.0,5.8,56.388888888888886
LC_dv35_Tlc3p0_TTC02_CP1_S5p067_E15p067.mp4,CP1,2423.7532821145355,85.48105951106209,2338.2722226034734,0.0,24,2.0,2.0,19.444444444444443
LC_dv35_Tlc3p0_TTC02_CP2_S5p367_E15p367.mp4,CP2,2416.106142062854,58.72506765280332,2357.3810744100506,0.7083333333333334,12,2.0,1.7,16.527777777777775
LC_dv35_Tlc3p0_TTC02_CP3_S5p667_E15p667.mp4,CP3,12911.51830417081,109.01920524181878,12802.49909892899,0.7083333333333334,12,2.0,1.4,13.611111111111107
LC_dv35_Tlc3p0_TTC02_CP4_S5p967_E15p967.mp4,CP4,2416.874173596703,28.424335592440002,2388.449838004263,0.9166666666666666,12,2.0,1.1,10.694444444444445
LC_dv35_Tlc3p0_TTC02_CP5_S6p267_E16p267.mp4,CP5,3431.6779372737765,71.09969928985538,3360.578237983921,0.8333333333333334,12,2.0,0.8,7.777777777777778
LC_dv35_Tlc3p0_TTC03_CP1_S5p033_E15p033.mp4,CP1,11209.340652887486,78.09638559740233,11131.244267290083,0.0,24,3.0,3.0,29.166666666666664
LC_dv35_Tlc3p0_TTC03_CP2_S5p333_E15p333.mp4,CP2,4506.692831741957,86.80548032223214,4419.887351419725,0.1666666666666666,12,3.0,2.7,26.25
LC_dv35_Tlc3p0_TTC03_CP3_S5p633_E15p633.mp4,CP3,19556.946401032532,165.38584059547065,19391.56056043706,0.375,12,3.0,2.4,23.33333333333333
LC_dv35_Tlc3p0_TTC03_CP4_S5p933_E15p933.mp4,CP4,9006.98742402832,129.50834347903583,8877.479080549285,0.5416666666666666,12,3.0,2.1,20.416666666666664
LC_dv35_Tlc3p0_TTC03_CP5_S6p233_E16p233.mp4,CP5,48326.99687694003,188.60697598766274,48138.38990095237,0.6666666666666666,12,3.0,1.8,17.5
LC_dv35_Tlc3p0_TTC04_CP1_S5p067_E15p067.mp4,CP1,7691.729521993709,113.09654187206343,7578.632980121645,0.0208333333333333,24,4.0,4.0,38.888888888888886
LC_dv35_Tlc3p0_TTC04_CP2_S5p367_E15p367.mp4,CP2,7791.562699033704,101.46527365914972,7690.097425374554,0.2083333333333333,12,4.0,3.7,35.97222222222222
LC_dv35_Tlc3p0_TTC04_CP3_S5p667_E15p667.mp4,CP3,7718.843170814159,110.53034887282229,7608.312821941337,0.3333333333333333,12,4.0,3.4,33.05555555555555
LC_dv35_Tlc3p0_TTC04_CP4_S5p967_E15p967.mp4,CP4,6814.874011657736,123.24686008932076,6691.627151568416,0.3333333333333333,12,4.0,3.1,30.13888888888889
LC_dv35_Tlc3p0_TTC04_CP5_S6p267_E16p267.mp4,CP5,9799.023584510058,96.59757583250575,9702.426008677552,0.4166666666666667,12,4.0,2.8,27.22222222222221
LC_dv35_Tlc3p0_TTC05_CP1_S5p067_E15p067.mp4,CP1,6567.502909542707,120.97012543550682,6446.5327841072,0.0416666666666666,12,5.0,5.0,48.61111111111111
LC_dv35_Tlc3p0_TTC05_CP3_S5p667_E15p667.mp4,CP3,7788.059024625247,104.68079499352734,7683.3782296317195,0.2083333333333333,12,5.0,4.4,42.77777777777778
LC_dv35_Tlc3p0_TTC05_CP5_S6p267_E16p267.mp4,CP5,5690.749643186819,119.90326866131272,5570.846374525507,0.2916666666666667,12,5.0,3.8,36.94444444444444
LC_dv35_Tlc3p0_TTC06_CP1_S5p067_E15p067.mp4,CP1,18892.074957907927,138.7226098297906,18753.352348078137,0.0416666666666666,12,6.0,6.0,58.33333333333333
LC_dv35_Tlc3p0_TTC06_CP2_S5p367_E15p367.mp4,CP2,3927.038349975562,128.4571940949104,3798.5811558806517,0.0,12,6.0,5.7,55.41666666666666
LC_dv35_Tlc3p0_TTC06_CP4_S5p967_E15p967.mp4,CP4,5852.534174181153,116.22405437723683,5736.310119803916,0.0833333333333333,12,6.0,5.1,49.58333333333333
LC_dv35_Tlc4p0_TTC02_CP1_S5p067_E15p067.mp4,CP1,2422.9934484374803,85.57311526990406,2337.4203331675762,0.02,25,2.0,2.0,19.444444444444443
LC_dv35_Tlc4p0_TTC02_CP2_S5p367_E15p367.mp4,CP2,2415.9393945390498,55.082618267461385,2360.8567762715884,0.4615384615384615,13,2.0,1.7,16.527777777777775
LC_dv35_Tlc4p0_TTC02_CP3_S5p667_E15p667.mp4,CP3,25940.44657225653,151.08964955907868,25789.35692269745,0.8333333333333334,12,2.0,1.4,13.611111111111107
LC_dv35_Tlc4p0_TTC02_CP4_S5p967_E15p967.mp4,CP4,2415.1506475950277,28.315552256606225,2386.8350953384215,0.8076923076923077,13,2.0,1.1,10.694444444444445
LC_dv35_Tlc4p0_TTC02_CP5_S6p267_E16p267.mp4,CP5,7631.8535112443815,68.21186291614595,7563.6416483282355,0.9583333333333334,12,2.0,0.8,7.777777777777778
LC_dv35_Tlc4p0_TTC03_CP1_S5p067_E15p067.mp4,CP1,8677.28166569578,105.48901541272608,8571.792650283054,0.0,25,3.0,3.0,29.166666666666664
LC_dv35_Tlc4p0_TTC03_CP2_S5p367_E15p367.mp4,CP2,8276.546948139616,104.19648748776581,8172.35046065185,0.3846153846153846,13,3.0,2.7,26.25
LC_dv35_Tlc4p0_TTC03_CP3_S5p667_E15p667.mp4,CP3,16660.971174978175,161.74479106390208,16499.226383914272,0.5,12,3.0,2.4,23.33333333333333
LC_dv35_Tlc4p0_TTC03_CP4_S5p967_E15p967.mp4,CP4,9113.139042694756,99.67862967735527,9013.460413017401,0.6538461538461539,13,3.0,2.1,20.416666666666664
LC_dv35_Tlc4p0_TTC03_CP5_S6p267_E16p267.mp4,CP5,32318.189213873084,136.70836617911482,32181.48084769397,0.7916666666666666,12,3.0,1.8,17.5
LC_dv35_Tlc4p0_TTC04_CP1_S5p067_E15p067.mp4,CP1,17265.24120364525,116.23823695574174,17149.00296668951,0.0,25,4.0,4.0,38.888888888888886
LC_dv35_Tlc4p0_TTC04_CP2_S5p367_E15p367.mp4,CP2,7842.568743519182,100.91511164859821,7741.653631870584,0.1538461538461538,13,4.0,3.7,35.97222222222222
LC_dv35_Tlc4p0_TTC04_CP3_S5p667_E15p667.mp4,CP3,8420.71324946172,111.76570008536328,8308.947549376357,0.0833333333333333,12,4.0,3.4,33.05555555555555
LC_dv35_Tlc4p0_TTC04_CP4_S5p967_E15p967.mp4,CP4,5509.696175137109,96.22199810157417,5413.474177035535,0.4230769230769231,13,4.0,3.1,30.13888888888889
LC_dv35_Tlc4p0_TTC04_CP5_S6p267_E16p267.mp4,CP5,7993.542106244357,90.32072247603173,7903.221383768325,0.5,12,4.0,2.8,27.22222222222221
LC_dv35_Tlc4p0_TTC06_CP1_S5p067_E15p067.mp4,CP1,18877.509938802745,138.72832266824844,18738.781616134496,0.0416666666666666,12,6.0,6.0,58.33333333333333
LC_dv35_Tlc4p0_TTC06_CP3_S5p667_E15p667.mp4,CP3,91837.57939877234,144.98731280678476,91692.59208596556,0.0416666666666666,12,6.0,5.4,52.5
LC_dv35_Tlc4p0_TTC06_CP5_S6p267_E16p267.mp4,CP5,8068.403645951209,118.89256819383718,7949.511077757372,0.2083333333333333,12,6.0,4.8,46.66666666666666
LC_dv35_Tlc4p0_TTC07_CP1_S5p067_E15p067.mp4,CP1,16160.176156453355,140.81334694472025,16019.362809508635,0.0,13,7.0,7.0,68.05555555555554
LC_dv35_Tlc4p0_TTC07_CP2_S5p367_E15p367.mp4,CP2,3096.9384757879297,125.50663011668803,2971.4318456712417,0.0,13,7.0,6.7,65.13888888888889
LC_dv35_Tlc4p0_TTC07_CP4_S5p967_E15p967.mp4,CP4,47367.370898494286,151.83699125177372,47215.53390724251,0.1923076923076923,13,7.0,6.1,59.30555555555555
LC_dv42_Tlc2p0_TTC02_CP1_S5p033_E15p033.mp4,CP1,4425.497979040375,67.02879319383828,4358.469185846537,0.0769230769230769,26,2.0,2.0,23.33333333333333
LC_dv42_Tlc2p0_TTC02_CP2_S5p333_E15p333.mp4,CP2,16524.067928714157,108.65477864322929,16415.413150070926,0.6923076923076923,13,2.0,1.7,19.83333333333333
LC_dv42_Tlc2p0_TTC02_CP3_S5p633_E15p633.mp4,CP3,29461.870600490838,115.0069934963467,29346.86360699449,0.6923076923076923,13,2.0,1.4,16.333333333333332
LC_dv42_Tlc2p0_TTC02_CP4_S5p933_E15p933.mp4,CP4,23569.01067292944,77.61867491690646,23491.391998012532,0.8846153846153846,13,2.0,1.1,12.833333333333334
LC_dv42_Tlc2p0_TTC02_CP5_S6p233_E16p233.mp4,CP5,2416.5641390125165,19.702294612545757,2396.861844399971,0.9230769230769232,13,2.0,0.8,9.333333333333334
LC_dv42_Tlc2p0_TTC03_CP1_S5p067_E15p067.mp4,CP1,12258.16096627194,103.04729226969903,12155.113674002241,0.0384615384615384,26,3.0,3.0,35.0
LC_dv42_Tlc2p0_TTC03_CP2_S5p367_E15p367.mp4,CP2,7926.225596817835,67.30372422686105,7858.921872590974,0.5384615384615384,13,3.0,2.7,31.5
LC_dv42_Tlc2p0_TTC03_CP3_S5p667_E15p667.mp4,CP3,14018.643385559435,133.92709784091494,13884.71628771852,0.2692307692307692,13,3.0,2.4,28.0
LC_dv42_Tlc2p0_TTC03_CP4_S5p967_E15p967.mp4,CP4,9459.96670808112,95.85959768523207,9364.107110395888,0.6153846153846154,13,3.0,2.1,24.5
LC_dv42_Tlc2p0_TTC03_CP5_S6p267_E16p267.mp4,CP5,53895.51232464201,165.97486895203474,53729.53745568998,0.5,13,3.0,1.8,21.0
LC_dv42_Tlc2p0_TTC04_CP1_S5p067_E15p067.mp4,CP1,8303.457126759244,116.40341229942169,8187.053714459822,0.0192307692307692,26,4.0,4.0,46.66666666666666
LC_dv42_Tlc2p0_TTC04_CP2_S5p367_E15p367.mp4,CP2,11208.887630010064,114.46253235062431,11094.42509765944,0.3461538461538461,13,4.0,3.7,43.16666666666666
LC_dv42_Tlc2p0_TTC04_CP3_S5p667_E15p667.mp4,CP3,5175.531848984609,81.33718004870752,5094.194668935901,0.2692307692307692,13,4.0,3.4,39.66666666666666
LC_dv42_Tlc2p0_TTC04_CP4_S5p967_E15p967.mp4,CP4,12555.291619179105,106.7712663559214,12448.520352823183,0.4615384615384615,13,4.0,3.1,36.16666666666666
LC_dv42_Tlc2p0_TTC04_CP5_S6p267_E16p267.mp4,CP5,9627.779105627904,113.48123254605707,9514.297873081847,0.3076923076923077,13,4.0,2.8,32.666666666666664
LC_dv42_Tlc2p0_TTC05_CP1_S5p067_E15p067.mp4,CP1,50185.54955664989,137.16457394892495,50048.38498270096,0.0,13,5.0,5.0,58.33333333333333
LC_dv42_Tlc2p0_TTC05_CP3_S5p667_E15p667.mp4,CP3,11555.949248690358,95.51143304634934,11460.437815644009,0.0769230769230769,13,5.0,4.4,51.333333333333336
LC_dv42_Tlc2p0_TTC05_CP5_S6p267_E16p267.mp4,CP5,205384.6894926551,125.32935940276366,205259.36013325234,0.2692307692307692,13,5.0,3.8,44.33333333333333
LC_dv42_Tlc2p0_TTC06_CP1_S5p067_E15p067.mp4,CP1,21054.810940412088,136.88352415203917,20917.92741626005,0.0769230769230769,13,6.0,6.0,70.0
LC_dv42_Tlc2p0_TTC06_CP2_S5p367_E15p367.mp4,CP2,4553.764846041445,108.0702008663502,4445.694645175095,0.1923076923076923,13,6.0,5.7,66.5
LC_dv42_Tlc2p0_TTC06_CP4_S5p967_E15p967.mp4,CP4,388477.05057406746,97.44113078346709,388379.609443284,0.3461538461538461,13,6.0,5.1,59.49999999999999
LC_dv42_Tlc3p0_TTC02_CP1_S5p067_E15p067.mp4,CP1,10703.846924446027,97.98433177274819,10605.862592673278,0.0,24,2.0,2.0,23.33333333333333
LC_dv42_Tlc3p0_TTC02_CP2_S5p367_E15p367.mp4,CP2,11326.930925553372,86.2135094630521,11240.71741609032,0.4583333333333333,12,2.0,1.7,19.83333333333333
LC_dv42_Tlc3p0_TTC02_CP3_S5p667_E15p667.mp4,CP3,12445.830944059082,106.28868088897434,12339.542263170108,0.7916666666666666,12,2.0,1.4,16.333333333333332
LC_dv42_Tlc3p0_TTC02_CP4_S5p967_E15p967.mp4,CP4,3135.114870965382,26.178374997745323,3108.936495967637,0.875,12,2.0,1.1,12.833333333333334
LC_dv42_Tlc3p0_TTC02_CP5_S6p267_E16p267.mp4,CP5,298203.73658923473,132.1826328401221,298071.5539563946,1.0,12,2.0,0.8,9.333333333333334
LC_dv42_Tlc3p0_TTC03_CP1_S5p067_E15p067.mp4,CP1,12215.750107529979,103.18499745973168,12112.565110070247,0.0208333333333333,24,3.0,3.0,35.0
LC_dv42_Tlc3p0_TTC03_CP2_S5p367_E15p367.mp4,CP2,9720.025165953877,86.85782334230316,9633.167342611574,0.2083333333333333,12,3.0,2.7,31.5
LC_dv42_Tlc3p0_TTC03_CP3_S5p667_E15p667.mp4,CP3,7679.433038409245,113.92376059300022,7565.509277816244,0.4583333333333333,12,3.0,2.4,28.0
LC_dv42_Tlc3p0_TTC03_CP4_S5p967_E15p967.mp4,CP4,108232.02986464913,116.06270600648713,108115.96715864264,0.7083333333333334,12,3.0,2.1,24.5
LC_dv42_Tlc3p0_TTC03_CP5_S6p267_E16p267.mp4,CP5,3025.318822065836,75.18243566087904,2950.1363864049567,0.75,12,3.0,1.8,21.0
LC_dv42_Tlc3p0_TTC04_CP1_S5p067_E15p067.mp4,CP1,8328.464812194201,116.46081981468615,8212.003992379516,0.0,24,4.0,4.0,46.66666666666666
LC_dv42_Tlc3p0_TTC04_CP2_S5p367_E15p367.mp4,CP2,165435.54099712978,146.8873346117325,165288.65366251805,0.0833333333333333,12,4.0,3.7,43.16666666666666
LC_dv42_Tlc3p0_TTC04_CP3_S5p667_E15p667.mp4,CP3,8784.919378740313,94.11740931471832,8690.801969425595,0.3333333333333333,12,4.0,3.4,39.66666666666666
LC_dv42_Tlc3p0_TTC04_CP4_S5p967_E15p967.mp4,CP4,324426.8278894959,121.86546039034147,324304.96242910554,0.4583333333333333,12,4.0,3.1,36.16666666666666
LC_dv42_Tlc3p0_TTC04_CP5_S6p267_E16p267.mp4,CP5,6757.6342316475375,141.86606004677833,6615.768171600759,0.5,12,4.0,2.8,32.666666666666664
LC_dv42_Tlc3p0_TTC06_CP1_S5p067_E15p067.mp4,CP1,21033.615116676738,136.8824170131229,20896.732699663615,0.0416666666666666,12,6.0,6.0,70.0
LC_dv42_Tlc3p0_TTC06_CP3_S5p667_E15p667.mp4,CP3,8859.293797516164,156.29803634436212,8702.995761171802,0.0,12,6.0,5.4,63.0
LC_dv42_Tlc3p0_TTC06_CP5_S6p267_E16p267.mp4,CP5,211213.38737591085,137.52561093948316,211075.86176497137,0.0416666666666666,12,6.0,4.8,55.99999999999999
LC_dv42_Tlc3p0_TTC07_CP1_S5p033_E15p033.mp4,CP1,2507.922891498179,111.39515505495501,2396.527736443224,0.0416666666666666,12,7.0,7.0,81.66666666666666
LC_dv42_Tlc3p0_TTC07_CP2_S5p333_E15p333.mp4,CP2,3477.433590497474,119.08784239583247,3358.3457481016417,0.0,12,7.0,6.7,78.16666666666667
LC_dv42_Tlc3p0_TTC07_CP4_S5p933_E15p933.mp4,CP4,5039.534096006316,111.04792619059026,4928.486169815726,0.0833333333333333,12,7.0,6.1,71.16666666666666
LC_dv42_Tlc4p0_TTC02_CP1_S5p067_E15p067.mp4,CP1,10462.838221634067,96.38900114258468,10366.449220491482,0.0625,24,2.0,2.0,23.33333333333333
LC_dv42_Tlc4p0_TTC02_CP2_S5p367_E15p367.mp4,CP2,2604.8181309825877,74.4804642669942,2530.3376667155935,0.4583333333333333,12,2.0,1.7,19.83333333333333
LC_dv42_Tlc4p0_TTC02_CP3_S5p667_E15p667.mp4,CP3,31232.65514881916,146.47191133378146,31086.18323748538,0.7916666666666666,12,2.0,1.4,16.333333333333332
LC_dv42_Tlc4p0_TTC02_CP4_S5p967_E15p967.mp4,CP4,2756.6317314711637,26.307849245213674,2730.32388222595,0.9166666666666666,12,2.0,1.1,12.833333333333334
LC_dv42_Tlc4p0_TTC02_CP5_S6p267_E16p267.mp4,CP5,2895.7155646454125,43.521219285542884,2852.1943453598697,0.9583333333333334,12,2.0,0.8,9.333333333333334
LC_dv42_Tlc4p0_TTC03_CP1_S5p067_E15p067.mp4,CP1,12233.908165056439,103.12347883824623,12130.784686218192,0.0,24,3.0,3.0,35.0
LC_dv42_Tlc4p0_TTC03_CP2_S5p367_E15p367.mp4,CP2,10970.460753182195,90.91799788537537,10879.54275529682,0.2916666666666667,12,3.0,2.7,31.5
LC_dv42_Tlc4p0_TTC03_CP3_S5p667_E15p667.mp4,CP3,2417.700363441863,76.00251108111206,2341.697852360751,0.5,12,3.0,2.4,28.0
LC_dv42_Tlc4p0_TTC03_CP4_S5p967_E15p967.mp4,CP4,10184.328594548777,115.05006311273428,10069.278531436043,0.5,12,3.0,2.1,24.5
LC_dv42_Tlc4p0_TTC03_CP5_S6p267_E16p267.mp4,CP5,14696.581310456699,90.32243112837023,14606.258879328328,0.625,12,3.0,1.8,21.0
LC_dv42_Tlc4p0_TTC04_CP1_S5p067_E15p067.mp4,CP1,8317.316236657962,116.34951134939092,8200.966725308572,0.0,24,4.0,4.0,46.66666666666666
LC_dv42_Tlc4p0_TTC04_CP2_S5p367_E15p367.mp4,CP2,174939.02045894868,153.67445323968423,174785.346005709,0.2916666666666667,12,4.0,3.7,43.16666666666666
LC_dv42_Tlc4p0_TTC04_CP3_S5p667_E15p667.mp4,CP3,9191.689687949684,100.13306700207795,9091.556620947606,0.3333333333333333,12,4.0,3.4,39.66666666666666
LC_dv42_Tlc4p0_TTC04_CP4_S5p967_E15p967.mp4,CP4,4555.534039606972,72.07964707338579,4483.4543925335865,0.375,12,4.0,3.1,36.16666666666666
LC_dv42_Tlc4p0_TTC04_CP5_S6p267_E16p267.mp4,CP5,7084.101223400476,118.38437656876431,6965.716846831711,0.5416666666666666,12,4.0,2.8,32.666666666666664
LC_dv42_Tlc4p0_TTC05_CP1_S5p067_E15p067.mp4,CP1,23591.617239728937,134.83471944968915,23456.78252027925,0.0,12,5.0,5.0,58.33333333333333
LC_dv42_Tlc4p0_TTC05_CP2_S5p367_E15p367.mp4,CP2,6193.392728034841,124.14393384320465,6069.248794191636,0.0416666666666666,12,5.0,4.7,54.833333333333336
LC_dv42_Tlc4p0_TTC05_CP4_S5p967_E15p967.mp4,CP4,5461.741705626251,118.39260461326103,5343.34910101299,0.3333333333333333,12,5.0,4.1,47.83333333333333
LC_dv42_Tlc4p0_TTC07_CP1_S5p067_E15p067.mp4,CP1,12587.066572130361,130.24297135653796,12456.823600773823,0.0,12,7.0,7.0,81.66666666666666
LC_dv42_Tlc4p0_TTC07_CP3_S5p667_E15p667.mp4,CP3,3183.445105854332,98.01254471893162,3085.4325611354,0.0,12,7.0,6.4,74.66666666666667
LC_dv42_Tlc4p0_TTC07_CP5_S6p267_E16p267.mp4,CP5,4928.69505506315,103.79036559892756,4824.904689464222,0.2083333333333333,12,7.0,5.8,67.66666666666666
