video,cp,p,n,ttc_start,ttc_true,distance,dv_kph,x_rel,v_ego,v_oth,l0,ldot,gate_g1,demand_P1,demand_P2,demand_released
LC_dv07_Tlc2p0_TTC02_CP1_S5p033_E15p033.mp4,CP1,0.0,21,2.0,2.0,3.888888888888889,7.0,10.222351797381462,26.796,24.991,1.6260000000000001,0.003333333333334447,0.06654594577985293,12.534404122951516,1.0262454124455966,11.71629005514945
LC_dv07_Tlc2p0_TTC02_CP2_S5p333_E15p333.mp4,CP2,0.9545454545454546,11,2.0,1.7,3.305555555555556,7.0,9.660391353928892,26.796,24.977,1.3300000000000007,-0.9866666666666646,0.9638297846821879,12.811849088860646,1.635747125554639,11.958349878882396
LC_dv07_Tlc2p0_TTC02_CP3_S5p633_E15p633.mp4,CP3,0.85,10,2.0,1.4,2.722222222222222,7.0,9.087151187101881,26.796,24.98,0.8720000000000006,-1.6933333333333334,0.9999946125945988,13.073464028211927,3.737784342897329,12.185959724429182
LC_dv07_Tlc2p0_TTC02_CP4_S5p933_E15p933.mp4,CP4,1.0,11,2.0,1.1,2.138888888888889,7.0,8.518697012668875,26.796,24.983,0.39800000000000035,-1.5800000000000007,0.9999971383767287,13.343611142201128,inf,12.420344643191603
LC_dv07_Tlc2p0_TTC02_CP5_S6p233_E16p233.mp4,CP5,0.85,10,2.0,0.8,1.5555555555555556,7.0,7.9441164086994,26.796,24.985,-0.08100000000000063,-1.59666666666667,0.9999998018297924,13.630480939623649,inf,12.668520666196212
LC_dv07_Tlc2p0_TTC03_CP1_S5p033_E15p033.mp4,CP1,0.0238095238095238,21,3.0,3.0,5.833333333333333,7.0,12.175350978152709,26.796,24.991,1.6269999999999996,-2.960594732333751e-15,0.06772784818573346,11.734288806319432,0.46012740263678303,11.014287577660614
LC_dv07_Tlc2p0_TTC03_CP2_S5p333_E15p333.mp4,CP2,0.8181818181818182,11,3.0,2.7,5.25,7.0,11.612392302410687,26.796,24.977,1.3319999999999996,-0.9833333333333332,0.962857051757218,11.977499497555177,0.5582725239092299,11.228295561383247
LC_dv07_Tlc2p0_TTC03_CP3_S5p633_E15p633.mp4,CP3,0.75,10,3.0,2.4,4.666666666666666,7.0,11.044153353885653,26.651,24.98,0.8739999999999994,-1.6933333333333394,0.9999945622056106,12.012842331829413,0.5489722032951274,11.251649081548774
LC_dv07_Tlc2p0_TTC03_CP4_S5p933_E15p933.mp4,CP4,0.9545454545454546,11,3.0,2.1,4.083333333333333,7.0,10.485700065243185,26.793,24.983,0.39999999999999925,-1.5800000000000007,0.9999971108527652,12.430463661619555,0.8874952278793863,11.625257286319918
LC_dv07_Tlc2p0_TTC03_CP5_S6p233_E16p233.mp4,CP5,0.8,10,3.0,1.8,3.5,7.0,9.911114167551263,26.796,24.985,-0.08399999999999985,-1.6133333333333304,0.9999998506317893,12.683291035464315,1.2911126746673471,11.846274922500479
LC_dv07_Tlc2p0_TTC04_CP1_S5p067_E15p067.mp4,CP1,0.0,21,4.0,4.0,7.777777777777778,7.0,13.91617671066981,26.796,24.991,1.6289999999999993,0.0033333333333285253,0.06615554628018201,11.102567464851775,0.30845635153787393,10.455866507576449
LC_dv07_Tlc2p0_TTC04_CP2_S5p367_E15p367.mp4,CP2,0.8636363636363636,11,4.0,3.7,7.194444444444445,7.0,13.345322554693288,26.796,24.977,1.2409999999999994,-1.293333333333333,0.9975699394498705,11.322872490005976,0.3522714806602641,10.6510288201923
LC_dv07_Tlc2p0_TTC04_CP3_S5p667_E15p667.mp4,CP3,0.7,10,4.0,3.4,6.611111111111111,7.0,12.776786058055919,26.651,24.98,0.7850000000000008,-1.6866666666666645,0.9999960649379483,11.34777447615616,0.326517856844029,10.666140884697477
LC_dv07_Tlc2p0_TTC04_CP4_S5p967_E15p967.mp4,CP4,0.8181818181818182,11,4.0,3.1,6.027777777777778,7.0,12.202625664998973,26.796,24.983,0.3050000000000004,-1.6000000000000014,0.999998640030944,11.73660631150995,0.4617014974804862,11.01632938485521
LC_dv07_Tlc2p0_TTC04_CP5_S6p267_E16p267.mp4,CP5,0.85,10,4.0,2.8,5.444444444444444,7.0,11.634319746681347,26.796,24.986,-0.19100000000000006,-1.83333333333333,0.9999999981713319,11.953810493896503,0.5470524655275961,11.207474835066739
LC_dv07_Tlc2p0_TTC05_CP1_S5p067_E15p067.mp4,CP1,0.0,11,5.0,5.0,9.72222222222222,7.0,15.922176944937519,26.796,24.991,1.6300000000000006,2.960594732333751e-15,0.06733209223175622,10.454039659477642,0.22354507270908142,9.878725435649871
LC_dv07_Tlc2p0_TTC05_CP2_S5p367_E15p367.mp4,CP2,0.8181818181818182,11,5.0,4.7,9.13888888888889,7.0,15.350322743340437,26.796,24.959,1.2420000000000007,-1.293333333333333,0.9975622879137458,10.673163622112353,0.25246192123241173,10.074169612773058
LC_dv07_Tlc2p0_TTC05_CP4_S5p967_E15p967.mp4,CP4,0.8636363636363636,11,5.0,4.1,7.972222222222221,7.0,14.208623134058387,26.796,24.983,0.3010000000000008,-1.596666666666664,0.9999985991644639,11.014302393101087,0.2952920922623784,10.377548207672215
LC_dv07_Tlc2p0_TTC07_CP1_S5p067_E15p067.mp4,CP1,0.0,10,7.0,7.0,13.61111111111111,7.0,19.787178062525538,26.796,24.991,1.6330000000000007,0.003333333333334447,0.0656377762174264,9.396514709141524,0.14607124194635487,8.929108015362154
LC_dv07_Tlc2p0_TTC07_CP3_S5p667_E15p667.mp4,CP3,0.4,10,7.0,6.4,12.444444444444445,7.0,18.65778339351546,26.796,24.98,0.7830000000000001,-1.6800000000000015,0.9999957165710589,9.694712269941341,0.16469872900646185,9.197952801234743
LC_dv07_Tlc2p0_TTC07_CP5_S6p267_E16p267.mp4,CP5,0.35,10,7.0,5.8,11.277777777777777,7.0,17.519325770292802,26.796,24.986,-0.18100000000000027,-1.8399999999999987,0.9999999982799959,9.99524997462942,0.1844790969918409,9.468051293457462
LC_dv07_Tlc3p0_TTC02_CP1_S5p067_E15p067.mp4,CP1,0.0625,24,2.0,2.0,3.888888888888889,7.0,10.07217964434306,26.648,24.991,1.6259999999999992,0.0033333333333285253,0.06654594577985537,12.397266320905793,0.8660371743348594,11.588045802701776
LC_dv07_Tlc3p0_TTC02_CP2_S5p367_E15p367.mp4,CP2,0.75,12,2.0,1.7,3.305555555555556,7.0,9.509443544363727,26.796,24.971,1.401999999999999,-0.7466666666666674,0.8406103904737934,12.8927900704217,1.9490023781970318,12.028836161450942
LC_dv07_Tlc3p0_TTC02_CP3_S5p667_E15p667.mp4,CP3,0.9166666666666666,12,2.0,1.4,2.722222222222222,7.0,8.948994856563802,26.796,24.985,1.0950000000000013,-1.1166666666666607,0.9924147461700809,13.129564716666403,5.324311315764806,12.234687862683439
LC_dv07_Tlc3p0_TTC02_CP4_S5p967_E15p967.mp4,CP4,0.875,12,2.0,1.1,2.138888888888889,7.0,8.389977296870208,26.796,24.986,0.7739999999999998,-1.0700000000000052,0.995487571676805,13.401504101118121,inf,12.470488291863981
LC_dv07_Tlc3p0_TTC02_CP5_S6p267_E16p267.mp4,CP5,0.9583333333333334,12,2.0,0.8,1.5555555555555556,7.0,7.824821517329734,26.796,24.987,0.44999999999999996,-1.2033333333333296,0.9995847498906949,13.688149190348193,inf,12.718321495088976
LC_dv07_Tlc3p0_TTC03_CP1_S5p067_E15p067.mp4,CP1,0.0416666666666666,24,3.0,3.0,5.833333333333333,7.0,12.030175832551238,26.796,24.991,1.6270000000000004,2.960594732333751e-15,0.06772784818573098,11.790233837372716,0.47980210167080234,11.063563387168019
LC_dv07_Tlc3p0_TTC03_CP2_S5p367_E15p367.mp4,CP2,0.75,12,3.0,2.7,5.25,7.0,11.471422155232121,26.796,24.984,1.3719999999999997,-0.8500000000000026,0.9099429885674447,12.02235227630414,0.5802145844388199,11.267703433667462
LC_dv07_Tlc3p0_TTC03_CP3_S5p667_E15p667.mp4,CP3,0.875,12,3.0,2.4,4.666666666666666,7.0,10.906971850747812,26.796,24.985,1.0630000000000013,-1.139999999999993,0.9943181824729044,12.252234154694712,0.7236897049090961,11.469389411813477
LC_dv07_Tlc3p0_TTC03_CP4_S5p967_E15p967.mp4,CP4,0.7916666666666666,12,3.0,2.1,4.083333333333333,7.0,10.34795886480871,26.796,24.986,0.7500000000000007,-1.0433333333333354,0.9946836726974788,12.488715961434561,0.959068765501832,11.676361843284479
LC_dv07_Tlc3p0_TTC03_CP5_S6p267_E16p267.mp4,CP5,0.8333333333333334,12,3.0,1.8,3.5,7.0,9.7828044938838,26.796,24.987,0.42899999999999916,-1.1900000000000037,0.9995550961287482,12.737280776016293,1.4305246296455214,11.893360614185756
LC_dv07_Tlc3p0_TTC04_CP1_S5p033_E15p033.mp4,CP1,0.0625,24,4.0,4.0,7.777777777777778,7.0,14.086349907252961,26.796,24.991,1.6280000000000008,2.960594732333751e-15,0.06759573037040441,11.04444439978875,0.2988273597760835,10.404301607854793
LC_dv07_Tlc3p0_TTC04_CP2_S5p333_E15p333.mp4,CP2,0.375,12,4.0,3.7,7.194444444444445,7.0,13.529464507706233,26.651,24.984,1.4300000000000004,-0.6600000000000014,0.7599247756965084,11.075509477606552,0.27609623433455616,10.42525497044701
LC_dv07_Tlc3p0_TTC04_CP3_S5p633_E15p633.mp4,CP3,0.5833333333333334,12,4.0,3.4,6.611111111111111,7.0,12.970348670041567,26.796,24.985,1.123,-1.133333333333336,0.9928672019341728,11.44621425582204,0.37877764647314843,10.76009734374776
LC_dv07_Tlc3p0_TTC04_CP4_S5p933_E15p933.mp4,CP4,0.875,12,4.0,3.1,6.027777777777778,7.0,12.415003508078875,26.651,24.986,0.8089999999999999,-1.0466666666666669,0.9938783045352523,11.471225585280033,0.3535998111081561,10.775135371403788
LC_dv07_Tlc3p0_TTC04_CP5_S6p233_E16p233.mp4,CP5,0.75,12,4.0,2.8,5.444444444444444,7.0,11.850468852895755,26.796,24.987,0.4879999999999993,-1.070000000000002,0.998134186699616,11.86676029875208,0.5094991030427145,11.130920451487995
LC_dv07_Tlc3p0_TTC05_CP1_S5p067_E15p067.mp4,CP1,0.0416666666666666,12,5.0,5.0,9.72222222222222,7.0,15.893176950524499,26.796,24.991,1.6300000000000006,2.960594732333751e-15,0.06733209223175622,10.462874997140293,0.22443824545808047,9.88661469977173
LC_dv07_Tlc3p0_TTC05_CP3_S5p667_E15p667.mp4,CP3,0.75,12,5.0,4.4,8.555555555555555,7.0,14.775967385842705,26.793,24.985,1.0559999999999998,-1.1366666666666674,0.9942689012799276,10.819749737696245,0.26628228813496735,10.204533653632476
LC_dv07_Tlc3p0_TTC05_CP5_S6p267_E16p267.mp4,CP5,0.6666666666666666,12,5.0,3.8,7.388888888888888,7.0,13.651796271415257,26.796,24.987,0.4200000000000006,-1.183333333333329,0.9995370429051341,11.19990844979084,0.32641272683081596,10.542153875900048
LC_dv07_Tlc3p0_TTC06_CP1_S5p067_E15p067.mp4,CP1,0.0416666666666666,12,6.0,6.0,11.666666666666666,7.0,18.72561156487447,26.796,24.983,1.631,-0.003333333333331486,0.06852474796040607,9.673730754897612,0.1630018660765951,9.179064299355144
LC_dv07_Tlc3p0_TTC06_CP2_S5p367_E15p367.mp4,CP2,0.25,12,6.0,5.7,11.083333333333334,7.0,18.16641477884687,26.796,24.984,1.365,-0.8866666666666667,0.9276604359339786,9.820603404264746,0.17236460592267,9.311197733377437
LC_dv07_Tlc3p0_TTC06_CP4_S5p967_E15p967.mp4,CP4,0.375,12,6.0,5.1,9.916666666666666,7.0,17.041951042705474,26.796,24.986,0.7419999999999998,-1.053333333333336,0.9952418833534088,10.129881732368402,0.1949606694533341,9.588769552726845
LC_dv07_Tlc4p0_TTC02_CP1_S5p067_E15p067.mp4,CP1,0.0,25,2.0,2.0,3.888888888888889,7.0,10.037175325959996,26.796,24.991,1.6259999999999992,0.0033333333333285253,0.06654594577985537,12.61596842944941,1.1617751859131478,11.78752425920416
LC_dv07_Tlc4p0_TTC02_CP2_S5p367_E15p367.mp4,CP2,0.6538461538461539,13,2.0,1.7,3.305555555555556,7.0,9.481465192448582,26.796,24.987,1.429,-0.656666666666664,0.757089120905953,12.874927970789747,1.942205463995922,12.013286310682139
LC_dv07_Tlc4p0_TTC02_CP3_S5p667_E15p667.mp4,CP3,1.0,12,2.0,1.4,2.722222222222222,7.0,8.920065481587216,26.796,24.988,1.2020000000000006,-0.8399999999999993,0.9308056600491601,13.13746151918578,5.794512645797204,12.24154461727489
LC_dv07_Tlc4p0_TTC02_CP4_S5p967_E15p967.mp4,CP4,0.8461538461538461,13,2.0,1.1,2.138888888888889,7.0,8.359121330900262,26.796,24.977,0.9690000000000001,-0.7766666666666685,0.9364019379475157,13.435773489711098,inf,12.500156344639487
LC_dv07_Tlc4p0_TTC02_CP5_S6p267_E16p267.mp4,CP5,1.0,12,2.0,0.8,1.5555555555555556,7.0,7.803040092541815,26.796,24.988,0.7280000000000004,-0.8799999999999979,0.981320459821724,13.697349434838111,inf,12.726263841496689
LC_dv07_Tlc4p0_TTC03_CP1_S5p067_E15p067.mp4,CP1,0.0,25,3.0,3.0,5.833333333333333,7.0,12.008177186803001,26.793,24.991,1.6270000000000004,2.960594732333751e-15,0.06772784818573098,11.794953199025672,0.48089952338592556,11.067566012815703
LC_dv07_Tlc4p0_TTC03_CP2_S5p367_E15p367.mp4,CP2,0.6538461538461539,13,3.0,2.7,5.25,7.0,11.457467664996726,26.796,24.987,1.430999999999999,-0.6533333333333384,0.7532802318245195,12.022940795207088,0.5805425835892656,11.268220386594946
LC_dv07_Tlc4p0_TTC03_CP3_S5p667_E15p667.mp4,CP3,0.9583333333333334,12,3.0,2.4,4.666666666666666,7.0,10.902064176837023,26.793,24.988,1.1990000000000005,-0.8566666666666627,0.9376514947341962,12.245067208666804,0.7185559706001687,11.462944887183395
LC_dv07_Tlc4p0_TTC03_CP4_S5p967_E15p967.mp4,CP4,0.8461538461538461,13,3.0,2.1,4.083333333333333,7.0,10.349121656426252,26.651,24.988,0.9669999999999994,-0.773333333333337,0.9353883324631107,12.287884923828713,0.7449859200837057,11.492590323226043
LC_dv07_Tlc4p0_TTC03_CP5_S6p267_E16p267.mp4,CP5,0.9583333333333334,12,3.0,1.8,3.5,7.0,9.789041049548237,26.796,24.988,0.7299999999999993,-0.8800000000000038,0.9812279667544027,12.732582222591539,1.419959783920376,11.889263948600338
LC_dv07_Tlc4p0_TTC04_CP1_S5p033_E15p033.mp4,CP1,0.02,25,4.0,4.0,7.777777777777778,7.0,14.151351204390874,26.651,24.991,1.6280000000000008,2.960594732333751e-15,0.06759573037040441,10.855111384351607,0.24336946256423636,10.229748348736003
LC_dv07_Tlc4p0_TTC04_CP2_S5p333_E15p333.mp4,CP2,0.5769230769230769,13,4.0,3.7,7.194444444444445,7.0,13.597500570888803,26.796,24.987,1.4780000000000004,-0.5000000000000012,0.5685670972735157,11.21891138504137,0.3299869540413725,10.558988645307982
LC_dv07_Tlc4p0_TTC04_CP3_S5p633_E15p633.mp4,CP3,0.7083333333333334,12,4.0,3.4,6.611111111111111,7.0,13.041448550027487,26.796,24.987,1.2519999999999996,-0.8400000000000052,0.9238297539142435,11.417301332271908,0.371666012994016,10.734542900127316
LC_dv07_Tlc4p0_TTC04_CP4_S5p933_E15p933.mp4,CP4,0.7307692307692307,13,4.0,3.1,6.027777777777778,7.0,12.493162670527976,26.796,24.988,1.0209999999999997,-0.7699999999999996,0.926822193570497,11.618346467156396,0.42395928257319365,10.912074912577797
LC_dv07_Tlc4p0_TTC04_CP5_S6p233_E16p233.mp4,CP5,0.8333333333333334,12,4.0,2.8,5.444444444444444,7.0,11.936652355879174,26.796,24.988,0.7819999999999998,-0.7966666666666663,0.962030203687582,11.831427476269267,0.49548476882899095,11.099827901599786
LC_dv07_Tlc4p0_TTC06_CP1_S5p067_E15p067.mp4,CP1,0.0416666666666666,12,6.0,6.0,11.666666666666666,7.0,17.840177196158844,26.796,24.991,1.631,2.960594732333751e-15,0.06720057157626495,9.901065551975048,0.17696698991082502,9.383498323521016
LC_dv07_Tlc4p0_TTC06_CP3_S5p667_E15p667.mp4,CP3,0.4583333333333333,12,6.0,5.4,10.5,7.0,16.734064687612566,26.651,24.988,1.2,-0.8499999999999996,0.9350050115796908,10.064438413802685,0.16779197256860665,9.524593552999571
LC_dv07_Tlc4p0_TTC06_CP5_S6p267_E16p267.mp4,CP5,0.7083333333333334,12,6.0,4.8,9.333333333333332,7.0,15.61703926501463,26.796,24.988,0.7299999999999993,-0.8800000000000038,0.9812279667544027,10.551632666926524,0.23419154670661863,9.96582764710057
LC_dv07_Tlc4p0_TTC07_CP1_S5p067_E15p067.mp4,CP1,0.0384615384615384,13,7.0,7.0,13.61111111111111,7.0,19.789178062140294,26.796,24.991,1.6330000000000007,0.003333333333334447,0.0656377762174264,9.396022861229422,0.14604505064601955,8.928663880851676
LC_dv07_Tlc4p0_TTC07_CP2_S5p367_E15p367.mp4,CP2,0.3076923076923077,13,7.0,6.7,13.02777777777778,7.0,19.229481071272353,26.796,24.987,1.4559999999999993,-0.5900000000000046,0.6799921212760437,9.539925974544364,0.15450105514455367,9.058508601289665
LC_dv07_Tlc4p0_TTC07_CP4_S5p967_E15p967.mp4,CP4,0.5769230769230769,13,7.0,6.1,11.86111111111111,7.0,18.11213260879841,26.796,24.988,0.9859999999999995,-0.7933333333333378,0.9404527838944867,9.830721254254692,0.1725152124725529,9.320292672173517
LC_dv14_Tlc2p0_TTC02_CP1_S5p067_E15p067.mp4,CP1,0.0769230769230769,26,2.0,2.0,7.777777777777778,14.0,13.686434481224442,28.739,24.991,1.628,0.0,0.06759573037040566,13.69098900771335,2.259578589294664,12.839646027679835
LC_dv14_Tlc2p0_TTC02_CP2_S5p367_E15p367.mp4,CP2,0.9230769230769232,13,2.0,1.7,6.611111111111111,14.0,12.536167480807507,28.739,24.977,1.2410000000000003,-1.2899999999999987,0.997492437067318,14.26244773964315,3.6397697574186627,13.340943579600172
LC_dv14_Tlc2p0_TTC02_CP3_S5p667_E15p667.mp4,CP3,1.0,13,2.0,1.4,5.444444444444444,14.0,11.378937489007388,28.739,24.98,0.7790000000000006,-1.7066666666666623,0.9999971246462699,14.849532318396065,8.943796943828714,13.85325275764807
LC_dv14_Tlc2p0_TTC02_CP4_S5p967_E15p967.mp4,CP4,0.9230769230769232,13,2.0,1.1,4.277777777777778,14.0,10.222764066349969,28.739,24.983,0.29899999999999927,-1.6000000000000045,0.9999986797519633,15.486409588839024,inf,14.405948141722083
LC_dv14_Tlc2p0_TTC02_CP5_S6p267_E16p267.mp4,CP5,1.0,13,2.0,0.8,3.111111111111111,14.0,9.069231377954376,28.739,24.973,-0.19100000000000006,-1.813333333333335,0.9999999973645194,16.213066875574274,inf,15.032695368886516
LC_dv14_Tlc2p0_TTC03_CP1_S5p067_E15p067.mp4,CP1,0.0576923076923076,26,3.0,3.0,11.666666666666666,14.0,17.59443802665096,28.737,24.991,1.6300000000000006,-0.003333333333331486,0.0686582649460838,12.118223059348315,0.9996893857803274,11.446356032326213
LC_dv14_Tlc2p0_TTC03_CP2_S5p367_E15p367.mp4,CP2,0.9615384615384616,13,3.0,2.7,10.5,14.0,16.443162117165897,28.737,24.977,1.235,-1.3166666666666682,0.9980916639635253,12.564242814881524,1.2076890847203632,11.843479351431869
LC_dv14_Tlc2p0_TTC03_CP3_S5p667_E15p667.mp4,CP3,0.8076923076923077,13,3.0,2.4,9.333333333333332,14.0,15.291934008676956,28.739,24.98,0.7739999999999998,-1.7066666666666683,0.9999971926735736,13.017857253004074,1.5022623083728022,12.245810290411484
LC_dv14_Tlc2p0_TTC03_CP4_S5p967_E15p967.mp4,CP4,0.9230769230769232,13,3.0,2.1,8.166666666666666,14.0,14.139760351720845,28.739,24.983,0.2949999999999997,-1.5966666666666671,0.999998640030944,13.502966346762436,1.984874415232965,12.674138524099138
LC_dv14_Tlc2p0_TTC03_CP5_S6p267_E16p267.mp4,CP5,0.8846153846153846,13,3.0,1.8,7.0,14.0,12.982223863406148,28.739,24.986,-0.19900000000000007,-1.8266666666666698,0.9999999980320942,14.028184352736526,2.9353261308437624,13.13575626102728
LC_dv14_Tlc2p0_TTC04_CP1_S5p067_E15p067.mp4,CP1,0.0192307692307692,26,4.0,4.0,15.555555555555555,14.0,21.50184140011998,28.739,24.991,1.6330000000000007,-0.0066666666666659324,0.06959850821849405,10.873601830540697,0.6429745492206489,10.329631823173589
LC_dv14_Tlc2p0_TTC04_CP2_S5p367_E15p367.mp4,CP2,0.6923076923076923,13,4.0,3.7,14.38888888888889,14.0,20.35116325831417,28.739,24.978,1.2380000000000002,-1.3166666666666682,0.9980731718505069,11.22985036927499,0.7246354710281364,10.650602009776135
LC_dv14_Tlc2p0_TTC04_CP3_S5p667_E15p667.mp4,CP3,0.4615384615384615,13,4.0,3.4,13.22222222222222,14.0,19.194938529143144,28.739,24.98,0.7830000000000001,-1.68333333333333,0.9999959135900139,11.591685473006308,0.8209494497404264,10.975532060923074
LC_dv14_Tlc2p0_TTC04_CP4_S5p967_E15p967.mp4,CP4,0.8076923076923077,13,4.0,3.1,12.055555555555555,14.0,18.042518923477196,28.737,24.983,0.3099999999999994,-1.5766666666666693,0.9999980359568056,11.972485200695813,0.9447261677945834,11.316243636934164
LC_dv14_Tlc2p0_TTC04_CP5_S6p267_E16p267.mp4,CP5,0.6538461538461539,13,4.0,2.8,10.888888888888888,14.0,16.889232214959495,28.739,24.986,-0.1869999999999996,-1.8366666666666642,0.9999999982373063,12.38452488671411,1.1167531197620566,11.683750361403137
LC_dv14_Tlc2p0_TTC05_CP1_S5p067_E15p067.mp4,CP1,0.0,13,5.0,5.0,19.444444444444443,14.0,25.367437220171485,28.739,24.991,1.635999999999999,-0.003333333333337407,0.0678601653862488,9.869092910953698,0.4749167865847005,9.418904493312029
LC_dv14_Tlc2p0_TTC05_CP3_S5p667_E15p667.mp4,CP3,0.3076923076923077,13,5.0,4.4,17.11111111111111,14.0,23.07093659234089,28.59,24.981,0.7790000000000006,-1.7066666666666623,0.9999971246462699,10.306207937110276,0.5155536090917898,9.811372985921468
LC_dv14_Tlc2p0_TTC05_CP5_S6p267_E16p267.mp4,CP5,0.4615384615384615,13,5.0,3.8,14.777777777777777,14.0,20.766226805265966,28.739,24.986,-0.19299999999999984,-1.826666666666664,0.9999999979586583,11.09457748052151,0.691578871282546,10.528848618899971
LC_dv14_Tlc2p0_TTC06_CP1_S5p067_E15p067.mp4,CP1,0.1153846153846153,13,6.0,6.0,23.33333333333333,14.0,29.2618469991083,28.593,24.991,1.6389999999999991,-0.006666666666671854,0.06879198247347547,8.908850653498842,0.34451697883191545,8.536754637160227
LC_dv14_Tlc2p0_TTC06_CP2_S5p367_E15p367.mp4,CP2,0.4230769230769231,13,6.0,5.7,22.166666666666668,14.0,28.106164305905782,28.739,24.977,1.2440000000000004,-1.3166666666666624,0.9980356984122977,9.274963844565162,0.4040342363131688,8.876252528979125
LC_dv14_Tlc2p0_TTC06_CP4_S5p967_E15p967.mp4,CP4,0.5,13,6.0,5.1,19.83333333333333,14.0,25.797763816978748,28.739,24.983,0.30400000000000005,-1.5966666666666671,0.9999985782918679,9.77633687387995,0.4637048066790831,9.334381526833601
LC_dv14_Tlc3p0_TTC02_CP1_S5p033_E15p033.mp4,CP1,0.0,24,2.0,2.0,7.777777777777778,14.0,13.999557515469277,28.737,24.991,1.628,-0.003333333333331486,0.06892590070714696,13.54754898650648,2.049405616320792,12.71329914734533
LC_dv14_Tlc3p0_TTC02_CP2_S5p333_E15p333.mp4,CP2,0.6666666666666666,12,2.0,1.7,6.611111111111111,14.0,12.85968016089149,28.739,24.984,1.4289999999999992,-0.6633333333333358,0.7633659258264393,14.090827201982304,3.0993423256643484,13.190666758627998
LC_dv14_Tlc3p0_TTC02_CP3_S5p633_E15p633.mp4,CP3,1.0,12,2.0,1.4,5.444444444444444,14.0,11.71218775820964,28.739,24.985,1.1220000000000006,-1.1366666666666674,0.9930843699650579,14.662848896089889,6.245643022383065,13.69064166038032
LC_dv14_Tlc3p0_TTC02_CP4_S5p933_E15p933.mp4,CP4,0.875,12,2.0,1.1,4.277777777777778,14.0,10.568866801740675,28.739,24.986,0.8079999999999996,-1.04666666666667,0.9938957654158629,15.280919382183637,inf,14.227966347983957
LC_dv14_Tlc3p0_TTC02_CP5_S6p233_E16p233.mp4,CP5,1.0,12,2.0,0.8,3.111111111111111,14.0,9.425643501369464,28.737,24.987,0.48600000000000043,-1.0733333333333306,0.9982050834916191,15.94987591427878,inf,14.806016445679644
LC_dv14_Tlc3p0_TTC03_CP1_S5p067_E15p067.mp4,CP1,0.0833333333333333,24,3.0,3.0,11.666666666666666,14.0,17.59583992344274,28.739,24.991,1.6300000000000006,-0.0066666666666659324,0.07000449169775758,12.120122644237943,1.0008424353678285,11.448139157457296
LC_dv14_Tlc3p0_TTC03_CP2_S5p367_E15p367.mp4,CP2,0.7083333333333334,12,3.0,2.7,10.5,14.0,16.452252455485187,28.739,24.984,1.3650000000000009,-0.8833333333333323,0.9262592498030785,12.552152216164545,1.201586697263907,11.832829944989053
LC_dv14_Tlc3p0_TTC03_CP3_S5p667_E15p667.mp4,CP3,0.8333333333333334,12,3.0,2.4,9.333333333333332,14.0,15.305143043536726,28.739,24.985,1.062,-1.1233333333333326,0.9934643023675425,13.00390855149215,1.4924898345637676,12.233466247452997
LC_dv14_Tlc3p0_TTC03_CP4_S5p967_E15p967.mp4,CP4,0.875,12,3.0,2.1,8.166666666666666,14.0,14.166132898207234,28.59,24.986,0.7529999999999999,-1.0300000000000007,0.9939824095323917,13.28172850889452,1.7401331027412361,12.471154035899747
LC_dv14_Tlc3p0_TTC03_CP5_S6p267_E16p267.mp4,CP5,1.0,12,3.0,1.8,7.0,14.0,13.023689582901993,28.739,24.987,0.43700000000000006,-1.1733333333333344,0.9994519960911403,14.006473907164056,2.8827382683241565,13.11671837462861
LC_dv14_Tlc3p0_TTC04_CP1_S5p067_E15p067.mp4,CP1,0.0,24,4.0,4.0,15.555555555555555,14.0,21.496844357957592,28.737,24.991,1.6330000000000007,-0.0066666666666659324,0.06959850821849405,10.872946480749818,0.6424647921007611,10.328968478486065
LC_dv14_Tlc3p0_TTC04_CP2_S5p367_E15p367.mp4,CP2,0.4583333333333333,12,4.0,3.7,14.38888888888889,14.0,20.350251863143196,28.739,24.984,1.3669999999999998,-0.8866666666666697,0.9273818432199612,11.222504902064522,0.7219488650987822,10.643994551172126
LC_dv14_Tlc3p0_TTC04_CP3_S5p667_E15p667.mp4,CP3,0.7083333333333334,12,4.0,3.4,13.22222222222222,14.0,19.20213959677474,28.739,24.985,1.059,-1.140000000000002,0.9943833053719391,11.582575780158717,0.8176077819204741,10.967364735414284
LC_dv14_Tlc3p0_TTC04_CP4_S5p967_E15p967.mp4,CP4,0.6666666666666666,12,4.0,3.1,12.055555555555555,14.0,18.05512048971814,28.739,24.986,0.7419999999999989,-1.0566666666666702,0.9953798107040172,11.966139006587662,0.9425041405168316,11.31066015559594
LC_dv14_Tlc3p0_TTC04_CP5_S6p267_E16p267.mp4,CP5,0.7916666666666666,12,4.0,2.8,10.888888888888888,14.0,16.91167745319525,28.739,24.987,0.4230000000000007,-1.183333333333329,0.9995320028000246,12.3746498617347,1.1120238040639525,11.674960872219478
LC_dv14_Tlc3p0_TTC06_CP1_S5p067_E15p067.mp4,CP1,0.0416666666666666,12,6.0,6.0,23.33333333333333,14.0,29.262438645806757,28.739,24.991,1.6389999999999991,-0.003333333333337407,0.06746381177441818,9.028674521640493,0.37591453150647947,8.650425215744324
LC_dv14_Tlc3p0_TTC06_CP3_S5p667_E15p667.mp4,CP3,0.2916666666666667,12,6.0,5.4,21.0,14.0,26.97214117696493,28.739,24.985,1.0640000000000007,-1.1433333333333333,0.9944637763344877,9.510066428588138,0.4299607822456512,9.09134206086945
LC_dv14_Tlc3p0_TTC06_CP5_S6p267_E16p267.mp4,CP5,0.4166666666666667,12,6.0,4.8,18.666666666666664,14.0,24.681677987680725,28.739,24.987,0.4279999999999997,-1.183333333333335,0.9995234895197389,10.03758880057056,0.4992136704221162,9.572259345870751
LC_dv14_Tlc3p0_TTC07_CP1_S5p067_E15p067.mp4,CP1,0.0416666666666666,12,7.0,7.0,27.22222222222222,14.0,33.114441208809296,28.739,24.991,1.6419999999999992,0.0,0.0657669232431323,8.32737226665348,0.3116619849124396,8.004551353581032
LC_dv14_Tlc3p0_TTC07_CP2_S5p367_E15p367.mp4,CP2,0.2083333333333333,12,7.0,6.7,26.05555555555556,14.0,31.96725435743167,28.739,24.984,1.3750000000000007,-0.8899999999999952,0.9276604359339765,8.529702616419826,0.3297132464215438,8.191322675173598
LC_dv14_Tlc3p0_TTC07_CP4_S5p967_E15p967.mp4,CP4,0.4583333333333333,12,7.0,6.1,23.72222222222222,14.0,29.681129661302105,28.739,24.986,0.7549999999999988,-1.0600000000000076,0.9953388119762816,8.950815044953524,0.36875362273144424,8.578926979717956
LC_dv14_Tlc4p0_TTC02_CP1_S5p067_E15p067.mp4,CP1,0.0416666666666666,24,2.0,2.0,7.777777777777778,14.0,13.71683990447666,28.739,24.991,1.628,-0.003333333333334447,0.06892590070714819,13.67720200607297,2.2376904250460923,12.827519583233967
LC_dv14_Tlc4p0_TTC02_CP2_S5p367_E15p367.mp4,CP2,0.7916666666666666,12,2.0,1.7,6.611111111111111,14.0,12.576299256563852,28.593,24.987,1.4309999999999998,-0.656666666666667,0.7564565234464533,14.007713683280361,3.0377144598171957,13.109278813421918
LC_dv14_Tlc4p0_TTC02_CP3_S5p667_E15p667.mp4,CP3,0.9583333333333334,12,2.0,1.4,5.444444444444444,14.0,11.431245654395228,28.739,24.988,1.2,-0.8566666666666656,0.9375274072042139,14.80395452749741,8.274079924588333,13.813577415797287
LC_dv14_Tlc4p0_TTC02_CP4_S5p967_E15p967.mp4,CP4,0.9583333333333334,12,2.0,1.1,4.277777777777778,14.0,10.286976448696432,28.739,24.988,0.9669999999999994,-0.7766666666666685,0.9366533958742219,15.43718339844463,inf,14.363341749321338
LC_dv14_Tlc4p0_TTC02_CP5_S6p267_E16p267.mp4,CP5,0.9583333333333334,12,2.0,0.8,3.111111111111111,14.0,9.14690261014664,28.739,24.988,0.7289999999999999,-0.8799999999999979,0.9812742618891324,16.124363069357244,inf,14.956406944928265
LC_dv14_Tlc4p0_TTC03_CP1_S5p067_E15p067.mp4,CP1,0.0,24,3.0,3.0,11.666666666666666,14.0,17.58143590686876,28.739,24.991,1.631,0.0,0.06720057157626612,12.125248518709583,1.0029008751420596,11.452712287526245
LC_dv14_Tlc4p0_TTC03_CP2_S5p367_E15p367.mp4,CP2,0.5,12,3.0,2.7,10.5,14.0,16.44729895597614,28.737,24.987,1.4300000000000004,-0.6699999999999988,0.7692452858291812,12.546767320208307,1.198379365489518,11.827950114917194
LC_dv14_Tlc4p0_TTC03_CP3_S5p667_E15p667.mp4,CP3,0.7916666666666666,12,3.0,2.4,9.333333333333332,14.0,15.313248213434237,28.739,24.988,1.203,-0.8400000000000023,0.930671138710811,12.995479342771288,1.4866085172854115,12.226005974292383
LC_dv14_Tlc4p0_TTC03_CP4_S5p967_E15p967.mp4,CP4,0.875,12,3.0,2.1,8.166666666666666,14.0,14.173304352741873,28.739,24.988,0.9659999999999991,-0.7900000000000034,0.9416395400907686,13.479005887572786,1.9583531374869312,12.653026932763208
LC_dv14_Tlc4p0_TTC03_CP5_S6p267_E16p267.mp4,CP5,0.9166666666666666,12,3.0,1.8,7.0,14.0,13.038899841676862,28.739,24.988,0.7250000000000003,-0.8899999999999982,0.9827914821129783,13.997275826789023,2.8621998263364885,13.108651448631798
LC_dv14_Tlc4p0_TTC04_CP1_S5p067_E15p067.mp4,CP1,0.0416666666666666,24,4.0,4.0,15.555555555555555,14.0,21.45543608010255,28.739,24.991,1.6330000000000007,-0.003333333333331486,0.06825831495507272,10.886904300725043,0.6457176073733164,10.341635893977237
LC_dv14_Tlc4p0_TTC04_CP2_S5p367_E15p367.mp4,CP2,0.5416666666666666,12,4.0,3.7,14.38888888888889,14.0,20.312297716244533,28.739,24.987,1.4330000000000005,-0.6666666666666673,0.765231418264879,11.230275404990266,0.7233850602791895,10.650984327956468
LC_dv14_Tlc4p0_TTC04_CP3_S5p667_E15p667.mp4,CP3,0.6666666666666666,12,4.0,3.4,13.22222222222222,14.0,19.17224505318321,28.739,24.988,1.2020000000000006,-0.8533333333333282,0.9360232956005555,11.588231534525521,0.8188569242817036,10.972435501169798
LC_dv14_Tlc4p0_TTC04_CP4_S5p967_E15p967.mp4,CP4,0.6666666666666666,12,4.0,3.1,12.055555555555555,14.0,18.028306884259834,28.739,24.988,0.9719999999999993,-0.766666666666671,0.9321398346137548,11.972551658099665,0.9446368478340468,11.316389338808019
LC_dv14_Tlc4p0_TTC04_CP5_S6p267_E16p267.mp4,CP5,0.6666666666666666,12,4.0,2.8,10.888888888888888,14.0,16.88290102187176,28.739,24.988,0.7310000000000005,-0.8933333333333298,0.9829628745313245,12.383782939713143,1.1163298940405293,11.683090002262327
LC_dv14_Tlc4p0_TTC05_CP1_S5p033_E15p033.mp4,CP1,0.0,12,5.0,5.0,19.444444444444443,14.0,25.63355938891698,28.739,24.991,1.6370000000000002,-0.003333333333331486,0.06772784818573144,9.806723889478503,0.4665221542794671,9.362079360895267
LC_dv14_Tlc4p0_TTC05_CP2_S5p333_E15p333.mp4,CP2,0.2916666666666667,12,5.0,4.7,18.27777777777778,14.0,24.49672286338468,28.737,24.987,1.4859999999999995,-0.5033333333333356,0.5693609688929139,10.08102141594114,0.5052374807649171,9.611688143068683
LC_dv14_Tlc4p0_TTC05_CP4_S5p933_E15p933.mp4,CP4,0.5833333333333334,12,5.0,4.1,15.944444444444445,14.0,22.21601618593726,28.739,24.988,1.0250000000000001,-0.7833333333333344,0.9317416850449268,10.676349555167949,0.6046403707201459,10.15145994472973
LC_dv14_Tlc4p0_TTC07_CP1_S5p067_E15p067.mp4,CP1,0.0,12,7.0,7.0,27.22222222222222,14.0,33.16184782069875,28.739,24.991,1.6419999999999992,-0.003333333333334447,0.06706924964162596,8.319419346828775,0.31100776341410397,7.997202819472775
LC_dv14_Tlc4p0_TTC07_CP3_S5p667_E15p667.mp4,CP3,0.375,12,7.0,6.4,24.88888888888889,14.0,30.878248007781206,28.739,24.988,1.2099999999999997,-0.8566666666666656,0.9362759180631297,8.722907457233902,0.34659873581399053,8.369342438997798
LC_dv14_Tlc4p0_TTC07_CP5_S6p267_E16p267.mp4,CP5,0.375,12,7.0,5.8,22.55555555555556,14.0,28.588899564862686,28.739,24.988,0.7330000000000012,-0.8899999999999982,0.9824442744800443,9.166155765986474,0.3906619133819924,8.776547959518789
LC_dv21_Tlc2p0_TTC02_CP1_S5p067_E15p067.mp4,CP1,0.0,21,2.0,2.0,11.666666666666666,21.0,17.346663290504292,30.683,24.991,1.6309999999999991,-0.003333333333340368,0.06852474796040976,14.76570193017203,3.3576295431606717,13.894042049727952
LC_dv21_Tlc2p0_TTC02_CP2_S5p367_E15p367.mp4,CP2,0.9090909090909092,11,2.0,1.7,9.916666666666666,21.0,15.614362249400024,30.683,24.978,1.2340000000000007,-1.3233333333333284,0.9982166585021697,15.6422477414591,5.284702214937745,14.667442395176955
LC_dv21_Tlc2p0_TTC02_CP3_S5p667_E15p667.mp4,CP3,0.85,10,2.0,1.4,8.166666666666666,21.0,13.873810640763859,30.683,24.981,0.7730000000000004,-1.7066666666666652,0.9999972060928942,16.595209654458806,12.115272830707047,15.50216136760039
LC_dv21_Tlc2p0_TTC02_CP4_S5p967_E15p967.mp4,CP4,0.9090909090909092,11,2.0,1.1,6.416666666666667,21.0,12.134648385045328,30.683,24.983,0.29400000000000115,-1.596666666666664,0.9999986467298211,17.67365759378725,inf,16.43921244868626
LC_dv21_Tlc2p0_TTC02_CP5_S6p267_E16p267.mp4,CP5,0.85,10,2.0,0.8,4.666666666666667,21.0,10.398309980320201,30.683,24.986,-0.20099999999999985,-1.8299999999999983,0.9999999981713319,18.89671129044958,inf,17.492290469222905
LC_dv21_Tlc2p0_TTC03_CP1_S5p067_E15p067.mp4,CP1,0.0,21,3.0,3.0,17.5,21.0,23.136664658532307,30.535,24.991,1.6350000000000005,-0.003333333333334447,0.06799268213764463,12.327442428635532,1.4278962029925135,11.708245293679257
LC_dv21_Tlc2p0_TTC03_CP2_S5p367_E15p367.mp4,CP2,0.6818181818181818,11,3.0,2.7,15.75,21.0,21.397368158080983,30.683,24.977,1.2459999999999993,-1.2966666666666704,0.9976078721880507,13.12233485998963,1.8370998371345653,12.42934979093152
LC_dv21_Tlc2p0_TTC03_CP3_S5p667_E15p667.mp4,CP3,0.4,10,3.0,2.4,13.999999999999998,21.0,19.667822677297227,30.68,24.98,0.7899999999999998,-1.690000000000002,0.9999961567929754,13.778124711736321,2.275904114523513,13.016015105033674
LC_dv21_Tlc2p0_TTC03_CP4_S5p967_E15p967.mp4,CP4,0.7727272727272727,11,3.0,2.1,12.25,21.0,17.926663237303256,30.683,24.983,0.3159999999999996,-1.5800000000000007,0.9999980738129465,14.516762018469668,3.0101933890760466,13.673406239145962
LC_dv21_Tlc2p0_TTC03_CP5_S6p267_E16p267.mp4,CP5,0.6,10,3.0,1.8,10.5,21.0,16.19133008564026,30.683,24.986,-0.17300000000000026,-1.8100000000000005,0.9999999968782419,15.331333532070941,4.42861426801961,14.393733242751551
LC_dv21_Tlc2p0_TTC04_CP1_S5p067_E15p067.mp4,CP1,0.0,21,4.0,4.0,23.33333333333333,21.0,29.004664274950606,30.683,24.991,1.639,-0.0066666666666659324,0.06879198247347298,10.811902322794365,0.9828163535805892,10.337045280224464
LC_dv21_Tlc2p0_TTC04_CP2_S5p367_E15p367.mp4,CP2,0.4090909090909091,11,4.0,3.7,21.58333333333333,21.0,27.267364445418668,30.683,24.978,1.243000000000001,-1.3199999999999967,0.9981039022944863,11.275869278273328,1.104609688437389,10.760354677500912
LC_dv21_Tlc2p0_TTC04_CP3_S5p667_E15p667.mp4,CP3,0.1,10,4.0,3.4,19.83333333333333,21.0,25.526822951478998,30.683,24.98,0.7950000000000006,-1.6600000000000008,0.9999940052248426,11.764005977066192,1.2515257873472099,11.203999968699911
LC_dv21_Tlc2p0_TTC04_CP4_S5p967_E15p967.mp4,CP4,0.5909090909090909,11,4.0,3.1,18.08333333333333,21.0,23.786660031036114,30.683,24.983,0.3140000000000007,-1.603333333333333,0.9999986467298211,12.294859239401966,1.4431456537916547,11.684483275051617
LC_dv21_Tlc2p0_TTC04_CP5_S6p267_E16p267.mp4,CP5,0.4,10,4.0,2.8,16.333333333333332,21.0,22.046327654263237,30.683,24.973,-0.17300000000000026,-1.806666666666669,0.999999996684254,12.895035754595773,1.714863046266782,12.22523721445259
LC_dv21_Tlc2p0_TTC05_CP1_S5p067_E15p067.mp4,CP1,0.0454545454545454,11,5.0,5.0,29.166666666666664,21.0,34.809665638853254,30.683,24.991,1.6429999999999996,-0.006666666666671854,0.06825831495507569,9.539913662883599,0.7268339476414316,9.168295116858443
LC_dv21_Tlc2p0_TTC05_CP2_S5p367_E15p367.mp4,CP2,0.4545454545454545,11,5.0,4.7,27.416666666666668,21.0,33.07737316259306,30.683,24.977,1.2549999999999997,-1.293333333333333,0.9974608153286381,9.899143331393752,0.7925087515398103,9.4995970017426
LC_dv21_Tlc2p0_TTC05_CP4_S5p967_E15p967.mp4,CP4,0.4545454545454545,11,5.0,4.1,23.916666666666664,21.0,29.601657016488588,30.683,24.983,0.31200000000000006,-1.6000000000000014,0.9999985922398206,10.673710607308443,0.9515772244199744,10.210654765671897
LC_dv21_Tlc2p0_TTC07_CP1_S5p033_E15p033.mp4,CP1,0.0,10,7.0,7.0,40.83333333333333,21.0,46.04774450371726,30.683,24.991,1.6509999999999996,-0.0066666666666659324,0.06720057157626591,7.77019977124188,0.48319380344271984,7.521873558806667
LC_dv21_Tlc2p0_TTC07_CP3_S5p633_E15p633.mp4,CP3,0.0,10,7.0,6.4,37.333333333333336,21.0,42.57789890578935,30.683,24.98,0.9120000000000006,-1.6433333333333286,0.9999871799890574,8.24890569443769,0.5412600838163065,7.9695891733912525
LC_dv21_Tlc2p0_TTC07_CP5_S6p233_E16p233.mp4,CP5,0.05,10,7.0,5.8,33.83333333333333,21.0,39.11218572146493,30.683,24.985,-0.047999999999999376,-1.6066666666666645,0.9999997986497621,8.778868195014153,0.610648833486461,8.463195335321965
LC_dv21_Tlc3p0_TTC02_CP1_S5p067_E15p067.mp4,CP1,0.0208333333333333,24,2.0,2.0,11.666666666666666,21.0,17.31266157076797,30.683,24.991,1.6309999999999991,-0.003333333333340368,0.06852474796040976,14.781467398846164,3.381460318309051,13.90800022144033
LC_dv21_Tlc3p0_TTC02_CP2_S5p367_E15p367.mp4,CP2,0.5,12,2.0,1.7,9.916666666666666,21.0,15.583458908479418,30.683,24.984,1.3630000000000002,-0.8933333333333298,0.9306711387108086,15.645326754705895,5.316588301423334,14.67014957243224
LC_dv21_Tlc3p0_TTC02_CP3_S5p667_E15p667.mp4,CP3,0.75,12,2.0,1.4,8.166666666666666,21.0,13.862005062455204,30.535,24.985,1.0550000000000004,-1.1399999999999988,0.9944477645677361,16.347410330191884,10.392170978475011,15.276076241949857
LC_dv21_Tlc3p0_TTC02_CP4_S5p967_E15p967.mp4,CP4,0.875,12,2.0,1.1,6.416666666666667,21.0,12.130992275047934,30.683,24.974,0.7470000000000006,-1.0266666666666662,0.9939131821523477,17.700988383544832,inf,16.46285609300228
LC_dv21_Tlc3p0_TTC02_CP5_S6p267_E16p267.mp4,CP5,0.9166666666666666,12,2.0,0.8,4.666666666666667,21.0,10.399798899049824,30.683,24.987,0.42599999999999993,-1.176666666666669,0.9994916398022013,18.89242370279232,inf,17.48861645155157
LC_dv21_Tlc3p0_TTC03_CP1_S5p067_E15p067.mp4,CP1,0.0208333333333333,24,3.0,3.0,17.5,21.0,24.19128375429889,30.683,24.991,1.6360000000000008,0.0,0.06654594577985329,12.1558139436211,1.3882113367953905,11.558830495083985
LC_dv21_Tlc3p0_TTC03_CP2_S5p367_E15p367.mp4,CP2,0.3333333333333333,12,3.0,2.7,15.75,21.0,22.466462545426065,30.535,24.984,1.3690000000000013,-0.8899999999999982,0.9284913009848358,12.559707465205245,1.527624581481119,11.917565273405033
LC_dv21_Tlc3p0_TTC03_CP3_S5p667_E15p667.mp4,CP3,0.625,12,3.0,2.4,13.999999999999998,21.0,20.746298026663744,30.683,24.985,1.0650000000000002,-1.126666666666667,0.993592849665881,13.352278895712656,1.9752997454376946,12.635457878119258
LC_dv21_Tlc3p0_TTC03_CP4_S5p967_E15p967.mp4,CP4,0.7083333333333334,12,3.0,2.1,12.25,21.0,19.014710539207783,30.683,24.986,0.752999999999999,-1.040000000000004,0.994479747066685,14.040238592021023,2.5013299224631527,13.249834306121393
LC_dv21_Tlc3p0_TTC03_CP5_S6p267_E16p267.mp4,CP5,0.7083333333333334,12,3.0,1.8,10.5,21.0,17.28357346007423,30.683,24.987,0.42700000000000027,-1.2033333333333296,0.9996181914116228,14.802732165485544,3.4097651115926007,13.926824484412911
LC_dv21_Tlc3p0_TTC04_CP1_S5p067_E15p067.mp4,CP1,0.0208333333333333,24,4.0,4.0,23.33333333333333,21.0,28.987665720622456,30.535,24.991,1.639,-0.0066666666666659324,0.06879198247347298,10.675728512281017,0.9250196951371078,10.208197187384625
LC_dv21_Tlc3p0_TTC04_CP2_S5p367_E15p367.mp4,CP2,0.2916666666666667,12,4.0,3.7,21.58333333333333,21.0,27.258462376624934,30.683,24.984,1.3720000000000006,-0.8899999999999982,0.9280767884615825,11.271527932706087,1.1025046321969703,10.7564011468557
LC_dv21_Tlc3p0_TTC04_CP3_S5p667_E15p667.mp4,CP3,0.25,12,4.0,3.4,19.83333333333333,21.0,25.526006535450655,30.683,24.985,1.0640000000000007,-1.1399999999999988,0.9943017973703617,11.7581282629383,1.2489301306107679,11.198668406084527
LC_dv21_Tlc3p0_TTC04_CP4_S5p967_E15p967.mp4,CP4,0.4583333333333333,12,4.0,3.1,18.08333333333333,21.0,23.805991062786795,30.683,24.986,0.7470000000000006,-1.0566666666666673,0.9953112994612481,12.284648302136475,1.4387727066777578,11.675260631687332
LC_dv21_Tlc3p0_TTC04_CP5_S6p267_E16p267.mp4,CP5,0.5833333333333334,12,4.0,2.8,16.333333333333332,21.0,22.08079386820307,30.683,24.987,0.4229999999999998,-1.200000000000001,0.999609717310084,12.862354044584485,1.6978082650202535,12.195858591414
LC_dv21_Tlc3p0_TTC05_CP1_S5p067_E15p067.mp4,CP1,0.0833333333333333,12,5.0,5.0,29.166666666666664,21.0,34.80666592771341,30.683,24.991,1.6429999999999996,-0.006666666666671854,0.06825831495507569,9.540493664338848,0.7269317858543368,9.168830810306478
LC_dv21_Tlc3p0_TTC05_CP3_S5p667_E15p667.mp4,CP3,0.25,12,5.0,4.4,25.666666666666668,21.0,31.346027917831965,30.683,24.985,1.0970000000000002,-1.1499999999999992,0.9942523901108805,10.265723303852091,0.8626622338367901,9.836678749738523
LC_dv21_Tlc3p0_TTC05_CP5_S6p267_E16p267.mp4,CP5,0.2916666666666667,12,5.0,3.8,22.166666666666664,21.0,27.898814066251447,30.535,24.987,0.44999999999999907,-1.2100000000000015,0.9996139759479503,10.953014808112085,0.9915814940058111,10.461440359254905
LC_dv21_Tlc3p0_TTC06_CP1_S5p067_E15p067.mp4,CP1,0.0,12,6.0,6.0,35.0,21.0,40.641668042074826,30.683,24.991,1.6480000000000004,-0.003333333333334447,0.06628548183858271,8.531534951432207,0.576089019819194,8.233096530843826
LC_dv21_Tlc3p0_TTC06_CP2_S5p367_E15p367.mp4,CP2,0.1666666666666666,12,6.0,5.7,33.25,21.0,38.91146482588327,30.683,24.984,1.3799999999999997,-0.8933333333333356,0.928353334320949,8.812541378181784,0.6155338633889869,8.49448608359941
LC_dv21_Tlc3p0_TTC06_CP4_S5p967_E15p967.mp4,CP4,0.0416666666666666,12,6.0,5.1,29.75,21.0,35.45499248735743,30.683,24.986,0.7549999999999997,-1.0566666666666673,0.9951997951317513,9.420680877440857,0.707776945973273,9.058116970407207
LC_dv21_Tlc4p0_TTC02_CP1_S5p067_E15p067.mp4,CP1,0.02,25,2.0,2.0,11.666666666666666,21.0,17.354661558668568,30.683,24.991,1.6309999999999991,-0.003333333333340368,0.06852474796040976,14.761998283364038,3.3520725180811257,13.890762720511729
LC_dv21_Tlc4p0_TTC02_CP2_S5p367_E15p367.mp4,CP2,0.6153846153846154,13,2.0,1.7,9.916666666666666,21.0,15.637511714945594,30.532,24.987,1.429000000000001,-0.6733333333333273,0.7726114797953868,15.380506254572772,4.7121708190575475,14.428291261579886
LC_dv21_Tlc4p0_TTC02_CP3_S5p667_E15p667.mp4,CP3,0.9166666666666666,12,2.0,1.4,8.166666666666666,21.0,13.911102218418451,30.683,24.988,1.1979999999999993,-0.8566666666666686,0.9377753899706929,16.556429061277143,11.699362633228551,15.468315915616145
LC_dv21_Tlc4p0_TTC02_CP4_S5p967_E15p967.mp4,CP4,0.8846153846153846,13,2.0,1.1,6.416666666666667,21.0,12.187160963971536,30.535,24.988,0.9680000000000006,-0.7666666666666622,0.9326679077682407,17.359311991328408,inf,16.156123122453852
LC_dv21_Tlc4p0_TTC02_CP5_S6p267_E16p267.mp4,CP5,0.9166666666666666,12,2.0,0.8,4.666666666666667,21.0,10.460040358907372,30.683,24.988,0.7339999999999998,-0.8700000000000004,0.9795949669416939,18.843714036257413,inf,17.44686862039098
LC_dv21_Tlc4p0_TTC03_CP1_S5p067_E15p067.mp4,CP1,0.0,25,3.0,3.0,17.5,21.0,23.17766291738577,30.683,24.991,1.6350000000000005,-0.003333333333334447,0.06799268213764463,12.48255013970574,1.5202650577064536,11.853872626379873
LC_dv21_Tlc4p0_TTC03_CP2_S5p367_E15p367.mp4,CP2,0.4230769230769231,13,3.0,2.7,15.75,21.0,21.456514752558252,30.683,24.987,1.437,-0.6600000000000014,0.7577208282829206,13.08557053964788,1.8164919323774664,12.39636107656058
LC_dv21_Tlc4p0_TTC03_CP3_S5p667_E15p667.mp4,CP3,0.5833333333333334,12,3.0,2.4,13.999999999999998,21.0,19.72810783004167,30.683,24.987,1.2099999999999997,-0.8433333333333367,0.9310740992928537,13.746036609863989,2.2524250376165442,12.987515080078278
LC_dv21_Tlc4p0_TTC03_CP4_S5p967_E15p967.mp4,CP4,0.6538461538461539,13,3.0,2.1,12.25,21.0,18.005162558020835,30.683,24.988,0.9720000000000002,-0.7933333333333319,0.9421090090066966,14.472433330553045,2.959129830239307,13.634071538680478
LC_dv21_Tlc4p0_TTC03_CP5_S6p267_E16p267.mp4,CP5,0.8333333333333334,12,3.0,1.8,10.5,21.0,16.28203604067382,30.683,24.988,0.7309999999999997,-0.8933333333333326,0.9829628745313249,15.282040657324757,4.316304747795714,14.35027655867097
LC_dv21_Tlc4p0_TTC04_CP1_S5p067_E15p067.mp4,CP1,0.0,25,4.0,4.0,23.33333333333333,21.0,29.003667446989795,30.683,24.991,1.639,-0.0066666666666659324,0.06879198247347298,10.812149876104366,0.9828757953103014,10.337271565820933
LC_dv21_Tlc4p0_TTC04_CP2_S5p367_E15p367.mp4,CP2,0.2307692307692307,13,4.0,3.7,21.58333333333333,21.0,27.277511715024875,30.683,24.987,1.437,-0.6733333333333332,0.7701660893151503,11.263021205745956,1.0996980047459939,10.748653927182222
LC_dv21_Tlc4p0_TTC04_CP3_S5p667_E15p667.mp4,CP3,0.3333333333333333,12,4.0,3.4,19.83333333333333,21.0,25.549103738783625,30.683,24.988,1.2060000000000002,-0.8566666666666686,0.936778834257638,11.747684467854617,1.2451154279207641,11.189194412626353
LC_dv21_Tlc4p0_TTC04_CP4_S5p967_E15p967.mp4,CP4,0.5,13,4.0,3.1,18.08333333333333,21.0,23.82315743437686,30.683,24.988,0.9690000000000001,-0.7900000000000004,0.9412854801114635,12.276479990670156,1.4353236440712076,11.667882365354593
LC_dv21_Tlc4p0_TTC04_CP5_S6p267_E16p267.mp4,CP5,0.625,12,4.0,2.8,16.333333333333332,21.0,22.095031133463976,30.683,24.988,0.7279999999999995,-0.8933333333333326,0.9830904593602893,12.85588979064165,1.6945099001083666,12.190046752612716
LC_dv21_Tlc4p0_TTC06_CP1_S5p067_E15p067.mp4,CP1,0.0,12,6.0,6.0,35.0,21.0,40.654669191119666,30.683,24.991,1.6480000000000004,-0.003333333333334447,0.06628548183858271,8.52952508073967,0.5758227877329712,8.23122479842435
LC_dv21_Tlc4p0_TTC06_CP3_S5p667_E15p667.mp4,CP3,0.125,12,6.0,5.4,31.5,21.0,37.21510921504093,30.683,24.988,1.2150000000000005,-0.8533333333333312,0.9343622237825722,9.098658716912578,0.6568019751861237,8.760012331825365
LC_dv21_Tlc4p0_TTC06_CP5_S6p267_E16p267.mp4,CP5,0.3333333333333333,12,6.0,4.8,28.0,21.0,33.771037933388115,30.683,24.988,0.74,-0.8933333333333326,0.9825751718430129,9.747561835206008,0.7632723122703163,9.359918417902906
LC_dv21_Tlc4p0_TTC07_CP1_S5p033_E15p033.mp4,CP1,0.0384615384615384,13,7.0,7.0,40.83333333333333,21.0,46.90474635650842,30.683,24.991,1.6520000000000008,-0.0033333333333285253,0.06576692324313017,7.6618121214921295,0.4711500306587218,7.420257782764004
LC_dv21_Tlc4p0_TTC07_CP2_S5p333_E15p333.mp4,CP2,0.0769230769230769,13,7.0,6.7,39.083333333333336,21.0,45.18319354943406,30.683,24.987,1.5020000000000004,-0.5000000000000012,0.5590199287179077,7.8848941052379224,0.4967422560497742,7.629303373734824
LC_dv21_Tlc4p0_TTC07_CP4_S5p933_E15p933.mp4,CP4,0.2307692307692307,13,7.0,6.1,35.58333333333333,21.0,41.74420356189065,30.683,24.988,1.034999999999999,-0.7866666666666718,0.9317416850449286,8.366249330045857,0.5549950211904644,8.07906786245771
LC_dv28_Tlc2p0_TTC02_CP1_S5p067_E15p067.mp4,CP1,0.0576923076923076,26,2.0,2.0,15.555555555555555,28.0,20.998507603795975,32.626,24.991,1.6340000000000001,-0.003333333333334447,0.06812539860546084,15.845612381937558,4.4610972034479275,14.955117969483101
LC_dv28_Tlc2p0_TTC02_CP2_S5p367_E15p367.mp4,CP2,0.7307692307692307,13,2.0,1.7,13.22222222222222,28.0,18.67722196132198,32.626,24.978,1.2369999999999999,-1.3233333333333341,0.9981992703970146,17.051521779949542,6.964612080375205,16.02472153599594
LC_dv28_Tlc2p0_TTC02_CP3_S5p667_E15p667.mp4,CP3,0.9230769230769232,13,2.0,1.4,10.888888888888888,28.0,16.359946911772045,32.626,24.981,0.7739999999999998,-1.7100000000000026,0.9999973241348752,18.411003633685922,15.503361032341859,17.219666888577084
LC_dv28_Tlc2p0_TTC02_CP4_S5p967_E15p967.mp4,CP4,0.9615384615384616,13,2.0,1.1,8.555555555555555,28.0,14.03755078747916,32.626,24.983,0.2949999999999997,-1.5966666666666671,0.999998640030944,20.01302698384632,inf,18.613224607006728
LC_dv28_Tlc2p0_TTC02_CP5_S6p267_E16p267.mp4,CP5,0.9615384615384616,13,2.0,0.8,6.222222222222222,28.0,11.723233143382839,32.626,24.986,-0.1999999999999995,-1.8300000000000014,0.999999998160105,21.909372308650706,inf,20.242769203575715
LC_dv28_Tlc2p0_TTC03_CP1_S5p067_E15p067.mp4,CP1,0.0384615384615384,26,3.0,3.0,23.33333333333333,28.0,28.77750791396038,32.626,24.991,1.6389999999999991,-0.006666666666671854,0.06879198247347547,12.86589457063621,2.0364434154527493,12.272549800214044
LC_dv28_Tlc2p0_TTC03_CP2_S5p367_E15p367.mp4,CP2,0.5384615384615384,13,3.0,2.7,21.0,28.0,26.456229973805357,32.626,24.977,1.251000000000001,-1.2933333333333272,0.9974924370673178,13.651149645527106,2.442434566588325,12.985041277383141
LC_dv28_Tlc2p0_TTC03_CP3_S5p667_E15p667.mp4,CP3,0.5,13,3.0,2.4,18.666666666666664,28.0,24.133957876721187,32.626,24.98,0.7929999999999999,-1.690000000000002,0.9999961019290455,14.510825714307398,3.0265878535725803,13.760485520293638
LC_dv28_Tlc2p0_TTC03_CP4_S5p967_E15p967.mp4,CP4,0.6923076923076923,13,3.0,2.1,16.333333333333332,28.0,21.810560230095188,32.626,24.983,0.3109999999999997,-1.6066666666666674,0.9999987309844237,15.486560720312202,3.9805771379161903,14.634880635824715
LC_dv28_Tlc2p0_TTC03_CP5_S6p267_E16p267.mp4,CP5,0.6538461538461539,13,3.0,1.8,14.0,28.0,19.48624020205522,32.626,24.986,-0.18600000000000017,-1.8400000000000016,0.9999999983319441,16.603452772634267,5.818062697245354,15.628363787156752
LC_dv28_Tlc2p0_TTC04_CP1_S5p067_E15p067.mp4,CP1,0.0769230769230769,26,4.0,4.0,31.11111111111111,28.0,36.52751124396314,32.477,24.991,1.6449999999999994,-0.003333333333334447,0.06667647449733112,10.704623953099635,1.2615124514598506,10.287015768551496
LC_dv28_Tlc2p0_TTC04_CP2_S5p367_E15p367.mp4,CP2,0.3846153846153846,13,4.0,3.7,28.77777777777778,28.0,34.20722679690278,32.626,24.977,1.2490000000000003,-1.3199999999999967,0.998066971730018,11.387289994505544,1.482829693776261,10.92001148957619
LC_dv28_Tlc2p0_TTC04_CP3_S5p667_E15p667.mp4,CP3,0.2692307692307692,13,4.0,3.4,26.444444444444443,28.0,31.88394991226385,32.626,24.98,0.7850000000000008,-1.7099999999999969,0.9999971791925669,11.97956556024279,1.67915568158931,11.463516198508827
LC_dv28_Tlc2p0_TTC04_CP4_S5p967_E15p967.mp4,CP4,0.4615384615384615,13,4.0,3.1,24.11111111111111,28.0,29.560555398691623,32.626,24.983,0.30700000000000016,-1.5933333333333355,0.9999984843450851,12.636867146192982,1.9358818395810384,12.063988465438888
LC_dv28_Tlc2p0_TTC04_CP5_S6p267_E16p267.mp4,CP5,0.3846153846153846,13,4.0,2.8,21.77777777777777,28.0,27.243237319224427,32.626,24.986,-0.18799999999999994,-1.8299999999999983,0.999999998020036,13.368445369728688,2.284839721569664,12.72899429010907
LC_dv28_Tlc2p0_TTC05_CP1_S5p067_E15p067.mp4,CP1,0.0,13,5.0,5.0,38.888888888888886,28.0,44.31151180834062,32.626,24.991,1.6500000000000001,-0.0066666666666659324,0.06733209223175714,9.353520088823721,0.976550046691049,9.035920584281758
LC_dv28_Tlc2p0_TTC05_CP3_S5p667_E15p667.mp4,CP3,0.2692307692307692,13,5.0,4.4,34.22222222222222,28.0,39.66695221979433,32.626,24.98,0.791000000000001,-1.7099999999999969,0.9999970969959394,10.193792213679389,1.1603633616132765,9.817713745093375
LC_dv28_Tlc2p0_TTC05_CP5_S6p267_E16p267.mp4,CP5,0.1538461538461538,13,5.0,3.8,29.55555555555556,28.0,35.02023821660369,32.626,24.986,-0.18300000000000005,-1.8300000000000014,0.9999999979586583,11.183783882168504,1.420168452179787,10.73272713676386
LC_dv28_Tlc2p0_TTC06_CP1_S5p033_E15p033.mp4,CP1,0.0769230769230769,13,6.0,6.0,46.66666666666666,28.0,52.64758393181381,32.626,24.991,1.6559999999999995,-0.006666666666671854,0.0665459457798555,8.158322405195285,0.763348351490559,7.915650336040542
LC_dv28_Tlc2p0_TTC06_CP2_S5p333_E15p333.mp4,CP2,0.2307692307692307,13,6.0,5.7,44.333333333333336,28.0,50.3363031070942,32.626,24.977,1.3599999999999992,-0.9866666666666676,0.9613579655372053,8.465820952765796,0.8158338180824394,8.20480347432495
LC_dv28_Tlc2p0_TTC06_CP4_S5p933_E15p933.mp4,CP4,0.3846153846153846,13,6.0,5.1,39.66666666666666,28.0,45.70464119779713,32.626,24.983,0.43200000000000016,-1.5866666666666638,0.9999969403117667,9.13520928446615,0.9351965948577843,8.832022008154828
LC_dv28_Tlc3p0_TTC02_CP1_S5p033_E15p033.mp4,CP1,0.0416666666666666,24,2.0,2.0,15.555555555555555,28.0,21.46057663080491,32.626,24.991,1.6329999999999998,-0.0066666666666659324,0.06959850821849417,15.630585154601379,4.166434596921338,14.763433727279798
LC_dv28_Tlc3p0_TTC02_CP2_S5p333_E15p333.mp4,CP2,0.5416666666666666,12,2.0,1.7,13.22222222222222,28.0,19.149362010009504,32.626,24.984,1.4329999999999996,-0.6666666666666673,0.7652314182648793,16.784203677761408,6.242852688654862,15.788405470830376
LC_dv28_Tlc3p0_TTC02_CP3_S5p633_E15p633.mp4,CP3,0.7916666666666666,12,2.0,1.4,10.888888888888888,28.0,16.840205391764908,32.477,24.985,1.1259999999999992,-1.1366666666666674,0.9930060847520041,17.84451305694183,11.144854225067906,16.71346909715794
LC_dv28_Tlc3p0_TTC02_CP4_S5p933_E15p933.mp4,CP4,0.9166666666666666,12,2.0,1.1,8.555555555555555,28.0,14.526919083794837,32.626,24.986,0.8109999999999997,-1.0499999999999985,0.9940167607914941,19.642353356937896,512.7419145605405,18.292174847442382
LC_dv28_Tlc3p0_TTC02_CP5_S6p233_E16p233.mp4,CP5,1.0,12,2.0,0.8,6.222222222222222,28.0,12.21769276994132,32.626,24.987,0.49199999999999977,-1.0633333333333332,0.99798470429574,21.46870450417512,inf,19.866016597176095
LC_dv28_Tlc3p0_TTC03_CP1_S5p067_E15p067.mp4,CP1,0.0,24,3.0,3.0,23.33333333333333,28.0,28.778507658544854,32.626,24.991,1.6389999999999991,-0.006666666666671854,0.06879198247347547,12.865583641891806,2.0363011775523856,12.272266888462978
LC_dv28_Tlc3p0_TTC03_CP2_S5p367_E15p367.mp4,CP2,0.4166666666666667,12,3.0,2.7,21.0,28.0,26.476318947177983,32.626,24.984,1.3719999999999997,-0.8899999999999982,0.9280767884615826,13.633933019510732,2.4324646927899582,12.969462872501227
LC_dv28_Tlc3p0_TTC03_CP3_S5p667_E15p667.mp4,CP3,0.6666666666666666,12,3.0,2.4,18.666666666666664,28.0,24.167160067855242,32.626,24.985,1.0670000000000008,-1.126666666666667,0.9935563521312816,14.489484970476305,3.0107218007651197,13.741293272409223
LC_dv28_Tlc3p0_TTC03_CP4_S5p967_E15p967.mp4,CP4,0.8333333333333334,12,3.0,2.1,16.333333333333332,28.0,21.862875567626492,32.626,24.986,0.7499999999999998,-1.0566666666666702,0.9952697590284613,15.45741196942952,3.947692576864221,14.608847090534374
LC_dv28_Tlc3p0_TTC03_CP5_S6p267_E16p267.mp4,CP5,0.8333333333333334,12,3.0,1.8,14.0,28.0,19.554689798720855,32.626,24.987,0.4250000000000005,-1.2033333333333327,0.9996209779324361,16.565926372023124,5.73710974415675,15.595111251966122
LC_dv28_Tlc3p0_TTC04_CP1_S5p067_E15p067.mp4,CP1,0.0208333333333333,24,4.0,4.0,31.11111111111111,28.0,36.55951123579152,32.623,24.991,1.6449999999999994,-0.003333333333334447,0.06667647449733112,10.826136496403004,1.317963443450051,10.402846609732425
LC_dv28_Tlc3p0_TTC04_CP2_S5p367_E15p367.mp4,CP2,0.2083333333333333,12,4.0,3.7,28.77777777777778,28.0,34.247318891946726,32.626,24.984,1.378,-0.8899999999999982,0.927242239074523,11.37044649708358,1.4765922187930614,10.904521038490035
LC_dv28_Tlc3p0_TTC04_CP3_S5p667_E15p667.mp4,CP3,0.4166666666666667,12,4.0,3.4,26.444444444444443,28.0,31.938158705288963,32.626,24.985,1.0680000000000003,-1.1433333333333362,0.9943994821688934,11.959369232970413,1.671275849297726,11.445021063673106
LC_dv28_Tlc3p0_TTC04_CP4_S5p967_E15p967.mp4,CP4,0.4583333333333333,12,4.0,3.1,24.11111111111111,28.0,29.629873346031893,32.623,24.986,0.7509999999999992,-1.0566666666666702,0.9952558394504715,12.609152541341931,1.923242635778634,12.038627044228251
LC_dv28_Tlc3p0_TTC04_CP5_S6p267_E16p267.mp4,CP5,0.6666666666666666,12,4.0,2.8,21.77777777777777,28.0,27.315691338990423,32.626,24.987,0.4310000000000007,-1.1866666666666634,0.9995353684853555,13.342767296418446,2.2711809391298825,12.705711838440369
LC_dv28_Tlc3p0_TTC06_CP1_S5p033_E15p033.mp4,CP1,0.0,12,6.0,6.0,46.66666666666666,28.0,52.63558393504942,32.626,24.991,1.6559999999999995,-0.006666666666671854,0.0665459457798555,8.159823351244139,0.7635883315171572,7.917063310072428
LC_dv28_Tlc3p0_TTC06_CP3_S5p633_E15p633.mp4,CP3,0.0833333333333333,12,6.0,5.4,42.0,28.0,48.0212474317734,32.477,24.985,1.1929999999999994,-1.0933333333333344,0.9880454208558319,8.68324525209388,0.83280886485135,8.406422697600188
LC_dv28_Tlc3p0_TTC06_CP5_S6p233_E16p233.mp4,CP5,0.2083333333333333,12,6.0,4.8,37.33333333333333,28.0,43.39772537229348,32.626,24.987,0.5499999999999996,-1.0933333333333344,0.9981817282233968,9.509010571261967,1.008587835257493,9.180949093278441
LC_dv28_Tlc3p0_TTC07_CP1_S5p067_E15p067.mp4,CP1,0.0416666666666666,12,7.0,7.0,54.44444444444444,28.0,59.9025174239184,32.626,24.991,1.6620000000000006,-0.003333333333334447,0.06448428486105212,7.34184893830717,0.6414657787763983,7.144732101520458
LC_dv28_Tlc3p0_TTC07_CP2_S5p367_E15p367.mp4,CP2,0.0,12,7.0,6.7,52.11111111111112,28.0,57.58932508011487,32.626,24.984,1.3950000000000011,-0.8899999999999982,0.9248374121597888,7.586996988755634,0.6772238756867284,7.376685260043095
LC_dv28_Tlc3p0_TTC07_CP4_S5p967_E15p967.mp4,CP4,0.2083333333333333,12,7.0,6.1,47.44444444444444,28.0,52.97187953432021,32.623,24.986,0.7680000000000005,-1.0566666666666644,0.9950135522485216,8.118682257985986,0.7573555573393593,7.878285042110437
LC_dv28_Tlc4p0_TTC02_CP1_S5p067_E15p067.mp4,CP1,0.0,24,2.0,2.0,15.555555555555555,28.0,21.029506063902186,32.626,24.991,1.6340000000000001,-0.003333333333334447,0.06812539860546084,15.83100205664661,4.440031316335495,14.94210297404089
LC_dv28_Tlc4p0_TTC02_CP2_S5p367_E15p367.mp4,CP2,0.6666666666666666,12,2.0,1.7,13.22222222222222,28.0,18.725362606574368,32.626,24.987,1.4320000000000002,-0.6733333333333332,0.7716961802889222,17.00487885127739,6.854951797324085,15.983520128814236
LC_dv28_Tlc4p0_TTC02_CP3_S5p667_E15p667.mp4,CP3,0.7916666666666666,12,2.0,1.4,10.888888888888888,28.0,16.41925913747653,32.477,24.988,1.1990000000000005,-0.8600000000000001,0.938881822275994,18.094590044553147,13.351952623185916,16.932654654182947
LC_dv28_Tlc4p0_TTC02_CP4_S5p967_E15p967.mp4,CP4,0.9166666666666666,12,2.0,1.1,8.555555555555555,28.0,14.114033035138407,32.626,24.977,0.9689999999999992,-0.766666666666671,0.9325361882255854,19.974344546323923,inf,18.579759653604572
LC_dv28_Tlc4p0_TTC02_CP5_S6p267_E16p267.mp4,CP5,0.9166666666666666,12,2.0,0.8,6.222222222222222,28.0,11.813915396744694,32.626,24.988,0.7279999999999995,-0.8800000000000008,0.9813204598217244,21.820435765490558,inf,20.166825050287258
LC_dv28_Tlc4p0_TTC03_CP1_S5p033_E15p033.mp4,CP1,0.0,24,3.0,3.0,23.33333333333333,28.0,29.24957893681164,32.623,24.991,1.639,-0.0066666666666659324,0.06879198247347298,12.717478505337048,1.9694712788650277,12.137333577681778
LC_dv28_Tlc4p0_TTC03_CP2_S5p333_E15p333.mp4,CP2,0.375,12,3.0,2.7,21.0,28.0,26.945403370713898,32.477,24.976,1.4919999999999989,-0.49000000000000377,0.5510374230668955,13.310298070599782,2.2301887511630962,12.670714825179482
LC_dv28_Tlc4p0_TTC03_CP3_S5p633_E15p633.mp4,CP3,0.5,12,3.0,2.4,18.666666666666664,28.0,24.635302681527815,32.626,24.987,1.2610000000000008,-0.8399999999999993,0.9225191252157893,14.303940631695509,2.8699873901074118,13.574305645599944
LC_dv28_Tlc4p0_TTC03_CP4_S5p933_E15p933.mp4,CP4,0.6666666666666666,12,3.0,2.1,16.333333333333332,28.0,22.33007073212557,32.477,24.988,1.0250000000000001,-0.7866666666666688,0.9330618737386368,15.043687395632706,3.5004759585438667,14.231753107704884
LC_dv28_Tlc4p0_TTC03_CP5_S6p233_E16p233.mp4,CP5,0.7916666666666666,12,3.0,1.8,14.0,28.0,20.023902228303097,32.626,24.988,0.7879999999999991,-0.7900000000000034,0.9598099465153931,16.325385615803853,5.250186342625582,15.381755731550525
LC_dv28_Tlc4p0_TTC04_CP1_S5p067_E15p067.mp4,CP1,0.0,24,4.0,4.0,31.11111111111111,28.0,36.50951022726008,32.626,24.991,1.6449999999999994,-0.003333333333334447,0.06667647449733112,10.839816303743824,1.3221710167077105,10.415551954476877
LC_dv28_Tlc4p0_TTC04_CP2_S5p367_E15p367.mp4,CP2,0.2916666666666667,12,4.0,3.7,28.77777777777778,28.0,34.20336913179472,32.626,24.976,1.4470000000000007,-0.6599999999999955,0.7545534039309789,11.38924439908503,1.483582739057998,10.921808774130506
LC_dv28_Tlc4p0_TTC04_CP3_S5p667_E15p667.mp4,CP3,0.4583333333333333,12,4.0,3.4,26.444444444444443,28.0,31.89926597999701,32.626,24.988,1.214000000000001,-0.8466666666666622,0.9318746013945377,11.966467819469033,1.67340238129996,11.451522022806063
LC_dv28_Tlc4p0_TTC04_CP4_S5p967_E15p967.mp4,CP4,0.4583333333333333,12,4.0,3.1,24.11111111111111,28.0,29.589033767605617,32.626,24.988,0.9770000000000001,-0.7900000000000034,0.9403330754400755,12.622092514179108,1.9290692983234385,12.050522339257942
LC_dv28_Tlc4p0_TTC04_CP5_S6p267_E16p267.mp4,CP5,0.625,12,4.0,2.8,21.77777777777777,28.0,27.282915311090612,32.623,24.988,0.7349999999999992,-0.89666666666667,0.9832172263274955,13.348884559307466,2.273896479467381,12.711147108673147
LC_dv28_Tlc4p0_TTC05_CP1_S5p067_E15p067.mp4,CP1,0.0,12,5.0,5.0,38.888888888888886,28.0,44.31651027692361,32.626,24.991,1.6500000000000001,-0.0066666666666659324,0.06733209223175714,9.352698506065234,0.9763865288427789,9.035153845808185
LC_dv28_Tlc4p0_TTC05_CP2_S5p367_E15p367.mp4,CP2,0.25,12,5.0,4.7,36.55555555555556,28.0,42.012368808896085,32.626,24.987,1.4489999999999996,-0.6700000000000017,0.7633659258264385,9.750344959442842,1.059317061120578,9.405721816769486
LC_dv28_Tlc4p0_TTC05_CP4_S5p967_E15p967.mp4,CP4,0.375,12,5.0,4.1,31.88888888888889,28.0,37.4020352703329,32.477,24.988,0.978999999999999,-0.7900000000000034,0.9400930928972294,10.520542617756718,1.214855852862696,10.116902892297194
LC_dv28_Tlc4p0_TTC07_CP1_S5p067_E15p067.mp4,CP1,0.0416666666666666,12,7.0,7.0,54.44444444444444,28.0,59.88251615242129,32.626,24.991,1.6620000000000006,-0.003333333333334447,0.06448428486105212,7.343875177297222,0.641748271794166,7.146650984361821
LC_dv28_Tlc4p0_TTC07_CP3_S5p667_E15p667.mp4,CP3,0.0833333333333333,12,7.0,6.4,49.77777777777778,28.0,55.27226922296708,32.477,24.988,1.227000000000001,-0.8600000000000001,0.935388332463109,7.755713376532841,0.6847453459044821,7.534117179931126
LC_dv28_Tlc4p0_TTC07_CP5_S6p267_E16p267.mp4,CP5,0.25,12,7.0,5.8,45.11111111111111,28.0,50.66692166505839,32.626,24.988,0.7520000000000004,-0.8833333333333323,0.9806647860250347,8.415433734310403,0.8058119042854347,8.157466739769172
LC_dv35_Tlc2p0_TTC02_CP1_S5p033_E15p033.mp4,CP1,0.0,21,2.0,2.0,19.444444444444443,35.0,25.255433383843336,34.566,24.991,1.6360000000000008,-0.0066666666666659324,0.06919433995083918,16.638340842776923,5.179442690759363,15.760450284504888
LC_dv35_Tlc2p0_TTC02_CP2_S5p333_E15p333.mp4,CP2,0.6363636363636364,11,2.0,1.7,16.527777777777775,35.0,22.359475112104587,34.569,24.976,1.339000000000001,-0.9899999999999991,0.9639098953833413,18.137156513221246,7.750866234776089,17.09908239329456
LC_dv35_Tlc2p0_TTC02_CP3_S5p633_E15p633.mp4,CP3,0.8,10,2.0,1.4,13.611111111111107,35.0,19.458921645756593,34.569,24.979,0.8960000000000006,-1.6433333333333315,0.9999880663507497,19.87995810876257,15.13169978048302,18.639623240307458
LC_dv35_Tlc2p0_TTC02_CP4_S5p933_E15p933.mp4,CP4,0.8636363636363636,11,2.0,1.1,10.694444444444445,35.0,16.55776721271466,34.569,24.982,0.4179999999999999,-1.5933333333333355,0.9999974001604599,21.993781988442855,326.4629853341956,20.485660768503053
LC_dv35_Tlc2p0_TTC02_CP5_S6p233_E16p233.mp4,CP5,0.9,10,2.0,0.8,7.777777777777778,35.0,13.651214672248265,34.569,24.985,-0.0750000000000004,-1.6433333333333344,0.9999999035541652,24.61608524858537,inf,22.74222061926068
LC_dv35_Tlc2p0_TTC03_CP1_S5p067_E15p067.mp4,CP1,0.0238095238095238,21,3.0,3.0,29.166666666666664,35.0,34.389707068916906,34.419,24.991,1.6430000000000005,-0.0066666666666659324,0.06825831495507322,13.108631170782038,2.4511532108407703,12.553022338947565
LC_dv35_Tlc2p0_TTC03_CP2_S5p367_E15p367.mp4,CP2,0.6363636363636364,11,3.0,2.7,26.25,35.0,31.48610626101617,34.569,24.977,1.2539999999999993,-1.2966666666666704,0.9975469194209788,14.201137160020238,3.0538308216166827,13.556724235626346
LC_dv35_Tlc2p0_TTC03_CP3_S5p667_E15p667.mp4,CP3,0.3,10,3.0,2.4,23.33333333333333,35.0,28.580074052565344,34.569,24.981,0.7890000000000004,-1.7200000000000002,0.9999975103330181,15.24827743338915,3.779361299835586,14.507805068572777
LC_dv35_Tlc2p0_TTC03_CP4_S5p967_E15p967.mp4,CP4,0.6363636363636364,11,3.0,2.1,20.416666666666664,35.0,25.67947143134411,34.419,24.983,0.30899999999999994,-1.6000000000000014,0.9999986129158244,16.25370725250719,4.729291242310943,15.408106797344868
LC_dv35_Tlc2p0_TTC03_CP5_S6p267_E16p267.mp4,CP5,0.75,10,3.0,1.8,17.5,35.0,22.77132235958612,34.569,24.986,-0.17799999999999927,-1.806666666666663,0.9999999967826697,17.890883042925733,7.22155026172484,16.880022695590952
LC_dv35_Tlc2p0_TTC04_CP1_S5p067_E15p067.mp4,CP1,0.0,21,4.0,4.0,38.888888888888886,35.0,45.23671001301592,34.569,24.991,1.6510000000000005,-0.0066666666666659324,0.06720057157626577,10.692017229933176,1.5910889519264144,10.322585250998369
LC_dv35_Tlc2p0_TTC04_CP2_S5p367_E15p367.mp4,CP2,0.2272727272727272,11,4.0,3.7,35.97222222222222,35.0,42.338115593166705,34.569,24.977,1.2700000000000002,-1.270000000000001,0.99669781652087,11.28935557528297,1.7750820656213495,10.878285408563437
LC_dv35_Tlc2p0_TTC04_CP3_S5p667_E15p667.mp4,CP3,0.2,10,4.0,3.4,33.05555555555555,35.0,39.436853047986354,34.569,24.98,0.804,-1.7166666666666657,0.9999971926735736,11.941109501440968,1.9973392133556072,11.482170434856299
LC_dv35_Tlc2p0_TTC04_CP4_S5p967_E15p967.mp4,CP4,0.5454545454545454,11,4.0,3.1,30.13888888888889,35.0,36.53547840316218,34.569,24.983,0.3229999999999993,-1.603333333333336,0.9999985852823381,12.6727576192336,2.283642601429406,12.157070342662092
LC_dv35_Tlc2p0_TTC04_CP5_S6p267_E16p267.mp4,CP5,0.2,10,4.0,2.8,27.22222222222221,35.0,33.62817507940254,34.569,24.986,-0.17500000000000004,-1.8399999999999987,0.9999999982155765,13.501724049759584,2.6672365682146513,12.917918619921632
LC_dv35_Tlc2p0_TTC05_CP1_S5p033_E15p033.mp4,CP1,0.0454545454545454,11,5.0,5.0,48.61111111111111,35.0,54.444442191460084,34.569,24.991,1.6569999999999998,-0.0066666666666659324,0.06641561494934686,9.17953771409086,1.2059235658559706,8.90589448048882
LC_dv35_Tlc2p0_TTC05_CP2_S5p333_E15p333.mp4,CP2,0.3181818181818182,11,5.0,4.7,45.69444444444444,35.0,51.54948339849096,34.569,24.976,1.3609999999999995,-0.9866666666666676,0.9612732580711751,9.616460895823899,1.3099183307935902,9.3165737477147
LC_dv35_Tlc2p0_TTC05_CP4_S5p933_E15p933.mp4,CP4,0.4545454545454545,11,5.0,4.1,39.86111111111111,35.0,45.736768662305884,34.569,24.983,0.4319999999999993,-1.590000000000004,0.999997083075516,10.603456546305864,1.5670018248555255,10.240015129052708
LC_dv35_Tlc2p0_TTC07_CP1_S5p067_E15p067.mp4,CP1,0.0,10,7.0,7.0,68.05555555555554,35.0,73.25771580685908,34.569,24.991,1.6709999999999992,-0.0066666666666659324,0.06461166753689067,7.1212805331092,0.8068473403778352,6.955485355907841
LC_dv35_Tlc2p0_TTC07_CP3_S5p667_E15p667.mp4,CP3,0.0,10,7.0,6.4,62.22222222222222,35.0,67.45308484771206,34.569,24.98,0.8180000000000003,-1.7166666666666686,0.9999969982017984,7.655046196461911,0.9008579391046163,7.463799415649218
LC_dv35_Tlc2p0_TTC07_CP5_S6p267_E16p267.mp4,CP5,0.0,10,7.0,5.8,56.388888888888886,35.0,61.64532535299729,34.419,24.986,-0.15900000000000003,-1.8366666666666673,0.9999999979082266,8.1789948474788,0.9803540068504125,7.959192445045598
LC_dv35_Tlc3p0_TTC02_CP1_S5p067_E15p067.mp4,CP1,0.0,24,2.0,2.0,19.444444444444443,35.0,24.6807032586968,34.569,24.991,1.635999999999999,-0.006666666666671854,0.06919433995084183,16.9133719465041,5.544625567438258,16.00715790549273
LC_dv35_Tlc3p0_TTC02_CP2_S5p367_E15p367.mp4,CP2,0.7083333333333334,12,2.0,1.7,16.527777777777775,35.0,21.795191437001314,34.569,24.971,1.3740000000000003,-0.873333333333329,0.9205958556856881,18.465103496761422,8.581918968356112,17.390262455949564
LC_dv35_Tlc3p0_TTC02_CP3_S5p667_E15p667.mp4,CP3,0.7083333333333334,12,2.0,1.4,13.611111111111107,35.0,18.8972945495444,34.569,24.985,1.0680000000000003,-1.1166666666666696,0.9929666495958812,20.24136699922449,18.494192728134518,18.956981528070227
LC_dv35_Tlc3p0_TTC02_CP4_S5p967_E15p967.mp4,CP4,0.9166666666666666,12,2.0,1.1,10.694444444444445,35.0,16.010771822176142,34.566,24.986,0.7500000000000007,-1.0599999999999987,0.9954069640975973,22.42526008512754,inf,20.85923871909215
LC_dv35_Tlc3p0_TTC02_CP5_S6p267_E16p267.mp4,CP5,0.8333333333333334,12,2.0,0.8,7.777777777777778,35.0,13.11879803650794,34.566,24.987,0.4280000000000006,-1.1933333333333322,0.9995724949043961,25.151764548533084,inf,23.198379547943485
LC_dv35_Tlc3p0_TTC03_CP1_S5p033_E15p033.mp4,CP1,0.0,24,3.0,3.0,29.166666666666664,35.0,35.03443588675865,34.569,24.991,1.6430000000000005,-0.0066666666666659324,0.06825831495507322,13.079929748266991,2.4625775042990314,12.531289659169067
LC_dv35_Tlc3p0_TTC03_CP2_S5p333_E15p333.mp4,CP2,0.1666666666666666,12,3.0,2.7,26.25,35.0,32.15055303613526,34.569,24.984,1.4420000000000008,-0.6699999999999988,0.7655415413192528,13.970831299682406,2.9192563105034774,13.346691017360138
LC_dv35_Tlc3p0_TTC03_CP3_S5p633_E15p633.mp4,CP3,0.375,12,3.0,2.4,23.33333333333333,35.0,29.259088664830898,34.569,24.985,1.1400000000000003,-1.119999999999998,0.9916427690811422,14.982291522987813,3.575415413499184,14.266820893372381
LC_dv35_Tlc3p0_TTC03_CP4_S5p933_E15p933.mp4,CP4,0.5416666666666666,12,3.0,2.1,20.416666666666664,35.0,26.36707634958238,34.569,24.986,0.8229999999999993,-1.0566666666666702,0.9941524336336097,16.151876936094702,4.612878471835959,15.32342882773671
LC_dv35_Tlc3p0_TTC03_CP5_S6p233_E16p233.mp4,CP5,0.6666666666666666,12,3.0,1.8,17.5,35.0,23.47460071309821,34.419,24.987,0.5000000000000007,-1.0766666666666622,0.9981817282233967,17.29200290295548,6.167166847212426,16.338087187283268
LC_dv35_Tlc3p0_TTC04_CP1_S5p067_E15p067.mp4,CP1,0.0208333333333333,24,4.0,4.0,38.888888888888886,35.0,44.09070828413575,34.569,24.991,1.6500000000000001,-0.0066666666666659324,0.06733209223175714,10.915868509286456,1.6569564483792365,10.531083871128027
LC_dv35_Tlc3p0_TTC04_CP2_S5p367_E15p367.mp4,CP2,0.2083333333333333,12,4.0,3.7,35.97222222222222,35.0,41.19419415131809,34.569,24.984,1.3879999999999997,-0.8733333333333348,0.91848446493261,11.532255839596044,1.853817852973097,11.103642106771478
LC_dv35_Tlc3p0_TTC04_CP3_S5p667_E15p667.mp4,CP3,0.3333333333333333,12,4.0,3.4,33.05555555555555,35.0,38.30229685595282,34.569,24.985,1.0770000000000006,-1.1500000000000021,0.9945747147030212,12.212943780411898,2.0982230048433257,11.733291433350677
LC_dv35_Tlc3p0_TTC04_CP4_S5p967_E15p967.mp4,CP4,0.3333333333333333,12,4.0,3.1,30.13888888888889,35.0,35.404774980572,34.569,24.986,0.764,-1.0433333333333354,0.9944637763344878,12.980612834250808,2.417727913634804,12.440100696967205
LC_dv35_Tlc3p0_TTC04_CP5_S6p267_E16p267.mp4,CP5,0.4166666666666667,12,4.0,2.8,27.22222222222221,35.0,32.50779916241754,34.569,24.987,0.4380000000000004,-1.2066666666666641,0.9996167910294771,13.851086251908697,2.8521331272068946,13.237364225411971
LC_dv35_Tlc3p0_TTC05_CP1_S5p067_E15p067.mp4,CP1,0.0416666666666666,12,5.0,5.0,48.61111111111111,35.0,53.84071208181821,34.569,24.991,1.6569999999999998,-0.0066666666666659324,0.06641561494934686,9.265476211126643,1.2253731949676046,8.98676310139712
LC_dv35_Tlc3p0_TTC05_CP3_S5p667_E15p667.mp4,CP3,0.2083333333333333,12,5.0,4.4,42.77777777777778,35.0,48.04829816342075,34.569,24.985,1.0840000000000003,-1.1300000000000014,0.9934271580510342,10.184188688575196,1.4517953824278491,9.848465482116842
LC_dv35_Tlc3p0_TTC05_CP5_S6p267_E16p267.mp4,CP5,0.2916666666666667,12,5.0,3.8,36.94444444444444,35.0,42.25880258668306,34.569,24.987,0.44500000000000006,-1.1933333333333322,0.9995453314548949,11.2973977339734,1.7761331153452888,10.885752371016816
LC_dv35_Tlc3p0_TTC06_CP1_S5p067_E15p067.mp4,CP1,0.0416666666666666,12,6.0,6.0,58.33333333333333,35.0,63.506712010881145,34.569,24.991,1.6639999999999995,-0.0066666666666659324,0.06550882590497294,8.057710839540729,0.9738916425018793,7.846093374092183
LC_dv35_Tlc3p0_TTC06_CP2_S5p367_E15p367.mp4,CP2,0.0,12,6.0,5.7,55.41666666666666,35.0,60.61619639324476,34.569,24.984,1.3960000000000006,-0.8933333333333298,0.9261179979653257,8.387972740633847,1.0392504332081922,8.158899196054596
LC_dv35_Tlc3p0_TTC06_CP4_S5p967_E15p967.mp4,CP4,0.0833333333333333,12,6.0,5.1,49.58333333333333,35.0,54.831778328361175,34.569,24.986,0.7739999999999998,-1.0566666666666673,0.9949254433860201,9.128139491837446,1.1951693025622219,8.857506882585524
LC_dv35_Tlc4p0_TTC02_CP1_S5p067_E15p067.mp4,CP1,0.02,25,2.0,2.0,19.444444444444443,35.0,24.620702238296985,34.569,24.991,1.635999999999999,-0.006666666666671854,0.06919433995084183,16.94214683435812,5.585133938754805,16.032929548810163
LC_dv35_Tlc4p0_TTC02_CP2_S5p367_E15p367.mp4,CP2,0.4615384615384615,13,2.0,1.7,16.527777777777775,35.0,21.73223063854982,34.569,24.987,1.4340000000000008,-0.6733333333333273,0.7710848319713266,18.463020982157254,8.628829296865492,17.388415316484473
LC_dv35_Tlc4p0_TTC02_CP3_S5p667_E15p667.mp4,CP3,0.8333333333333334,12,2.0,1.4,13.611111111111107,35.0,18.844399518208554,34.569,24.988,1.2009999999999994,-0.8633333333333345,0.9398523550145249,20.269108590244052,18.861588554019935,18.981312098621785
LC_dv35_Tlc4p0_TTC02_CP4_S5p967_E15p967.mp4,CP4,0.8076923076923077,13,2.0,1.1,10.694444444444445,35.0,15.95091416826369,34.569,24.988,0.9640000000000011,-0.7899999999999945,0.941874646971597,22.475156974266387,inf,20.902657205774815
LC_dv35_Tlc4p0_TTC02_CP5_S6p267_E16p267.mp4,CP5,0.9583333333333334,12,2.0,0.8,7.777777777777778,35.0,13.057026527802305,34.569,24.988,0.7220000000000011,-0.8966666666666642,0.9837571984566634,25.220484655858115,inf,23.25714188131285
LC_dv35_Tlc4p0_TTC03_CP1_S5p067_E15p067.mp4,CP1,0.0,25,3.0,3.0,29.166666666666664,35.0,34.364707076344764,34.569,24.991,1.6430000000000005,-0.0066666666666659324,0.06825831495507322,13.274546604237926,2.5544239155310127,12.709811027289142
LC_dv35_Tlc4p0_TTC03_CP2_S5p367_E15p367.mp4,CP2,0.3846153846153846,13,3.0,2.7,26.25,35.0,31.47723335757527,34.569,24.987,1.4410000000000005,-0.6733333333333332,0.768937894036086,14.190087260488085,3.0472386925833046,13.54665406234687
LC_dv35_Tlc4p0_TTC03_CP3_S5p667_E15p667.mp4,CP3,0.5,12,3.0,2.4,23.33333333333333,35.0,28.58940201367907,34.569,24.988,1.2080000000000009,-0.8633333333333345,0.9390038040456546,15.23331963195279,3.7687851368715344,14.494264082066843
LC_dv35_Tlc4p0_TTC03_CP4_S5p967_E15p967.mp4,CP4,0.6538461538461539,13,3.0,2.1,20.416666666666664,35.0,25.69992231125824,34.419,24.988,0.9780000000000004,-0.7666666666666682,0.9313417350539159,16.235320557073248,4.7115421690626995,15.391582502499412
LC_dv35_Tlc4p0_TTC03_CP5_S6p267_E16p267.mp4,CP5,0.7916666666666666,12,3.0,1.8,17.5,35.0,22.80603535933838,34.569,24.988,0.7360000000000004,-0.8966666666666642,0.9831750612928226,17.867855213470726,7.177095656395019,16.859522071204825
LC_dv35_Tlc4p0_TTC04_CP1_S5p067_E15p067.mp4,CP1,0.0,25,4.0,4.0,38.888888888888886,35.0,45.23570871475829,34.569,24.991,1.6510000000000005,-0.0066666666666659324,0.06720057157626577,10.692208808493088,1.591144216623691,10.322763819268785
LC_dv35_Tlc4p0_TTC04_CP2_S5p367_E15p367.mp4,CP2,0.1538461538461538,13,4.0,3.7,35.97222222222222,35.0,42.3422349957884,34.569,24.987,1.4490000000000005,-0.6733333333333332,0.766470549142413,11.279604150345083,1.7704182784095994,10.869230911428101
LC_dv35_Tlc4p0_TTC04_CP3_S5p667_E15p667.mp4,CP3,0.0833333333333333,12,4.0,3.4,33.05555555555555,35.0,39.44913799657463,34.569,24.988,1.2160000000000009,-0.8600000000000001,0.9367788342576372,11.930238089953122,1.9922521736272374,11.472118266653885
LC_dv35_Tlc4p0_TTC04_CP4_S5p967_E15p967.mp4,CP4,0.4230769230769231,13,4.0,3.1,30.13888888888889,35.0,36.55992051740916,34.569,24.988,0.9789999999999999,-0.7900000000000034,0.9400930928972293,12.660603353587282,2.2779275177716456,12.145884691375711
LC_dv35_Tlc4p0_TTC04_CP5_S6p267_E16p267.mp4,CP5,0.5,12,4.0,2.8,27.22222222222221,35.0,33.66580927587281,34.569,24.988,0.74,-0.8833333333333323,0.981227966754402,13.487715466704719,2.6599992944679105,12.905094713899592
LC_dv35_Tlc4p0_TTC06_CP1_S5p067_E15p067.mp4,CP1,0.0416666666666666,12,6.0,6.0,58.33333333333333,35.0,63.51271226838485,34.569,24.991,1.6639999999999995,-0.0066666666666659324,0.06550882590497294,8.057058889274114,0.973767586959359,7.845475216826429
LC_dv35_Tlc4p0_TTC06_CP3_S5p667_E15p667.mp4,CP3,0.0416666666666666,12,6.0,5.4,52.5,35.0,57.72943167837867,34.569,24.987,1.2589999999999992,-0.8566666666666716,0.9298597763332355,8.740656350648823,1.1110894393763413,8.492199713411196
LC_dv35_Tlc4p0_TTC06_CP5_S6p267_E16p267.mp4,CP5,0.2083333333333333,12,6.0,4.8,46.66666666666666,35.0,51.947059151078584,34.569,24.988,0.7789999999999997,-0.9066666666666645,0.9826186186888856,9.547690490852284,1.2915832986676847,9.2520112448812
LC_dv35_Tlc4p0_TTC07_CP1_S5p067_E15p067.mp4,CP1,0.0,13,7.0,7.0,68.05555555555554,35.0,74.40471494012182,34.569,24.991,1.6719999999999995,-0.0066666666666659324,0.06448428486105157,7.025243457750089,0.7908903469335652,6.863839254094975
LC_dv35_Tlc4p0_TTC07_CP2_S5p367_E15p367.mp4,CP2,0.0,13,7.0,6.7,65.13888888888889,35.0,71.51024521984795,34.569,24.976,1.4740000000000009,-0.6599999999999955,0.7458913763955981,7.278282459972354,0.835271836817529,7.105185015859927
LC_dv35_Tlc4p0_TTC07_CP4_S5p967_E15p967.mp4,CP4,0.1923076923076923,13,7.0,6.1,59.30555555555555,35.0,65.73393276437452,34.569,24.988,1.0070000000000003,-0.7933333333333348,0.9378990930854724,7.824032378149612,0.9305565976634618,7.624358924347431
LC_dv42_Tlc2p0_TTC02_CP1_S5p033_E15p033.mp4,CP1,0.0769230769230769,26,2.0,2.0,23.33333333333333,42.0,30.2373048912209,36.512,24.991,1.6399999999999995,-0.0066666666666659324,0.06865826494608443,17.117192430668386,5.583461059375801,16.281007099686214
LC_dv42_Tlc2p0_TTC02_CP2_S5p333_E15p333.mp4,CP2,0.6923076923076923,13,2.0,1.7,19.83333333333333,42.0,26.753350375203418,36.512,24.977,1.3510000000000006,-0.9633333333333294,0.9559074972773316,18.83005337301579,7.9310125977405574,17.82306888079278
LC_dv42_Tlc2p0_TTC02_CP3_S5p633_E15p633.mp4,CP3,0.6923076923076923,13,2.0,1.4,16.333333333333332,42.0,23.275042088946137,36.512,24.98,0.8899999999999995,-1.7033333333333367,0.9999949056922037,20.87375121830401,13.534081490896208,19.643461834949214
LC_dv42_Tlc2p0_TTC02_CP4_S5p933_E15p933.mp4,CP4,0.8846153846153846,13,2.0,1.1,12.833333333333334,42.0,19.79666990871455,36.509,24.983,0.41300000000000003,-1.589999999999998,0.9999973369519305,23.408816275932285,46.10656306361501,21.87231038548462
LC_dv42_Tlc2p0_TTC02_CP5_S6p233_E16p233.mp4,CP5,0.9230769230769232,13,2.0,0.8,9.333333333333334,42.0,16.3113095387381,36.509,24.985,-0.08100000000000063,-1.646666666666669,0.9999999116056838,26.665435553037668,inf,24.689717708171788
LC_dv42_Tlc2p0_TTC03_CP1_S5p067_E15p067.mp4,CP1,0.0384615384615384,26,3.0,3.0,35.0,42.0,39.954563870890226,36.512,24.991,1.6469999999999991,-0.006666666666671854,0.06772784818573437,13.698827290494025,3.0720264904729913,13.157995909273538
LC_dv42_Tlc2p0_TTC03_CP2_S5p367_E15p367.mp4,CP2,0.5384615384615384,13,3.0,2.7,31.5,42.0,36.47328121817068,36.512,24.977,1.2580000000000007,-1.2966666666666615,0.997515919232072,14.773502358399837,3.6739054192091194,14.146428051522824
LC_dv42_Tlc2p0_TTC03_CP3_S5p667_E15p667.mp4,CP3,0.2692307692307692,13,3.0,2.4,28.0,42.0,32.987967530239615,36.512,24.98,0.7939999999999994,-1.7133333333333371,0.9999971926735736,16.005452100516845,4.546264160816896,15.272030857615526
LC_dv42_Tlc2p0_TTC03_CP4_S5p967_E15p967.mp4,CP4,0.6153846153846154,13,3.0,2.1,24.5,42.0,29.49859711594893,36.512,24.983,0.3190000000000006,-1.5833333333333293,0.9999981383843228,17.463411549871733,5.966007550205616,16.593917220472076
LC_dv42_Tlc2p0_TTC03_CP5_S6p267_E16p267.mp4,CP5,0.5,13,3.0,1.8,21.0,42.0,26.00925109360129,36.512,24.986,-0.17800000000000016,-1.8399999999999987,0.9999999982480744,19.21359200299745,8.67923150405138,18.166309109332868
LC_dv42_Tlc2p0_TTC04_CP1_S5p067_E15p067.mp4,CP1,0.0192307692307692,26,4.0,4.0,46.66666666666666,42.0,51.56256545468316,36.512,24.991,1.655,-0.009999999999997419,0.06799268213764327,11.060275887526215,1.9983014829745591,10.705019283520915
LC_dv42_Tlc2p0_TTC04_CP2_S5p367_E15p367.mp4,CP2,0.3461538461538461,13,4.0,3.7,43.16666666666666,42.0,48.08127812865839,36.512,24.978,1.2580000000000007,-1.3233333333333313,0.9980731718505068,11.749541639164608,2.2383132705499538,11.349427743120616
LC_dv42_Tlc2p0_TTC04_CP3_S5p667_E15p667.mp4,CP3,0.2692307692307692,13,4.0,3.4,39.66666666666666,42.0,44.591964302533455,36.512,24.98,0.7950000000000006,-1.7099999999999997,0.9999970409298782,12.517616931329838,2.5350210634323136,12.064490507186655
LC_dv42_Tlc2p0_TTC04_CP4_S5p967_E15p967.mp4,CP4,0.4615384615384615,13,4.0,3.1,36.16666666666666,42.0,41.106596210689844,36.512,24.983,0.3209999999999995,-1.5800000000000036,0.999998026381933,13.390952872780694,2.9215799280263623,12.87369919792437
LC_dv42_Tlc2p0_TTC04_CP5_S6p267_E16p267.mp4,CP5,0.3076923076923077,13,4.0,2.8,32.666666666666664,42.0,37.618249405780965,36.512,24.986,-0.17600000000000038,-1.8366666666666702,0.9999999981145223,14.396217065765917,3.448420618002423,13.800116038371602
LC_dv42_Tlc2p0_TTC05_CP1_S5p067_E15p067.mp4,CP1,0.0,13,5.0,5.0,58.33333333333333,42.0,62.46757071705102,36.509,24.991,1.6629999999999991,-0.01000000000000334,0.0669381262613655,9.363667826757775,1.503463449937069,9.107740441095556
LC_dv42_Tlc2p0_TTC05_CP3_S5p667_E15p667.mp4,CP3,0.0769230769230769,13,5.0,4.4,51.333333333333336,42.0,55.511978441367866,36.512,24.98,0.8159999999999996,-1.6933333333333365,0.9999958554126696,10.387454413134302,1.7898667721959438,10.073491814835181
LC_dv42_Tlc2p0_TTC05_CP5_S6p267_E16p267.mp4,CP5,0.2692307692307692,13,5.0,3.8,44.33333333333333,42.0,48.54725989937636,36.512,24.986,-0.15900000000000003,-1.8466666666666676,0.9999999982587785,11.647035727900768,2.2001181209854734,11.253755923425748
LC_dv42_Tlc2p0_TTC06_CP1_S5p067_E15p067.mp4,CP1,0.0769230769230769,13,6.0,6.0,70.0,42.0,74.93057163831838,36.512,24.991,1.6719999999999995,-0.01000000000000334,0.0657669232431335,7.969961864721728,1.1729802573311336,7.783822631567946
LC_dv42_Tlc2p0_TTC06_CP2_S5p367_E15p367.mp4,CP2,0.1923076923076923,13,6.0,5.7,66.5,42.0,71.45329045413159,36.36,24.977,1.2819999999999998,-1.299999999999999,0.9974046088101287,8.236983500668794,1.2168668492861758,8.036694140761647
LC_dv42_Tlc2p0_TTC06_CP4_S5p967_E15p967.mp4,CP4,0.3461538461538461,13,6.0,5.1,59.49999999999999,42.0,64.47960094131581,36.512,24.983,0.3369999999999995,-1.603333333333336,0.9999984843450851,9.112261554924077,1.44098123492716,8.86975333416103
LC_dv42_Tlc3p0_TTC02_CP1_S5p067_E15p067.mp4,CP1,0.0,24,2.0,2.0,23.33333333333333,42.0,28.30555924153727,36.512,24.991,1.6380000000000006,-0.009999999999997419,0.07027615797873049,18.01064281397468,6.666967254870755,17.087242652696528
LC_dv42_Tlc3p0_TTC02_CP2_S5p367_E15p367.mp4,CP2,0.4583333333333333,12,2.0,1.7,19.83333333333333,42.0,24.837371485596396,36.512,24.984,1.3759999999999992,-0.8733333333333378,0.9202967883807338,19.89024495156709,10.255221844852095,18.77004830627624
LC_dv42_Tlc3p0_TTC02_CP3_S5p667_E15p667.mp4,CP3,0.7916666666666666,12,2.0,1.4,16.333333333333332,42.0,21.361171604483307,36.512,24.985,1.0659999999999996,-1.1466666666666707,0.994590400674706,22.189165991581376,22.11453713258386,20.804075505520412
LC_dv42_Tlc3p0_TTC02_CP4_S5p967_E15p967.mp4,CP4,0.875,12,2.0,1.1,12.833333333333334,42.0,17.89191786138968,36.512,24.986,0.7520000000000004,-1.046666666666664,0.9948058096425682,25.082397838349475,inf,23.32684539035948
LC_dv42_Tlc3p0_TTC02_CP5_S6p267_E16p267.mp4,CP5,1.0,12,2.0,0.8,9.333333333333334,42.0,14.411700091767047,36.512,24.987,0.42599999999999905,-1.206666666666673,0.9996332851516281,28.85694231534936,inf,26.55748183364306
LC_dv42_Tlc3p0_TTC03_CP1_S5p067_E15p067.mp4,CP1,0.0208333333333333,24,3.0,3.0,35.0,42.0,39.969565031584914,36.509,24.991,1.6469999999999991,-0.006666666666671854,0.06772784818573437,13.691511090981257,3.0678705220043785,13.15116056454067
LC_dv42_Tlc3p0_TTC03_CP2_S5p367_E15p367.mp4,CP2,0.2083333333333333,12,3.0,2.7,31.5,42.0,36.49036841895285,36.512,24.984,1.3789999999999993,-0.8933333333333326,0.9284913009848366,14.758380147185791,3.6645732352617473,14.132561743997991
LC_dv42_Tlc3p0_TTC03_CP3_S5p667_E15p667.mp4,CP3,0.4583333333333333,12,3.0,2.4,28.0,42.0,33.0101734476757,36.512,24.985,1.0740000000000005,-1.1300000000000014,0.9936110297408024,15.988933862323043,4.533889176787035,15.256991061219612
LC_dv42_Tlc3p0_TTC03_CP4_S5p967_E15p967.mp4,CP4,0.7083333333333334,12,3.0,2.1,24.5,42.0,29.534915904966507,36.512,24.986,0.7550000000000006,-1.0633333333333332,0.9954742254283996,17.44110769373358,5.941930198302087,16.573777787740838
LC_dv42_Tlc3p0_TTC03_CP5_S6p267_E16p267.mp4,CP5,0.75,12,3.0,1.8,21.0,42.0,26.054699272204182,36.512,24.987,0.42899999999999916,-1.206666666666667,0.9996292246011834,19.186154335170905,8.625377453344111,18.141779124997875
LC_dv42_Tlc3p0_TTC04_CP1_S5p067_E15p067.mp4,CP1,0.0,24,4.0,4.0,46.66666666666666,42.0,51.60056544458041,36.512,24.991,1.655,-0.009999999999997419,0.06799268213764327,11.053306407132409,1.9960176806105479,10.698490200686773
LC_dv42_Tlc3p0_TTC04_CP2_S5p367_E15p367.mp4,CP2,0.0833333333333333,12,4.0,3.7,43.16666666666666,42.0,48.12737223403729,36.512,24.984,1.3870000000000002,-0.8933333333333326,0.9273818432199595,11.734839709221987,2.232072328486198,11.335709486147614
LC_dv42_Tlc3p0_TTC04_CP3_S5p667_E15p667.mp4,CP3,0.3333333333333333,12,4.0,3.4,39.66666666666666,42.0,44.652173376033595,36.512,24.985,1.0770000000000006,-1.1466666666666647,0.9944156175742096,12.498598447311997,2.526542173726535,12.046823034022738
LC_dv42_Tlc3p0_TTC04_CP4_S5p967_E15p967.mp4,CP4,0.4583333333333333,12,4.0,3.1,36.16666666666666,42.0,41.177915898526905,36.512,24.986,0.7590000000000001,-1.0600000000000018,0.9952836421687731,13.368443832946992,2.910550468038816,12.852894140427805
LC_dv42_Tlc3p0_TTC04_CP5_S6p267_E16p267.mp4,CP5,0.5,12,4.0,2.8,32.666666666666664,42.0,37.696705697463294,36.512,24.987,0.44199999999999906,-1.1766666666666719,0.9994616862397425,14.370573987045752,3.4336585169275016,13.776550850741902
LC_dv42_Tlc3p0_TTC06_CP1_S5p067_E15p067.mp4,CP1,0.0416666666666666,12,6.0,6.0,70.0,42.0,74.95957186321543,36.512,24.991,1.6719999999999995,-0.01000000000000334,0.0657669232431335,7.967199239087412,1.1723793467244399,7.781187520477402
LC_dv42_Tlc3p0_TTC06_CP3_S5p667_E15p667.mp4,CP3,0.0,12,6.0,5.4,63.0,42.0,67.9991786775941,36.512,24.985,1.094,-1.1466666666666647,0.9941356251246968,8.693012397230973,1.3382946975690593,8.4720355295296
LC_dv42_Tlc3p0_TTC06_CP5_S6p267_E16p267.mp4,CP5,0.0416666666666666,12,6.0,4.8,55.99999999999999,42.0,61.04870888642443,36.512,24.987,0.4539999999999995,-1.1933333333333351,0.9995303115002806,9.558393468201213,1.5555643731181599,9.291905005685573
LC_dv42_Tlc3p0_TTC07_CP1_S5p033_E15p033.mp4,CP1,0.0416666666666666,12,7.0,7.0,81.66666666666666,42.0,87.36160752668054,36.512,24.991,1.682000000000001,-0.0066666666666659324,0.06322116574236226,6.938634947145318,0.9616886864000094,6.797124657512239
LC_dv42_Tlc3p0_TTC07_CP2_S5p333_E15p333.mp4,CP2,0.0,12,7.0,6.7,78.16666666666667,42.0,83.88943056808728,36.512,24.984,1.4800000000000002,-0.6733333333333362,0.7567729333535345,7.201095654680673,1.0139774368417154,7.048794850449187
LC_dv42_Tlc3p0_TTC07_CP4_S5p933_E15p933.mp4,CP4,0.0833333333333333,12,7.0,6.1,71.16666666666666,42.0,76.92897608377399,36.512,24.986,0.8559999999999997,-1.0533333333333388,0.9933898271860861,7.785860989573289,1.1340441009006712,7.608125938131792
LC_dv42_Tlc4p0_TTC02_CP1_S5p067_E15p067.mp4,CP1,0.0625,24,2.0,2.0,23.33333333333333,42.0,28.218560428153648,36.512,24.991,1.6380000000000006,-0.009999999999997419,0.07027615797873049,18.053080589725596,6.725747562755802,17.125435822060368
LC_dv42_Tlc4p0_TTC02_CP2_S5p367_E15p367.mp4,CP2,0.4583333333333333,12,2.0,1.7,19.83333333333333,42.0,24.741415808470293,36.512,24.987,1.4399999999999993,-0.6600000000000044,0.7567729333535361,19.93990596745837,10.399074299533845,18.814266912885596
LC_dv42_Tlc4p0_TTC02_CP3_S5p667_E15p667.mp4,CP3,0.7916666666666666,12,2.0,1.4,16.333333333333332,42.0,21.280277822046244,36.512,24.988,1.2069999999999996,-0.8633333333333345,0.9391255954181246,22.239805583581127,22.69138203479529,20.848584032176156
LC_dv42_Tlc4p0_TTC02_CP4_S5p967_E15p967.mp4,CP4,0.9166666666666666,12,2.0,1.1,12.833333333333334,42.0,17.81007460314649,36.36,24.988,0.9679999999999997,-0.7966666666666663,0.943728805900176,24.800749831554377,inf,23.06966503354187
LC_dv42_Tlc4p0_TTC02_CP5_S6p267_E16p267.mp4,CP5,0.9583333333333334,12,2.0,0.8,9.333333333333334,42.0,14.337923179363411,36.512,24.988,0.7259999999999998,-0.8966666666666672,0.9835926608635548,28.944170399181512,inf,26.631344486230937
LC_dv42_Tlc4p0_TTC03_CP1_S5p067_E15p067.mp4,CP1,0.0,24,3.0,3.0,35.0,42.0,39.953564104009764,36.512,24.991,1.6469999999999991,-0.006666666666671854,0.06772784818573437,13.69910876119833,3.072168663889363,13.158255593494127
LC_dv42_Tlc4p0_TTC03_CP2_S5p367_E15p367.mp4,CP2,0.2916666666666667,12,3.0,2.7,31.5,42.0,36.47741560508578,36.512,24.987,1.4440000000000006,-0.6766666666666618,0.7710848319713277,14.758530481695347,3.6646777089342493,14.13269959911624
LC_dv42_Tlc4p0_TTC03_CP3_S5p667_E15p667.mp4,CP3,0.5,12,3.0,2.4,28.0,42.0,33.00627571291154,36.512,24.988,1.2109999999999992,-0.8633333333333345,0.9386372868532369,15.985637915907635,4.531807160950937,15.253989943630602
LC_dv42_Tlc4p0_TTC03_CP4_S5p967_E15p967.mp4,CP4,0.5,12,3.0,2.1,24.5,42.0,29.53407786032359,36.512,24.988,0.9770000000000001,-0.779999999999997,0.93665339587422,17.437689796737388,5.939250945259349,16.570691345892644
LC_dv42_Tlc4p0_TTC03_CP5_S6p267_E16p267.mp4,CP5,0.625,12,3.0,1.8,21.0,42.0,26.056927270598557,36.512,24.978,0.7380000000000002,-0.8866666666666667,0.9817771275155813,19.205638518646946,8.646458709445797,18.159198881764716
LC_dv42_Tlc4p0_TTC04_CP1_S5p067_E15p067.mp4,CP1,0.0,24,4.0,4.0,46.66666666666666,42.0,51.605565443251095,36.512,24.991,1.655,-0.009999999999997419,0.06799268213764327,11.052390024076404,1.995717568862982,10.697631703701774
LC_dv42_Tlc4p0_TTC04_CP2_S5p367_E15p367.mp4,CP2,0.2916666666666667,12,4.0,3.7,43.16666666666666,42.0,48.139421482387135,36.512,24.987,1.4529999999999992,-0.6733333333333362,0.7652314182648815,11.729771723358578,2.2297835309399217,11.330980316810175
LC_dv42_Tlc4p0_TTC04_CP3_S5p667_E15p667.mp4,CP3,0.3333333333333333,12,4.0,3.4,39.66666666666666,42.0,44.67328010868428,36.509,24.988,1.2199999999999995,-0.860000000000003,0.9362759180631313,12.487974403584484,2.521313511822413,12.036881393765517
LC_dv42_Tlc4p0_TTC04_CP4_S5p967_E15p967.mp4,CP4,0.375,12,4.0,3.1,36.16666666666666,42.0,41.195079650260396,36.512,24.988,0.9849999999999992,-0.7833333333333344,0.936904079148713,13.36161234683011,2.907099358556066,12.846579277927985
LC_dv42_Tlc4p0_TTC04_CP5_S6p267_E16p267.mp4,CP5,0.5416666666666666,12,4.0,2.8,32.666666666666664,42.0,37.72393094258715,36.36,24.988,0.7459999999999993,-0.8866666666666667,0.9814125647085615,14.195049675727116,3.31223341534015,13.610497657817684
LC_dv42_Tlc4p0_TTC05_CP1_S5p067_E15p067.mp4,CP1,0.0,12,5.0,5.0,58.33333333333333,42.0,63.262568906844486,36.512,24.991,1.6640000000000004,-0.0066666666666659324,0.06550882590497284,9.262141620696601,1.4777199308636437,9.011699785081017
LC_dv42_Tlc4p0_TTC05_CP2_S5p367_E15p367.mp4,CP2,0.0416666666666666,12,5.0,4.7,54.833333333333336,42.0,59.792423119307934,36.512,24.987,1.461,-0.6766666666666676,0.7658514375836123,9.733746025635947,1.6027254472070371,9.457531475858243
LC_dv42_Tlc4p0_TTC05_CP4_S5p967_E15p967.mp4,CP4,0.3333333333333333,12,5.0,4.1,47.83333333333333,42.0,52.838086034355655,36.512,24.988,0.9979999999999991,-0.766666666666671,0.9286290636861354,10.833239592557538,1.9255632274506571,10.492193266175107
LC_dv42_Tlc4p0_TTC07_CP1_S5p067_E15p067.mp4,CP1,0.0,12,7.0,7.0,81.66666666666666,42.0,86.62657625516233,36.512,24.991,1.6809999999999998,-0.0066666666666659324,0.06334660412577858,6.992134279925861,0.9720418946296628,6.848455981959712
LC_dv42_Tlc4p0_TTC07_CP3_S5p667_E15p667.mp4,CP3,0.0,12,7.0,6.4,74.66666666666667,42.0,79.6842869776314,36.512,24.988,1.2449999999999999,-0.8633333333333345,0.9343622237825736,7.542385322399551,1.0826834712874915,7.375473398697647
LC_dv42_Tlc4p0_TTC07_CP5_S6p267_E16p267.mp4,CP5,0.2083333333333333,12,7.0,5.8,67.66666666666666,42.0,72.73193464073861,36.512,24.988,0.7649999999999995,-0.8966666666666672,0.9819122588278748,8.186394262332067,1.2211072089938073,7.990132636923034
